farmer_id,state,district,crop_type,season,land_size_ha,soil_type,rainfall_mm,irrigation_type,loan_amount_inr,prior_loan_count,prior_default_flag,repayment_score,annual_income_inr,existing_debt_inr,default_risk
FC-000001,HR,HR-West,Mustard,Rabi,1.28,ClayLoam,296.4,Drip,94209,2,0,77.2,55103,63295,0.439
FC-000002,TG,TG-South,Cotton,Kharif,0.84,ClayLoam,1156.7,Drip,62655,3,0,95.1,55570,43213,0.2484
FC-000003,PB,PB-Majha,Rice,Kharif,1.38,ClayLoam,715.2,Canal,90256,5,0,68.1,99677,0,0.2561
FC-000004,KA,KA-Central,Sugarcane,Rabi,2.11,Alluvial,1305.2,Canal,191211,0,0,79.0,280821,6612,0.1438
FC-000005,AP,AP-Rayalaseema,Cotton,Kharif,0.88,Alluvial,1041.4,Rainfed,61423,3,0,77.1,40000,0,0.1807
FC-000006,BR,BR-South,Maize,Kharif,2.02,Sandy,1459.8,Canal,179492,2,0,51.8,57806,67801,0.7881
FC-000007,RJ,RJ-Mewar,Wheat,Rabi,1.33,Alluvial,414.1,Rainfed,87455,2,0,52.7,93512,134542,0.6117
FC-000008,MH,MH-Vidarbha,Wheat,Rabi,10.0,Red,1084.4,Tubewell,525475,1,0,97.5,434847,11001,0.1574
FC-000009,MH,MH-Western,Soybean,Kharif,1.28,Laterite,961.8,Canal,67453,4,0,69.8,40000,12115,0.3236
FC-000010,UP,UP-Eastern,Millet,Kharif,1.31,Alluvial,981.1,Canal,120160,0,0,93.5,40000,17119,0.5953
FC-000011,BR,BR-Gangetic,Rice,Kharif,3.48,Alluvial,1164.1,Rainfed,324192,0,0,91.7,181744,0,0.3449
FC-000012,UP,UP-Bundelkhand,Mustard,Rabi,0.9,Alluvial,730.6,Rainfed,60011,2,0,90.7,40000,46044,0.5338
FC-000013,BR,BR-North,Wheat,Rabi,1.38,Alluvial,983.1,Rainfed,161458,0,0,88.9,147376,5378,0.2352
FC-000014,UP,UP-Western,Sugarcane,Rabi,0.6,Alluvial,1348.0,Tubewell,61494,1,0,68.8,69321,6527,0.1957
FC-000015,MP,MP-Chambal,Mustard,Rabi,1.05,Black,1087.0,Rainfed,68381,2,0,72.7,40000,14605,0.3831
FC-000016,MH,MH-Marathwada,Soybean,Kharif,0.66,Black,1246.1,Tubewell,89888,6,0,68.5,40000,3947,0.5176
FC-000017,TN,TN-Delta,Groundnut,Rabi,0.31,Alluvial,1015.1,Rainfed,47765,4,0,88.5,40000,18743,0.3912
FC-000018,PB,PB-Doaba,Rice,Rabi,0.48,ClayLoam,566.3,Canal,43660,3,0,93.2,40000,0,0.2528
FC-000019,BR,BR-North,Wheat,Rabi,0.71,Alluvial,1065.8,Canal,76195,3,0,49.9,50894,29121,0.6238
FC-000020,PB,PB-Majha,Rice,Kharif,1.39,ClayLoam,778.2,Drip,85431,3,0,69.3,68327,41016,0.2891
FC-000021,BR,BR-Gangetic,Rice,Rabi,0.26,Red,1665.5,Canal,48534,2,0,94.3,40000,4617,0.27
FC-000022,TN,TN-South,Rice,Kharif,1.38,Laterite,980.4,Rainfed,130293,1,0,70.4,57994,66342,0.7546
FC-000023,GJ,GJ-South,Cotton,Kharif,1.35,ClayLoam,987.4,Drip,97750,2,0,59.6,116708,119246,0.2999
FC-000024,BR,BR-Gangetic,Rice,Kharif,0.29,Alluvial,1294.9,Drip,69229,2,0,90.5,40000,13098,0.3949
FC-000025,PB,PB-Doaba,Mustard,Rabi,1.51,Alluvial,696.0,Tubewell,104618,3,0,55.1,88934,87892,0.2372
FC-000026,RJ,RJ-Mewar,Wheat,Rabi,0.94,Sandy,502.2,Canal,92482,5,0,83.0,63751,7660,0.2174
FC-000027,KA,KA-South,Rice,Rabi,1.63,Red,1228.3,Rainfed,90502,1,0,76.5,115190,3011,0.1034
FC-000028,BR,BR-South,Rice,Rabi,1.25,ClayLoam,887.8,Tubewell,83887,4,0,100.0,82479,12616,0.1817
FC-000029,RJ,RJ-Shekhawati,Millet,Kharif,1.63,Alluvial,308.8,Drip,123557,3,0,68.5,40000,0,0.5677
FC-000030,MH,MH-Konkan,Soybean,Kharif,1.45,Red,984.7,Tubewell,125319,2,0,71.0,78389,8643,0.3279
FC-000031,UP,UP-Central,Wheat,Rabi,1.75,Alluvial,921.3,Drip,108079,7,0,57.0,60311,9999,0.4157
FC-000032,KA,KA-Coastal,Wheat,Rabi,4.55,Laterite,672.2,Tubewell,285388,3,0,63.2,149905,65766,0.4753
FC-000033,BR,BR-North,Rice,Kharif,1.39,ClayLoam,1307.6,Rainfed,140727,3,0,84.8,99198,0,0.2055
FC-000034,TN,TN-West,Rice,Kharif,0.86,Black,1304.4,Drip,100429,4,0,67.3,40000,0,0.4904
FC-000035,AP,AP-Upland,Maize,Rabi,4.65,Laterite,982.9,Drip,242800,2,0,48.3,204436,38228,0.2609
FC-000036,MP,MP-Mahakoshal,Soybean,Kharif,0.79,ClayLoam,676.9,Drip,65019,2,0,77.9,40000,6320,0.3939
FC-000037,RJ,RJ-Hadoti,Pulses,Kharif,2.1,Laterite,384.7,Rainfed,148670,1,0,70.6,69882,0,0.2461
FC-000038,KA,KA-Central,Rice,Kharif,0.56,Red,1080.1,Rainfed,60895,1,0,78.4,40000,0,0.2511
FC-000039,GJ,GJ-North,Groundnut,Rabi,0.58,Black,250.0,Tubewell,45045,1,0,76.3,40000,7851,0.383
FC-000040,MH,MH-Vidarbha,Soybean,Kharif,0.29,Red,1161.3,Canal,39425,2,0,100.0,40000,17874,0.3173
FC-000041,MP,MP-Malwa,Pulses,Kharif,1.87,Alluvial,1127.1,Rainfed,98314,4,0,84.9,40000,6582,0.3402
FC-000042,BR,BR-Gangetic,Rice,Rabi,1.4,Alluvial,1378.8,Rainfed,100009,3,0,85.9,90054,11840,0.2754
FC-000043,UP,UP-Bundelkhand,Sugarcane,Rabi,2.65,Alluvial,1018.3,Canal,248363,2,0,76.4,337634,21540,0.1379
FC-000044,UP,UP-Central,Wheat,Rabi,1.47,Black,1208.8,Drip,141834,4,0,66.7,52042,27833,0.546
FC-000045,GJ,GJ-Central,Maize,Kharif,1.19,Black,716.0,Drip,85600,3,1,67.1,49725,400000,0.7942
FC-000046,UP,UP-Central,Cotton,Kharif,1.11,Alluvial,773.2,Rainfed,72209,1,0,57.9,43963,17194,0.637
FC-000047,PB,PB-Majha,Wheat,Rabi,1.08,Alluvial,648.5,Tubewell,135015,1,0,66.0,82363,0,0.1704
FC-000048,TG,TG-South,Rice,Rabi,0.7,Red,834.5,Drip,66731,2,0,82.3,40000,30115,0.3398
FC-000049,UP,UP-Eastern,Wheat,Rabi,3.41,Alluvial,1127.7,Drip,196757,3,0,84.0,244578,10366,0.1068
FC-000050,BR,BR-North,Sugarcane,Kharif,1.09,Alluvial,1317.9,Rainfed,132348,2,0,31.0,266704,46158,0.299
FC-000051,KA,KA-North,Soybean,Kharif,3.25,Red,693.1,Rainfed,280211,2,1,28.7,180804,159302,0.7819
FC-000052,UP,UP-Central,Rice,Kharif,0.53,Alluvial,1061.0,Rainfed,62155,2,0,80.8,40000,44788,0.4376
FC-000053,HR,HR-East,Mustard,Rabi,4.46,Alluvial,663.2,Drip,351479,2,0,72.1,230649,30739,0.2819
FC-000054,PB,PB-Majha,Rice,Kharif,0.8,Alluvial,501.8,Rainfed,56519,3,0,80.6,40000,0,0.2915
FC-000055,TG,TG-North,Maize,Kharif,0.8,Red,1149.4,Tubewell,82106,3,0,87.6,40000,14566,0.3674
FC-000056,BR,BR-Gangetic,Cotton,Kharif,1.26,ClayLoam,951.6,Canal,114069,2,0,65.6,58442,42289,0.6674
FC-000057,UP,UP-Central,Pulses,Kharif,1.0,Alluvial,1210.1,Rainfed,67644,3,0,69.9,40000,34525,0.5273
FC-000058,MP,MP-Bundelkhand,Soybean,Kharif,0.94,Alluvial,691.3,Rainfed,92168,1,1,54.7,40000,13073,0.8355
FC-000059,RJ,RJ-Hadoti,Pulses,Rabi,0.64,Sandy,555.1,Canal,83019,2,0,66.9,40000,7574,0.5042
FC-000060,MH,MH-Marathwada,Cotton,Kharif,1.01,Black,735.0,Canal,74773,2,0,82.2,87036,2677,0.2516
FC-000061,KA,KA-Coastal,Cotton,Kharif,1.17,Black,399.5,Rainfed,75782,2,0,81.8,53133,83551,0.898
FC-000062,BR,BR-South,Rice,Rabi,0.38,ClayLoam,1127.3,Rainfed,63963,2,0,58.0,40000,0,0.5005
FC-000063,GJ,GJ-Saurashtra,Groundnut,Rabi,2.21,Sandy,904.4,Rainfed,131672,2,0,93.3,115979,18999,0.1673
FC-000064,AP,AP-Coastal,Maize,Kharif,0.81,Red,738.3,Rainfed,67050,1,0,84.4,40000,0,0.3869
FC-000065,BR,BR-Gangetic,Rice,Kharif,3.14,Alluvial,750.0,Rainfed,306837,4,0,56.3,182991,9986,0.5938
FC-000066,KA,KA-North,Cotton,Kharif,1.19,Sandy,1214.5,Canal,131730,3,0,56.2,77083,8942,0.335
FC-000067,AP,AP-Rayalaseema,Groundnut,Kharif,1.13,Alluvial,824.3,Tubewell,93344,4,0,80.3,73285,64560,0.5243
FC-000068,BR,BR-South,Wheat,Rabi,3.92,Sandy,1204.7,Rainfed,345063,0,0,75.5,225857,2935,0.2132
FC-000069,RJ,RJ-Mewar,Millet,Kharif,0.24,Alluvial,384.1,Canal,61167,2,0,80.6,40000,7531,0.4869
FC-000070,AP,AP-Rayalaseema,Cotton,Kharif,0.48,Alluvial,394.4,Tubewell,52495,3,0,64.1,40000,0,0.4954
FC-000071,TG,TG-Central,Cotton,Kharif,1.06,Red,961.5,Rainfed,116571,1,0,81.2,40000,36210,0.8839
FC-000072,RJ,RJ-Marwar,Wheat,Rabi,1.48,Sandy,295.1,Drip,84810,1,0,98.8,95061,49936,0.235
FC-000073,TN,TN-West,Groundnut,Rabi,2.22,Black,1151.6,Drip,125171,4,0,77.1,150441,105894,0.2578
FC-000074,TN,TN-West,Pulses,Rabi,0.31,Sandy,880.2,Tubewell,63023,1,0,78.5,40000,9824,0.274
FC-000075,UP,UP-Central,Cotton,Kharif,0.91,Alluvial,696.2,Rainfed,85613,2,0,100.0,40000,35649,0.6378
FC-000076,BR,BR-Gangetic,Rice,Kharif,1.19,Alluvial,1399.1,Drip,88163,1,0,81.2,61374,32841,0.3497
FC-000077,UP,UP-Bundelkhand,Sugarcane,Kharif,0.2,Alluvial,935.0,Tubewell,33005,1,0,100.0,40000,5826,0.2982
FC-000078,KA,KA-Coastal,Sugarcane,Kharif,1.07,Alluvial,961.7,Tubewell,144842,3,0,66.4,192099,77594,0.1956
FC-000079,UP,UP-Central,Mustard,Rabi,5.6,Alluvial,915.7,Rainfed,296320,2,0,92.0,183233,49993,0.1928
FC-000080,MP,MP-Malwa,Pulses,Rabi,1.48,Black,929.3,Tubewell,137362,1,0,79.0,51286,13533,0.3632
FC-000081,MP,MP-Mahakoshal,Soybean,Kharif,0.26,Black,1109.6,Rainfed,50117,6,0,78.7,40000,19021,0.2364
FC-000082,AP,AP-Upland,Rice,Rabi,0.33,ClayLoam,758.1,Canal,46552,3,0,79.7,40000,34914,0.5091
FC-000083,UP,UP-Eastern,Rice,Kharif,0.67,Black,702.3,Canal,91498,2,1,32.1,43178,31379,0.8091
FC-000084,UP,UP-Bundelkhand,Rice,Rabi,1.19,ClayLoam,688.4,Rainfed,75712,0,0,70.3,40000,22735,0.5684
FC-000085,RJ,RJ-Marwar,Mustard,Rabi,1.02,Sandy,250.0,Drip,82600,2,0,99.3,46006,34977,0.2688
FC-000086,MP,MP-Malwa,Mustard,Rabi,0.96,Alluvial,923.2,Rainfed,81867,1,0,80.1,53903,400000,0.7999
FC-000087,UP,UP-Central,Pulses,Rabi,2.61,Sandy,1236.3,Rainfed,127160,4,0,86.4,69475,36730,0.1956
FC-000088,KA,KA-Coastal,Cotton,Kharif,3.02,Black,857.1,Drip,177072,5,0,100.0,198524,41246,0.1277
FC-000089,MP,MP-Mahakoshal,Wheat,Rabi,1.63,Alluvial,680.4,Drip,136780,2,0,100.0,65193,0,0.2656
FC-000090,MH,MH-Western,Cotton,Kharif,0.78,ClayLoam,554.0,Drip,65945,5,0,79.5,57967,0,0.2925
FC-000091,GJ,GJ-North,Wheat,Rabi,1.28,Alluvial,771.7,Drip,83026,0,0,100.0,56738,0,0.213
FC-000092,AP,AP-Coastal,Sugarcane,Rabi,0.39,Alluvial,943.8,Tubewell,50446,1,0,79.1,72999,10919,0.1392
FC-000093,TN,TN-North,Rice,Kharif,0.73,Laterite,1146.4,Canal,75719,1,0,55.5,40000,176475,0.7616
FC-000094,MH,MH-Western,Cotton,Kharif,9.56,Black,1085.3,Tubewell,673064,4,0,73.3,685740,92175,0.0934
FC-000095,KA,KA-South,Wheat,Rabi,2.49,Black,542.8,Rainfed,205377,1,0,64.1,95435,0,0.6479
FC-000096,TG,TG-North,Cotton,Kharif,1.66,Black,919.4,Rainfed,196139,1,0,65.5,142317,3068,0.3786
FC-000097,AP,AP-Coastal,Sugarcane,Kharif,0.6,Alluvial,1194.3,Tubewell,128113,1,0,77.8,148053,20971,0.3055
FC-000098,TG,TG-Central,Pulses,Rabi,2.25,Black,776.7,Rainfed,172749,1,1,59.1,40000,0,0.8413
FC-000099,AP,AP-Rayalaseema,Sugarcane,Kharif,0.52,Red,670.6,Tubewell,52336,1,0,84.2,102862,21376,0.2044
FC-000100,TG,TG-North,Cotton,Kharif,3.38,Sandy,1053.3,Tubewell,283145,5,0,66.5,209062,30079,0.1811
FC-000101,UP,UP-Eastern,Wheat,Rabi,2.59,Alluvial,756.4,Drip,265382,4,0,31.2,183706,27878,0.5156
FC-000102,TG,TG-South,Maize,Rabi,2.51,Black,592.1,Rainfed,148536,1,0,47.9,84269,14165,0.5561
FC-000103,BR,BR-Gangetic,Rice,Rabi,0.7,Alluvial,1193.3,Drip,81060,0,0,71.2,40000,0,0.3094
FC-000104,HR,HR-South,Wheat,Rabi,0.54,Alluvial,465.0,Tubewell,46622,1,0,61.7,40000,32233,0.4964
FC-000105,MP,MP-Bundelkhand,Wheat,Rabi,1.26,Red,952.8,Rainfed,75087,3,0,78.6,58114,34166,0.2828
FC-000106,MP,MP-Malwa,Soybean,Kharif,1.38,Red,1078.1,Drip,130650,1,0,62.7,56094,24326,0.558
FC-000107,UP,UP-Bundelkhand,Wheat,Rabi,1.86,Red,750.0,Canal,108830,0,0,80.1,111028,32055,0.2518
FC-000108,BR,BR-North,Wheat,Rabi,1.78,Alluvial,933.3,Tubewell,180884,0,0,73.6,85603,15633,0.541
FC-000109,PB,PB-Doaba,Wheat,Rabi,4.89,Alluvial,760.7,Tubewell,342754,1,0,67.3,234082,46523,0.3708
FC-000110,UP,UP-Western,Cotton,Kharif,0.51,ClayLoam,624.2,Canal,63221,1,0,85.5,40000,0,0.3419
FC-000111,UP,UP-Central,Wheat,Rabi,1.21,Alluvial,718.5,Tubewell,64293,4,0,78.5,40000,7562,0.3492
FC-000112,TN,TN-West,Pulses,Rabi,0.3,Alluvial,1141.6,Drip,57786,3,0,75.0,40000,62884,0.667
FC-000113,MH,MH-Western,Soybean,Kharif,1.22,Black,1007.7,Tubewell,87569,2,0,100.0,51129,28244,0.2428
FC-000114,UP,UP-Eastern,Soybean,Kharif,1.4,ClayLoam,806.2,Rainfed,93222,2,0,58.8,63378,0,0.4675
FC-000115,MH,MH-Western,Soybean,Kharif,0.52,Red,1060.9,Rainfed,66545,1,0,90.2,40000,56683,0.6683
FC-000116,BR,BR-South,Mustard,Rabi,0.61,Alluvial,1052.3,Rainfed,86026,0,0,80.4,40000,28477,0.6136
FC-000117,MP,MP-Malwa,Soybean,Kharif,1.18,Alluvial,799.5,Canal,97016,1,0,85.7,40000,0,0.2712
FC-000118,RJ,RJ-Marwar,Groundnut,Kharif,2.61,Alluvial,463.6,Tubewell,135217,2,0,59.9,156532,16686,0.1965
FC-000119,KA,KA-North,Sugarcane,Rabi,0.64,ClayLoam,831.1,Canal,67264,1,1,37.1,96774,297881,0.933
FC-000120,TN,TN-South,Rice,Rabi,0.41,Red,1220.5,Canal,66534,5,0,66.4,40000,0,0.384
FC-000121,TN,TN-South,Groundnut,Rabi,2.1,Red,907.1,Tubewell,209822,1,0,80.8,126019,0,0.1108
FC-000122,AP,AP-Rayalaseema,Cotton,Kharif,1.64,Alluvial,1171.0,Rainfed,145320,0,0,88.8,121353,0,0.1804
FC-000123,MH,MH-Marathwada,Rice,Kharif,0.6,ClayLoam,832.7,Rainfed,80158,3,0,91.2,40000,226142,0.8375
FC-000124,PB,PB-Malwa,Rice,Kharif,2.98,Alluvial,617.6,Tubewell,168087,1,0,64.5,190397,2341,0.109
FC-000125,MH,MH-Marathwada,Millet,Kharif,2.19,Alluvial,1083.6,Canal,94623,1,0,93.0,40620,65703,0.7078
FC-000126,GJ,GJ-Central,Pulses,Rabi,1.48,ClayLoam,253.4,Tubewell,153901,1,0,87.7,63556,18260,0.5251
FC-000127,MH,MH-Western,Cotton,Kharif,0.89,Black,874.7,Rainfed,95312,3,0,63.4,64540,24455,0.3407
FC-000128,RJ,RJ-Hadoti,Soybean,Kharif,1.46,ClayLoam,555.9,Rainfed,101231,5,0,70.2,40000,13244,0.3935
FC-000129,TN,TN-South,Maize,Rabi,2.67,Red,575.4,Canal,174882,2,0,73.4,95287,2080,0.4696
FC-000130,RJ,RJ-Hadoti,Millet,Kharif,0.54,Alluvial,250.0,Rainfed,46485,1,0,70.2,40000,4257,0.3704
FC-000131,AP,AP-Upland,Pulses,Rabi,2.07,Red,874.8,Canal,183717,3,0,45.2,50649,10825,0.6983
FC-000132,UP,UP-Central,Sugarcane,Rabi,1.91,Alluvial,870.7,Tubewell,238468,4,0,97.4,245101,51153,0.1622
FC-000133,RJ,RJ-Marwar,Wheat,Rabi,3.27,Sandy,466.1,Tubewell,202198,3,0,98.9,172923,11635,0.1797
FC-000134,MH,MH-Western,Wheat,Rabi,0.92,Laterite,978.9,Canal,120234,6,0,79.6,66341,30826,0.423
FC-000135,MH,MH-Konkan,Cotton,Kharif,0.77,Black,818.3,Tubewell,108162,2,0,80.6,76561,0,0.3724
FC-000136,RJ,RJ-Hadoti,Groundnut,Rabi,5.29,Alluvial,376.9,Rainfed,452620,2,0,83.8,274498,16697,0.499
FC-000137,GJ,GJ-South,Millet,Kharif,0.57,ClayLoam,1220.6,Drip,55721,4,0,58.5,40000,0,0.3905
FC-000138,UP,UP-Bundelkhand,Mustard,Rabi,2.45,ClayLoam,1011.2,Drip,215183,4,0,83.3,177360,10758,0.0964
FC-000139,GJ,GJ-Central,Cotton,Kharif,1.0,Alluvial,575.6,Canal,92994,3,1,30.2,40000,13859,0.8142
FC-000140,TN,TN-West,Sugarcane,Rabi,0.63,Red,1247.7,Rainfed,80182,3,0,69.0,111953,27061,0.3013
FC-000141,AP,AP-Coastal,Pulses,Rabi,3.98,Black,1239.4,Drip,216881,3,0,58.7,164095,3335,0.2203
FC-000142,MP,MP-Mahakoshal,Soybean,Kharif,1.27,Red,714.2,Canal,85157,2,0,77.1,40000,57536,0.799
FC-000143,MH,MH-Marathwada,Wheat,Rabi,0.38,Black,1119.0,Canal,45324,0,0,71.1,40000,3292,0.2303
FC-000144,PB,PB-Majha,Rice,Kharif,0.5,Alluvial,546.6,Rainfed,69622,3,0,71.0,40000,41787,0.6689
FC-000145,TG,TG-South,Rice,Rabi,1.33,Black,1118.3,Rainfed,122656,2,0,55.6,65176,17893,0.3553
FC-000146,AP,AP-Coastal,Cotton,Kharif,7.34,Alluvial,761.1,Canal,358912,2,0,74.9,397308,3812,0.2128
FC-000147,AP,AP-Rayalaseema,Cotton,Kharif,2.04,Alluvial,1077.8,Rainfed,189771,3,0,82.8,138108,71542,0.4163
FC-000148,TG,TG-North,Rice,Rabi,1.65,Black,1016.7,Canal,144526,2,0,76.5,110217,0,0.1828
FC-000149,BR,BR-North,Wheat,Rabi,0.96,Alluvial,1335.1,Tubewell,64107,1,0,100.0,51010,70382,0.245
FC-000150,MH,MH-Western,Soybean,Kharif,0.78,Black,782.6,Rainfed,77785,1,0,72.1,40000,0,0.4862
FC-000151,BR,BR-Gangetic,Wheat,Rabi,2.42,Alluvial,1698.8,Rainfed,162684,4,0,82.2,122309,0,0.1878
FC-000152,UP,UP-Eastern,Rice,Rabi,3.24,Alluvial,922.1,Rainfed,157317,0,0,51.4,208155,30908,0.3014
FC-000153,RJ,RJ-Mewar,Millet,Kharif,1.78,Alluvial,679.4,Drip,101869,2,0,77.5,40000,30597,0.5892
FC-000154,MP,MP-Mahakoshal,Groundnut,Rabi,1.29,Alluvial,1060.7,Canal,81410,3,0,85.7,65635,24259,0.2353
FC-000155,MP,MP-Chambal,Pulses,Rabi,1.2,Black,892.6,Canal,108476,3,0,94.1,48807,15780,0.5624
FC-000156,UP,UP-Western,Sugarcane,Rabi,0.7,Alluvial,720.9,Canal,95573,1,0,99.2,136544,19095,0.1625
FC-000157,MH,MH-Vidarbha,Pulses,Rabi,0.93,Alluvial,1178.3,Canal,69949,0,0,82.6,40000,59792,0.5706
FC-000158,HR,HR-East,Rice,Kharif,5.02,Alluvial,564.8,Tubewell,248122,3,0,100.0,322853,27754,0.115
FC-000159,HR,HR-East,Mustard,Rabi,1.06,Alluvial,375.2,Tubewell,72302,3,0,94.2,83654,21694,0.194
FC-000160,KA,KA-North,Cotton,Kharif,0.47,ClayLoam,930.1,Tubewell,79826,4,1,40.0,40000,57323,0.8811
FC-000161,GJ,GJ-Saurashtra,Groundnut,Rabi,1.54,ClayLoam,642.3,Tubewell,77486,1,0,82.3,43540,11632,0.257
FC-000162,HR,HR-East,Mustard,Rabi,2.63,Alluvial,390.2,Tubewell,212473,1,0,71.7,114873,24854,0.3867
FC-000163,MP,MP-Chambal,Soybean,Kharif,1.1,Red,813.2,Tubewell,116112,3,0,67.9,40000,0,0.6173
FC-000164,MP,MP-Bundelkhand,Millet,Kharif,1.36,Black,830.9,Canal,80514,1,0,71.0,40000,26640,0.3544
FC-000165,TN,TN-West,Wheat,Rabi,2.94,Sandy,983.9,Canal,147805,4,0,93.0,151203,7729,0.1781
FC-000166,BR,BR-Gangetic,Wheat,Rabi,2.89,Alluvial,1037.4,Rainfed,183895,3,0,95.9,182443,0,0.2342
FC-000167,HR,HR-East,Mustard,Rabi,1.21,ClayLoam,636.9,Tubewell,86118,1,0,100.0,40000,86877,0.6534
FC-000168,MP,MP-Chambal,Wheat,Rabi,4.4,Black,1167.1,Canal,254283,1,0,74.6,309362,23215,0.0876
FC-000169,BR,BR-Gangetic,Rice,Kharif,0.73,Alluvial,1268.1,Canal,65077,3,0,80.8,40000,78773,0.7124
FC-000170,MH,MH-Western,Cotton,Kharif,0.68,Red,599.1,Canal,55034,2,0,69.1,40000,29580,0.6046
FC-000171,PB,PB-Malwa,Rice,Kharif,0.9,ClayLoam,782.5,Rainfed,66104,1,0,86.2,51933,28150,0.369
FC-000172,AP,AP-Rayalaseema,Groundnut,Kharif,0.29,Black,967.1,Tubewell,42914,0,0,93.1,40000,0,0.1562
FC-000173,BR,BR-South,Wheat,Rabi,0.49,Alluvial,1348.3,Rainfed,40462,5,0,52.3,40000,45873,0.5927
FC-000174,MP,MP-Mahakoshal,Wheat,Rabi,1.26,Black,824.7,Tubewell,129417,5,0,75.0,66588,0,0.2272
FC-000175,KA,KA-North,Groundnut,Rabi,3.09,Black,1369.0,Canal,200797,1,0,78.6,201766,17210,0.1939
FC-000176,UP,UP-Central,Rice,Rabi,2.35,Alluvial,1049.0,Tubewell,219113,3,0,73.9,261149,58361,0.2657
FC-000177,MH,MH-Vidarbha,Maize,Rabi,1.32,Laterite,546.6,Canal,137665,2,0,45.6,62145,28869,0.6182
FC-000178,UP,UP-Western,Wheat,Rabi,0.34,Alluvial,1037.8,Rainfed,67843,1,0,79.6,40000,5350,0.3642
FC-000179,BR,BR-North,Wheat,Rabi,2.99,Alluvial,659.2,Rainfed,130404,1,0,54.1,101564,2241,0.4909
FC-000180,MP,MP-Chambal,Maize,Kharif,0.75,Alluvial,692.7,Canal,88451,0,0,76.5,40000,9306,0.6954
FC-000181,MH,MH-Marathwada,Wheat,Rabi,0.79,Black,789.9,Canal,73139,5,0,62.0,40000,51131,0.743
FC-000182,AP,AP-Rayalaseema,Maize,Rabi,1.13,Alluvial,1284.2,Rainfed,112493,3,0,72.1,40000,7971,0.5911
FC-000183,PB,PB-Malwa,Cotton,Kharif,4.75,Alluvial,695.7,Tubewell,409226,1,0,73.4,223574,30268,0.3247
FC-000184,MH,MH-Konkan,Sugarcane,Rabi,0.85,Black,1143.3,Rainfed,95796,2,0,75.3,110706,58373,0.2407
FC-000185,AP,AP-Rayalaseema,Rice,Kharif,5.46,ClayLoam,673.8,Tubewell,369992,3,0,42.1,244185,4915,0.4323
FC-000186,KA,KA-South,Maize,Kharif,2.61,ClayLoam,1558.5,Drip,144612,2,0,84.1,147678,7089,0.1872
FC-000187,GJ,GJ-South,Maize,Kharif,4.0,Alluvial,502.4,Tubewell,242050,0,0,94.9,203563,0,0.2211
FC-000188,UP,UP-Bundelkhand,Wheat,Rabi,0.92,Alluvial,819.1,Rainfed,91031,4,0,78.6,40000,6273,0.464
FC-000189,TG,TG-North,Groundnut,Kharif,1.04,Black,937.2,Canal,64841,2,0,86.5,46298,85293,0.3961
FC-000190,AP,AP-Rayalaseema,Pulses,Kharif,1.26,Red,784.7,Rainfed,123579,1,1,58.8,40000,59224,0.8869
FC-000191,TN,TN-South,Millet,Kharif,0.43,Red,990.9,Canal,53360,2,0,64.3,40000,37793,0.4789
FC-000192,MP,MP-Malwa,Wheat,Rabi,0.84,Red,924.7,Canal,56230,2,0,48.9,40000,384456,0.8822
FC-000193,HR,HR-South,Wheat,Rabi,1.28,Alluvial,489.8,Tubewell,77088,6,0,59.0,82519,39459,0.386
FC-000194,GJ,GJ-North,Wheat,Rabi,0.44,Red,768.2,Tubewell,77975,5,0,91.1,40000,4858,0.4261
FC-000195,GJ,GJ-South,Cotton,Kharif,4.89,Black,887.0,Tubewell,319348,3,0,62.0,390672,0,0.1793
FC-000196,UP,UP-Central,Rice,Kharif,0.69,Red,761.5,Rainfed,77689,5,0,70.8,40000,16430,0.5272
FC-000197,MH,MH-Vidarbha,Maize,Kharif,0.46,Alluvial,863.6,Drip,48361,1,0,70.0,40000,0,0.2303
FC-000198,RJ,RJ-Marwar,Millet,Kharif,2.07,Sandy,332.7,Rainfed,153522,1,1,68.6,51538,57875,0.8475
FC-000199,RJ,RJ-Marwar,Groundnut,Kharif,0.83,ClayLoam,393.8,Tubewell,69463,3,0,60.5,58031,4692,0.3669
FC-000200,MH,MH-Western,Pulses,Rabi,1.0,Black,850.0,Canal,73034,2,0,84.9,40000,62026,0.6248
FC-000201,RJ,RJ-Shekhawati,Mustard,Rabi,2.63,Sandy,513.1,Canal,148609,1,0,90.9,91820,3380,0.3488
FC-000202,RJ,RJ-Shekhawati,Maize,Kharif,0.88,Sandy,378.5,Canal,54325,2,0,61.5,40000,4334,0.3033
FC-000203,BR,BR-Gangetic,Rice,Kharif,1.42,Alluvial,1180.2,Rainfed,106533,4,0,97.3,78889,16877,0.2415
FC-000204,KA,KA-South,Sugarcane,Rabi,5.8,Black,706.2,Drip,508156,4,0,100.0,700000,0,0.1381
FC-000205,KA,KA-South,Rice,Rabi,0.89,Red,840.3,Canal,102114,3,0,48.0,40000,17171,0.6615
FC-000206,BR,BR-Gangetic,Rice,Kharif,0.8,Alluvial,1203.5,Canal,58286,2,0,97.2,40000,0,0.2154
FC-000207,UP,UP-Central,Sugarcane,Kharif,0.4,Alluvial,819.3,Tubewell,55770,2,0,87.2,40000,5973,0.215
FC-000208,KA,KA-North,Maize,Rabi,7.15,Red,576.2,Drip,322823,1,0,76.5,199029,18996,0.292
FC-000209,AP,AP-Upland,Groundnut,Rabi,0.66,Red,665.6,Rainfed,92290,3,1,50.8,43120,41611,0.8448
FC-000210,MP,MP-Malwa,Wheat,Rabi,1.11,ClayLoam,1261.6,Tubewell,80071,4,0,60.4,57310,17179,0.4234
FC-000211,MP,MP-Bundelkhand,Maize,Rabi,0.73,Black,801.0,Canal,61845,1,1,52.9,40000,174708,0.8929
FC-000212,RJ,RJ-Mewar,Millet,Kharif,1.62,Alluvial,356.7,Tubewell,149990,0,0,62.5,40000,19236,0.8414
FC-000213,GJ,GJ-Central,Cotton,Kharif,6.23,Black,1023.8,Canal,491436,1,0,81.6,425142,10701,0.291
FC-000214,KA,KA-South,Pulses,Kharif,1.52,Alluvial,1101.8,Canal,110072,3,0,80.2,40000,13250,0.5845
FC-000215,GJ,GJ-Central,Rice,Rabi,1.24,Sandy,626.7,Tubewell,121288,1,0,72.9,69708,22827,0.541
FC-000216,UP,UP-Western,Rice,Kharif,0.87,Alluvial,1017.6,Rainfed,57404,1,0,74.5,69420,0,0.2296
FC-000217,RJ,RJ-Marwar,Millet,Kharif,3.36,Sandy,426.4,Tubewell,176597,5,0,60.5,61938,17409,0.4574
FC-000218,TN,TN-South,Rice,Rabi,1.76,Laterite,781.6,Tubewell,116198,2,0,78.2,94474,0,0.2961
FC-000219,HR,HR-East,Wheat,Rabi,1.75,Sandy,622.6,Tubewell,96067,1,0,63.1,74215,12369,0.2577
FC-000220,MP,MP-Bundelkhand,Cotton,Kharif,1.51,Black,1203.4,Rainfed,136029,1,0,100.0,63699,0,0.3549
FC-000221,GJ,GJ-Saurashtra,Wheat,Rabi,0.32,Alluvial,1298.6,Rainfed,47042,2,0,78.4,40000,12660,0.2424
FC-000222,MP,MP-Mahakoshal,Wheat,Rabi,1.08,ClayLoam,772.5,Canal,121649,1,0,88.7,88965,11839,0.143
FC-000223,MH,MH-Western,Pulses,Rabi,0.88,Black,984.6,Rainfed,57839,3,0,43.4,44381,0,0.3731
FC-000224,KA,KA-North,Mustard,Rabi,1.17,Laterite,1586.3,Rainfed,113878,2,0,91.3,78610,37446,0.4186
FC-000225,TN,TN-North,Sugarcane,Kharif,0.69,Laterite,1669.6,Rainfed,116161,1,0,96.9,124643,0,0.2637
FC-000226,MH,MH-Western,Cotton,Kharif,0.66,Alluvial,713.3,Canal,85791,1,0,78.8,40165,0,0.3318
FC-000227,MP,MP-Mahakoshal,Maize,Rabi,2.69,Red,926.1,Canal,147591,1,0,66.4,144787,11167,0.1422
FC-000228,UP,UP-Western,Wheat,Rabi,0.57,Sandy,906.9,Rainfed,56089,2,0,87.2,40000,17130,0.3298
FC-000229,UP,UP-Central,Mustard,Rabi,1.01,Alluvial,831.3,Canal,118723,1,0,84.3,60192,27208,0.2246
FC-000230,HR,HR-South,Wheat,Rabi,1.84,Alluvial,546.3,Tubewell,145319,1,0,65.8,76836,30036,0.5208
FC-000231,TN,TN-North,Sugarcane,Rabi,2.5,Alluvial,687.8,Canal,193290,0,0,98.3,276072,27776,0.1526
FC-000232,MH,MH-Vidarbha,Pulses,Rabi,0.49,Sandy,1014.2,Tubewell,75283,2,0,76.7,40000,68072,0.7082
FC-000233,BR,BR-South,Rice,Kharif,0.36,Sandy,1172.6,Rainfed,67774,3,0,76.4,40000,2385,0.5095
FC-000234,MH,MH-Western,Sugarcane,Kharif,3.85,Red,1034.4,Drip,398479,0,0,71.8,696250,7494,0.0872
FC-000235,RJ,RJ-Hadoti,Groundnut,Kharif,1.4,Sandy,640.5,Tubewell,90736,2,0,76.4,41001,61148,0.7021
FC-000236,HR,HR-East,Mustard,Rabi,1.32,Sandy,419.5,Tubewell,104684,2,0,83.9,50984,4355,0.3379
FC-000237,KA,KA-Coastal,Maize,Rabi,1.25,Black,1087.0,Canal,110314,2,1,59.8,40000,27103,0.8598
FC-000238,GJ,GJ-South,Rice,Rabi,2.43,Black,1071.6,Canal,164302,1,0,84.4,137184,10952,0.1527
FC-000239,GJ,GJ-South,Sugarcane,Rabi,1.61,ClayLoam,853.9,Tubewell,170682,2,0,72.9,247600,8472,0.1159
FC-000240,BR,BR-South,Maize,Kharif,0.44,Black,902.4,Drip,50661,1,0,79.8,40000,8876,0.3894
FC-000241,UP,UP-Eastern,Sugarcane,Rabi,2.09,Black,637.0,Canal,169673,2,0,99.2,273292,84387,0.2262
FC-000242,UP,UP-Bundelkhand,Rice,Kharif,1.95,Alluvial,1004.1,Drip,196550,1,0,100.0,138631,0,0.1819
FC-000243,UP,UP-Western,Maize,Kharif,1.64,Alluvial,1242.2,Canal,104231,0,0,68.8,64731,54642,0.4689
FC-000244,UP,UP-Central,Wheat,Rabi,0.59,Alluvial,1065.6,Drip,89320,4,0,65.3,40180,6130,0.5705
FC-000245,RJ,RJ-Mewar,Mustard,Rabi,1.7,Sandy,405.7,Canal,90733,1,0,82.6,47804,0,0.3523
FC-000246,AP,AP-Upland,Cotton,Kharif,1.12,Red,1098.5,Tubewell,108841,3,0,62.7,74713,112056,0.5384
FC-000247,MP,MP-Mahakoshal,Maize,Kharif,1.13,ClayLoam,1118.2,Rainfed,114592,0,0,57.5,54231,0,0.3155
FC-000248,MH,MH-Western,Soybean,Kharif,0.82,Red,250.0,Drip,100313,3,0,68.7,40000,26347,0.6878
FC-000249,UP,UP-Western,Sugarcane,Kharif,1.22,ClayLoam,934.9,Tubewell,103303,6,0,75.7,135223,50194,0.1649
FC-000250,MP,MP-Bundelkhand,Wheat,Rabi,0.51,Sandy,1159.8,Rainfed,49672,4,0,76.1,40000,13173,0.3481
FC-000251,KA,KA-South,Rice,Rabi,2.11,Black,1477.7,Tubewell,165788,1,0,79.7,74216,50659,0.5512
FC-000252,TN,TN-Delta,Maize,Rabi,0.89,Red,1310.0,Rainfed,61251,2,0,57.2,40000,25439,0.5123
FC-000253,PB,PB-Doaba,Wheat,Rabi,1.16,ClayLoam,381.1,Canal,110988,3,0,89.9,70029,19975,0.2437
FC-000254,KA,KA-North,Cotton,Kharif,0.74,Laterite,599.7,Canal,83543,1,0,88.9,43638,32764,0.6599
FC-000255,TN,TN-Delta,Pulses,Rabi,4.61,Red,994.0,Drip,331322,4,0,76.4,156792,10561,0.3495
FC-000256,AP,AP-Rayalaseema,Maize,Rabi,2.01,Red,604.9,Rainfed,180987,2,0,79.6,89739,68240,0.6951
FC-000257,MP,MP-Chambal,Rice,Kharif,1.22,Red,886.3,Canal,78571,2,0,65.4,65548,2011,0.2082
FC-000258,AP,AP-Rayalaseema,Pulses,Rabi,0.28,Alluvial,900.9,Canal,41513,1,0,98.7,40000,4555,0.2159
FC-000259,UP,UP-Western,Rice,Kharif,0.67,Alluvial,1112.4,Rainfed,88142,1,0,63.0,40000,3873,0.4918
FC-000260,TN,TN-North,Rice,Kharif,1.24,Alluvial,1061.8,Rainfed,67003,2,0,76.9,56925,7286,0.2814
FC-000261,UP,UP-Eastern,Wheat,Rabi,0.89,ClayLoam,899.9,Tubewell,72290,2,0,70.7,69020,49776,0.41
FC-000262,RJ,RJ-Shekhawati,Groundnut,Rabi,5.64,Black,453.9,Tubewell,274925,0,0,91.0,414177,24237,0.082
FC-000263,UP,UP-Bundelkhand,Mustard,Rabi,2.16,Sandy,1125.1,Rainfed,125029,2,0,59.2,84242,0,0.4392
FC-000264,MP,MP-Malwa,Pulses,Rabi,1.53,Red,1139.9,Rainfed,116672,2,0,87.8,54100,214983,0.6698
FC-000265,KA,KA-Coastal,Groundnut,Rabi,1.83,Red,1128.0,Rainfed,95047,3,0,85.4,84510,15726,0.1939
FC-000266,BR,BR-Gangetic,Wheat,Rabi,0.68,Alluvial,1312.3,Drip,88941,3,0,50.2,47136,0,0.4281
FC-000267,MH,MH-Konkan,Pulses,Rabi,0.59,ClayLoam,1071.7,Tubewell,68832,3,0,96.7,40000,34825,0.3426
FC-000268,KA,KA-Central,Rice,Rabi,2.25,Red,921.3,Canal,208261,3,0,93.3,122481,16832,0.3482
FC-000269,MP,MP-Malwa,Wheat,Rabi,0.5,Red,845.8,Drip,71882,1,0,57.3,40000,2592,0.4466
FC-000270,MH,MH-Konkan,Cotton,Kharif,0.95,Black,906.9,Tubewell,97887,0,0,67.9,54385,64989,0.6567
FC-000271,AP,AP-Coastal,Maize,Rabi,4.88,Alluvial,854.4,Drip,355226,1,0,77.4,304813,0,0.1939
FC-000272,MH,MH-Vidarbha,Sugarcane,Rabi,1.67,Black,1346.7,Drip,138712,1,0,66.1,203631,0,0.2085
FC-000273,MH,MH-Vidarbha,Soybean,Kharif,1.83,Black,816.4,Drip,105225,1,1,37.9,72057,164578,0.8293
FC-000274,PB,PB-Malwa,Wheat,Rabi,1.42,Alluvial,707.6,Tubewell,146828,1,0,92.3,78034,5979,0.256
FC-000275,RJ,RJ-Shekhawati,Mustard,Rabi,3.82,Sandy,250.0,Drip,326961,2,0,77.8,185829,24546,0.3635
FC-000276,RJ,RJ-Hadoti,Groundnut,Kharif,0.28,Sandy,314.2,Rainfed,57263,2,0,100.0,40000,24312,0.6888
FC-000277,TG,TG-Central,Rice,Rabi,1.55,Red,887.3,Drip,101619,2,0,82.5,78450,61576,0.3318
FC-000278,TG,TG-Central,Rice,Rabi,0.58,Red,953.0,Canal,76567,4,0,93.2,40000,0,0.2747
FC-000279,AP,AP-Upland,Pulses,Kharif,2.48,Red,1220.8,Canal,189523,2,0,69.7,91690,19093,0.3468
FC-000280,TN,TN-West,Groundnut,Rabi,2.56,Sandy,1123.5,Canal,238772,3,0,61.8,242822,10264,0.2159
FC-000281,HR,HR-West,Rice,Kharif,1.07,Alluvial,619.1,Tubewell,84051,1,0,62.7,40000,70245,0.6034
FC-000282,RJ,RJ-Shekhawati,Pulses,Kharif,0.55,Alluvial,250.0,Rainfed,56707,1,0,59.4,40000,11589,0.5545
FC-000283,MP,MP-Chambal,Maize,Kharif,1.57,Red,991.6,Drip,128284,3,0,58.2,64185,141968,0.6919
FC-000284,UP,UP-Western,Pulses,Kharif,1.41,ClayLoam,1189.4,Drip,101585,3,0,77.4,40000,27553,0.5905
FC-000285,UP,UP-Western,Wheat,Rabi,1.47,Alluvial,1093.2,Canal,122510,0,0,55.4,85226,2921,0.397
FC-000286,UP,UP-Western,Rice,Rabi,2.23,Alluvial,801.1,Rainfed,211909,3,0,64.3,122066,15494,0.6809
FC-000287,UP,UP-Eastern,Rice,Kharif,1.23,Black,938.2,Rainfed,101308,2,0,68.7,95591,18990,0.2845
FC-000288,BR,BR-Gangetic,Rice,Kharif,0.35,Alluvial,1520.9,Tubewell,46977,4,1,60.3,40000,98052,0.867
FC-000289,BR,BR-Gangetic,Wheat,Rabi,2.33,Alluvial,1457.4,Canal,164396,1,0,77.8,112419,0,0.2065
FC-000290,PB,PB-Malwa,Wheat,Rabi,0.51,Sandy,469.1,Rainfed,49165,0,0,78.2,40000,0,0.2637
FC-000291,BR,BR-Gangetic,Pulses,Rabi,1.0,Alluvial,1459.2,Tubewell,93922,4,0,57.1,53458,50364,0.5338
FC-000292,TN,TN-North,Sugarcane,Rabi,0.93,Alluvial,1031.8,Rainfed,80917,1,0,58.2,168178,8372,0.2439
FC-000293,TG,TG-South,Cotton,Kharif,0.69,Red,1067.1,Canal,76462,2,0,80.3,40102,21414,0.5216
FC-000294,UP,UP-Bundelkhand,Wheat,Rabi,0.57,Alluvial,816.4,Tubewell,78809,2,0,63.3,40000,41881,0.6616
FC-000295,UP,UP-Central,Rice,Rabi,1.88,Sandy,772.2,Tubewell,165157,1,0,61.9,86244,0,0.4989
FC-000296,UP,UP-Eastern,Sugarcane,Rabi,1.77,Sandy,789.0,Drip,140971,3,0,63.6,265165,7155,0.1816
FC-000297,UP,UP-Bundelkhand,Maize,Kharif,0.42,ClayLoam,1038.9,Tubewell,72512,0,0,55.0,40000,11492,0.5072
FC-000298,AP,AP-Rayalaseema,Millet,Kharif,2.7,Black,637.2,Rainfed,196569,2,1,47.9,61223,83205,0.8876
FC-000299,TN,TN-North,Maize,Rabi,1.64,ClayLoam,1155.6,Drip,162582,4,0,69.0,78544,18649,0.4143
FC-000300,PB,PB-Doaba,Mustard,Rabi,0.87,Alluvial,824.1,Drip,57295,2,0,89.2,43802,0,0.2187
FC-000301,BR,BR-Gangetic,Wheat,Rabi,3.63,Alluvial,1583.6,Canal,219587,0,0,80.2,242145,43947,0.1481
FC-000302,MH,MH-Marathwada,Sugarcane,Rabi,0.35,Sandy,566.7,Rainfed,54301,1,0,67.3,44082,52115,0.8184
FC-000303,TN,TN-South,Groundnut,Rabi,1.47,Alluvial,1170.4,Canal,147746,1,0,64.9,81406,41141,0.3012
FC-000304,GJ,GJ-Saurashtra,Groundnut,Kharif,0.55,Black,705.1,Canal,48976,3,0,100.0,40000,10039,0.2536
FC-000305,MH,MH-Western,Sugarcane,Rabi,0.55,Red,1031.7,Tubewell,100715,0,0,77.4,95565,11196,0.4845
FC-000306,TN,TN-Delta,Rice,Kharif,1.3,Red,1178.0,Canal,74997,4,0,97.4,80489,33349,0.1529
FC-000307,UP,UP-Western,Sugarcane,Kharif,1.8,Alluvial,1087.8,Canal,289138,1,0,76.5,390600,0,0.2332
FC-000308,AP,AP-Coastal,Rice,Rabi,7.09,ClayLoam,1014.4,Rainfed,332867,4,0,81.5,472140,31125,0.2018
FC-000309,MP,MP-Mahakoshal,Maize,Kharif,0.48,Red,944.3,Drip,52375,3,0,95.2,40000,0,0.1467
FC-000310,MP,MP-Malwa,Wheat,Rabi,1.97,Black,906.0,Canal,107230,3,0,93.7,135412,0,0.148
FC-000311,TG,TG-South,Rice,Kharif,1.0,Black,620.8,Rainfed,72024,3,0,69.6,47778,17495,0.4854
FC-000312,BR,BR-South,Maize,Kharif,1.15,Alluvial,1083.5,Canal,112032,3,0,51.6,65976,0,0.3025
FC-000313,AP,AP-Rayalaseema,Groundnut,Rabi,0.53,Black,1189.8,Canal,70324,3,1,54.2,40000,115521,0.7878
FC-000314,GJ,GJ-South,Millet,Kharif,1.12,Sandy,1083.0,Drip,69431,1,0,95.9,40000,236187,0.7912
FC-000315,TN,TN-West,Rice,Rabi,1.21,Red,1045.4,Tubewell,72812,3,0,85.6,59889,20667,0.2548
FC-000316,GJ,GJ-Saurashtra,Groundnut,Rabi,4.18,Sandy,726.5,Tubewell,238143,0,0,74.4,186688,24013,0.2829
FC-000317,AP,AP-Upland,Rice,Rabi,1.4,Black,725.7,Rainfed,127362,2,0,86.7,40418,1265,0.9118
FC-000318,BR,BR-South,Wheat,Rabi,0.59,Alluvial,1158.6,Rainfed,62751,1,0,96.7,40000,5750,0.2556
FC-000319,BR,BR-North,Maize,Kharif,1.17,Alluvial,1189.9,Drip,85528,1,0,93.3,48045,11785,0.1321
FC-000320,HR,HR-West,Wheat,Rabi,1.39,Alluvial,273.9,Drip,82548,3,0,80.5,52948,158702,0.5355
FC-000321,GJ,GJ-North,Groundnut,Rabi,1.97,Alluvial,902.7,Rainfed,184978,4,0,53.8,153238,83160,0.4417
FC-000322,RJ,RJ-Shekhawati,Mustard,Rabi,3.91,Sandy,250.0,Canal,267512,2,0,71.1,171914,19279,0.2218
FC-000323,GJ,GJ-North,Cotton,Kharif,1.03,Black,666.6,Rainfed,123151,1,0,64.5,55818,24196,0.6156
FC-000324,RJ,RJ-Marwar,Groundnut,Kharif,1.24,Sandy,473.3,Canal,115196,2,0,83.1,95138,59349,0.3101
FC-000325,MH,MH-Western,Sugarcane,Kharif,0.22,Black,581.2,Drip,34048,3,0,67.3,40000,63265,0.5746
FC-000326,UP,UP-Eastern,Soybean,Kharif,0.91,Black,1129.7,Tubewell,105203,0,0,90.3,40000,32600,0.5934
FC-000327,TN,TN-Delta,Rice,Kharif,0.43,Red,1046.5,Canal,57027,0,0,68.0,40000,80973,0.5984
FC-000328,UP,UP-Eastern,Mustard,Rabi,1.04,Alluvial,1023.8,Canal,100265,6,0,85.3,69883,26303,0.2482
FC-000329,MP,MP-Bundelkhand,Pulses,Rabi,0.64,Black,940.2,Rainfed,61246,3,0,73.0,40000,0,0.3117
FC-000330,KA,KA-Coastal,Cotton,Kharif,0.29,Red,1829.1,Rainfed,48193,3,0,44.8,40000,11561,0.412
FC-000331,TN,TN-South,Millet,Kharif,1.02,ClayLoam,1327.2,Rainfed,98507,2,0,61.5,40000,21100,0.6356
FC-000332,KA,KA-Coastal,Groundnut,Kharif,3.35,Laterite,1077.9,Drip,280975,3,0,77.6,213855,0,0.1948
FC-000333,PB,PB-Malwa,Cotton,Kharif,0.93,Alluvial,741.0,Drip,66500,1,0,80.4,64217,27209,0.2111
FC-000334,GJ,GJ-South,Cotton,Kharif,2.92,Black,791.7,Tubewell,268017,4,0,85.0,278594,0,0.1213
FC-000335,PB,PB-Malwa,Rice,Kharif,1.21,Alluvial,611.4,Rainfed,78008,0,0,79.5,71526,21527,0.5594
FC-000336,RJ,RJ-Marwar,Cotton,Kharif,1.77,Sandy,596.2,Tubewell,114430,3,0,92.8,142629,6576,0.1345
FC-000337,HR,HR-West,Mustard,Rabi,0.76,Alluvial,564.6,Canal,77454,6,1,69.2,40000,80004,0.8112
FC-000338,MP,MP-Mahakoshal,Cotton,Kharif,0.96,Red,1195.4,Drip,116245,3,0,79.4,49118,23534,0.3699
FC-000339,TN,TN-North,Sugarcane,Rabi,1.85,Alluvial,896.3,Rainfed,217931,2,0,100.0,242363,0,0.1441
FC-000340,BR,BR-South,Rice,Rabi,1.51,Alluvial,1415.1,Drip,101671,0,0,94.6,77693,176762,0.629
FC-000341,UP,UP-Western,Sugarcane,Rabi,1.94,Alluvial,975.8,Rainfed,151213,2,0,59.7,382833,59903,0.1447
FC-000342,TN,TN-South,Millet,Kharif,2.79,Red,1371.2,Tubewell,195503,5,0,62.9,40000,9385,0.8545
FC-000343,BR,BR-Gangetic,Wheat,Rabi,4.8,ClayLoam,1472.1,Rainfed,441056,4,0,98.3,345374,33706,0.1819
FC-000344,MH,MH-Western,Soybean,Kharif,2.64,Black,945.2,Canal,124374,1,0,100.0,128435,105144,0.1965
FC-000345,UP,UP-Western,Wheat,Rabi,1.28,ClayLoam,946.1,Tubewell,86476,0,0,73.1,75996,78189,0.282
FC-000346,MP,MP-Bundelkhand,Rice,Kharif,0.55,Black,1049.8,Rainfed,46209,5,0,71.0,40000,0,0.2735
FC-000347,BR,BR-South,Wheat,Rabi,1.27,ClayLoam,981.1,Drip,129614,2,0,74.3,68904,312629,0.8171
FC-000348,UP,UP-Central,Wheat,Rabi,1.05,Sandy,826.4,Canal,79244,3,0,74.9,40000,42440,0.6635
FC-000349,KA,KA-South,Cotton,Kharif,0.92,Red,279.0,Canal,72472,1,0,50.2,99846,7416,0.4767
FC-000350,UP,UP-Eastern,Sugarcane,Rabi,0.2,Alluvial,944.5,Canal,43787,1,0,81.2,40000,23419,0.3346
FC-000351,AP,AP-Rayalaseema,Sugarcane,Rabi,0.54,Black,1068.2,Rainfed,65798,0,0,70.9,79389,138169,0.6179
FC-000352,MH,MH-Marathwada,Sugarcane,Rabi,1.59,Red,801.7,Rainfed,109891,1,0,83.0,191897,13204,0.2804
FC-000353,PB,PB-Doaba,Cotton,Kharif,0.92,Alluvial,801.9,Canal,118746,2,0,56.9,65216,22920,0.4778
FC-000354,RJ,RJ-Mewar,Millet,Kharif,2.66,Alluvial,462.2,Tubewell,154591,4,1,34.6,51569,381256,0.8457
FC-000355,KA,KA-Central,Pulses,Kharif,1.97,ClayLoam,1169.6,Drip,120344,2,0,48.7,50878,14010,0.5828
FC-000356,PB,PB-Majha,Wheat,Rabi,0.99,Alluvial,815.0,Tubewell,86617,2,0,83.4,45760,1370,0.3325
FC-000357,TN,TN-North,Soybean,Kharif,0.72,Laterite,587.8,Tubewell,95227,2,1,28.6,40000,50915,0.9251
FC-000358,MH,MH-Marathwada,Cotton,Kharif,0.51,ClayLoam,1037.2,Tubewell,65260,2,0,83.8,40000,11340,0.3119
FC-000359,MH,MH-Vidarbha,Pulses,Kharif,0.49,Black,727.9,Drip,66907,0,1,18.9,40000,142575,0.9004
FC-000360,MH,MH-Marathwada,Groundnut,Kharif,0.42,Red,877.9,Canal,70168,6,0,76.6,40000,13998,0.4222
FC-000361,HR,HR-West,Rice,Kharif,1.11,Sandy,446.2,Rainfed,78957,5,0,71.3,59113,147454,0.914
FC-000362,AP,AP-Rayalaseema,Cotton,Kharif,2.62,Alluvial,897.2,Canal,258956,2,0,56.5,155808,95834,0.3294
FC-000363,MP,MP-Bundelkhand,Wheat,Rabi,1.22,Red,1071.1,Canal,96572,1,0,80.6,78150,143217,0.5921
FC-000364,GJ,GJ-Saurashtra,Millet,Kharif,1.51,Sandy,994.5,Rainfed,76279,1,0,63.4,40000,0,0.353
FC-000365,GJ,GJ-South,Mustard,Rabi,0.86,Alluvial,305.2,Canal,76764,0,0,76.9,40000,0,0.3677
FC-000366,MH,MH-Konkan,Soybean,Kharif,0.91,Laterite,1063.4,Tubewell,108887,0,1,40.5,40000,109061,0.9237
FC-000367,TN,TN-North,Rice,Kharif,1.15,Red,1442.7,Rainfed,137382,0,0,81.1,86513,45674,0.2866
FC-000368,RJ,RJ-Mewar,Mustard,Rabi,0.6,Alluvial,268.2,Rainfed,83381,1,0,74.3,40000,20870,0.6607
FC-000369,MH,MH-Marathwada,Rice,Rabi,2.35,Black,817.6,Tubewell,173449,2,0,61.7,108548,7158,0.3879
FC-000370,GJ,GJ-Central,Rice,Rabi,0.74,Black,1382.0,Rainfed,101683,2,0,59.6,72283,20731,0.3799
FC-000371,AP,AP-Upland,Rice,Kharif,2.14,Red,991.0,Canal,185371,3,0,78.7,128332,12107,0.2685
FC-000372,TN,TN-Delta,Soybean,Kharif,4.66,Red,1118.7,Tubewell,238248,1,0,48.2,256385,18552,0.3196
FC-000373,PB,PB-Malwa,Maize,Rabi,1.36,Alluvial,937.7,Rainfed,123687,4,0,76.4,50817,3450,0.3544
FC-000374,GJ,GJ-Saurashtra,Maize,Rabi,0.94,Alluvial,668.0,Tubewell,95753,2,0,73.8,52788,0,0.3657
FC-000375,MP,MP-Malwa,Wheat,Rabi,0.86,Red,709.1,Rainfed,78826,2,1,29.0,40000,46028,0.8888
FC-000376,TG,TG-North,Maize,Kharif,1.23,Black,862.1,Canal,119712,2,0,41.9,43323,10916,0.7955
FC-000377,UP,UP-Western,Wheat,Rabi,1.71,Alluvial,999.3,Rainfed,110914,3,0,74.4,114775,3691,0.229
FC-000378,GJ,GJ-Saurashtra,Mustard,Rabi,2.39,Laterite,902.6,Canal,185530,3,0,70.1,110764,0,0.3473
FC-000379,MH,MH-Marathwada,Cotton,Kharif,0.53,Red,1084.3,Canal,43787,4,0,80.0,49276,105206,0.6487
FC-000380,UP,UP-Bundelkhand,Maize,Kharif,0.56,Black,1054.8,Rainfed,79345,2,0,80.5,40000,23713,0.5705
FC-000381,KA,KA-Central,Groundnut,Rabi,0.65,ClayLoam,963.0,Tubewell,63691,2,0,100.0,40000,16887,0.3398
FC-000382,MH,MH-Konkan,Maize,Kharif,2.41,Black,1254.0,Rainfed,132985,4,0,70.7,85654,31201,0.3658
FC-000383,MP,MP-Mahakoshal,Wheat,Rabi,4.45,Black,1033.4,Rainfed,227560,3,0,82.0,211336,147040,0.3168
FC-000384,TN,TN-North,Rice,Kharif,0.78,Laterite,750.6,Canal,79858,1,1,61.5,49172,107038,0.8806
FC-000385,RJ,RJ-Marwar,Millet,Kharif,0.69,Black,643.5,Canal,59185,4,0,91.3,40000,17033,0.2837
FC-000386,AP,AP-Upland,Groundnut,Kharif,0.9,Sandy,762.6,Rainfed,90560,2,1,62.5,41229,97494,0.8547
FC-000387,HR,HR-West,Wheat,Rabi,0.56,Red,667.8,Drip,42631,1,0,57.4,40000,0,0.2339
FC-000388,PB,PB-Malwa,Wheat,Rabi,1.84,Alluvial,700.5,Canal,163291,2,0,68.5,134867,5393,0.183
FC-000389,MH,MH-Konkan,Cotton,Kharif,0.86,Sandy,556.4,Rainfed,72317,2,0,68.9,44389,10550,0.6712
FC-000390,KA,KA-Central,Groundnut,Kharif,1.06,ClayLoam,890.4,Canal,116819,3,0,65.2,40000,12045,0.6669
FC-000391,HR,HR-South,Rice,Rabi,3.48,Alluvial,250.0,Drip,275294,4,0,79.4,266080,16347,0.3682
FC-000392,UP,UP-Eastern,Wheat,Rabi,1.21,Alluvial,1070.1,Canal,88792,3,0,74.8,40000,48321,0.5312
FC-000393,RJ,RJ-Marwar,Wheat,Rabi,0.82,Laterite,365.4,Tubewell,90446,3,0,59.7,52797,44763,0.5905
FC-000394,TN,TN-South,Rice,Kharif,0.64,Red,893.6,Drip,75819,1,0,59.9,40000,0,0.3812
FC-000395,RJ,RJ-Mewar,Groundnut,Rabi,1.18,Sandy,586.1,Tubewell,107759,4,0,59.2,106737,400000,0.7491
FC-000396,BR,BR-Gangetic,Wheat,Rabi,0.45,Black,1049.5,Drip,75845,3,0,61.9,40000,33771,0.7308
FC-000397,GJ,GJ-Central,Cotton,Kharif,2.8,Sandy,827.8,Tubewell,240314,2,0,72.1,119160,23850,0.2292
FC-000398,AP,AP-Coastal,Rice,Rabi,0.72,Black,1243.9,Canal,64527,2,0,83.8,46149,11169,0.2898
FC-000399,HR,HR-South,Rice,Rabi,0.54,Alluvial,709.2,Canal,57845,3,0,100.0,40000,23443,0.2969
FC-000400,TN,TN-West,Soybean,Kharif,0.95,Sandy,711.3,Tubewell,93598,0,0,63.5,40000,2466,0.5941
FC-000401,UP,UP-Central,Rice,Kharif,0.47,Alluvial,810.8,Rainfed,66224,1,1,5.0,40000,64231,0.9235
FC-000402,RJ,RJ-Mewar,Millet,Kharif,0.92,Sandy,539.2,Canal,56598,1,0,80.8,40000,44283,0.3444
FC-000403,RJ,RJ-Marwar,Millet,Kharif,2.05,Sandy,494.8,Tubewell,139402,5,1,30.4,46798,56232,0.7882
FC-000404,GJ,GJ-South,Cotton,Kharif,1.88,Red,938.6,Rainfed,130147,4,0,47.0,133204,0,0.3291
FC-000405,PB,PB-Doaba,Wheat,Rabi,2.74,Alluvial,887.2,Rainfed,162316,3,0,93.0,154654,26499,0.1723
FC-000406,TG,TG-North,Soybean,Kharif,2.82,Red,882.9,Tubewell,146034,2,0,69.7,66951,67194,0.6205
FC-000407,PB,PB-Majha,Rice,Rabi,2.51,Alluvial,627.3,Canal,159907,2,0,67.0,129639,25644,0.3193
FC-000408,PB,PB-Malwa,Rice,Kharif,0.28,Alluvial,814.9,Tubewell,43031,0,0,66.2,40000,53988,0.5411
FC-000409,MP,MP-Mahakoshal,Rice,Kharif,2.6,Black,826.1,Tubewell,150318,1,0,79.2,113683,33882,0.2065
FC-000410,AP,AP-Rayalaseema,Rice,Rabi,0.66,Alluvial,926.1,Rainfed,93704,0,1,33.9,42992,11314,0.7843
FC-000411,MP,MP-Malwa,Rice,Kharif,0.2,Black,897.8,Drip,50074,1,0,86.4,40000,7489,0.4785
FC-000412,PB,PB-Doaba,Wheat,Rabi,1.07,Sandy,806.8,Canal,83970,2,0,81.1,40000,2771,0.2633
FC-000413,RJ,RJ-Hadoti,Groundnut,Rabi,0.84,Alluvial,303.4,Rainfed,82948,2,0,80.7,46036,0,0.4107
FC-000414,UP,UP-Eastern,Sugarcane,Kharif,1.47,Alluvial,584.3,Tubewell,186725,0,0,71.5,262722,3197,0.2918
FC-000415,MH,MH-Marathwada,Soybean,Kharif,0.97,Black,1170.4,Canal,61692,1,0,69.3,47916,8213,0.256
FC-000416,GJ,GJ-South,Mustard,Rabi,0.89,Red,949.2,Tubewell,63920,4,1,42.1,40000,97604,0.8801
FC-000417,KA,KA-North,Groundnut,Kharif,1.54,Sandy,1237.2,Rainfed,148869,4,0,85.9,76545,13463,0.3878
FC-000418,MP,MP-Mahakoshal,Wheat,Rabi,5.49,Black,1230.4,Tubewell,545722,2,0,82.1,448219,7288,0.0944
FC-000419,MH,MH-Konkan,Cotton,Kharif,1.81,Alluvial,987.0,Canal,216322,5,0,57.7,177934,17547,0.2513
FC-000420,TN,TN-Delta,Sugarcane,Rabi,1.0,Red,936.9,Drip,140728,1,0,71.3,111516,17111,0.308
FC-000421,BR,BR-North,Wheat,Rabi,1.16,Alluvial,923.5,Canal,94153,0,0,69.0,51222,11979,0.5875
FC-000422,MH,MH-Western,Cotton,Kharif,2.03,ClayLoam,785.3,Tubewell,176495,3,0,62.6,102711,0,0.385
FC-000423,HR,HR-South,Rice,Kharif,0.35,ClayLoam,332.3,Tubewell,42981,3,0,64.4,40000,14893,0.5125
FC-000424,GJ,GJ-Saurashtra,Groundnut,Rabi,1.04,Black,986.4,Rainfed,77189,2,0,66.5,50441,109704,0.6015
FC-000425,KA,KA-North,Millet,Kharif,5.41,Black,332.6,Drip,293693,1,0,78.5,107754,53515,0.5696
FC-000426,BR,BR-North,Rice,Rabi,1.68,Alluvial,1077.7,Canal,142631,2,0,66.9,103642,39886,0.3599
FC-000427,RJ,RJ-Hadoti,Wheat,Rabi,5.37,Sandy,362.3,Tubewell,372289,1,0,45.9,300845,104817,0.3904
FC-000428,MP,MP-Chambal,Wheat,Rabi,0.61,Black,1029.7,Drip,56623,3,0,80.6,47439,11497,0.3145
FC-000429,MP,MP-Bundelkhand,Rice,Kharif,2.19,Black,1108.3,Canal,211664,3,0,91.5,124378,163754,0.263
FC-000430,UP,UP-Western,Wheat,Rabi,0.92,Alluvial,988.7,Rainfed,97643,2,0,89.9,56186,122749,0.7995
FC-000431,BR,BR-South,Sugarcane,Rabi,1.98,Red,1475.8,Canal,241340,3,0,99.2,319846,25207,0.0848
FC-000432,MH,MH-Konkan,Maize,Kharif,2.52,Black,1167.3,Rainfed,197791,1,0,100.0,96571,13343,0.3984
FC-000433,KA,KA-Central,Pulses,Rabi,0.63,Red,1459.0,Tubewell,58825,3,0,75.5,40000,59867,0.6603
FC-000434,MH,MH-Western,Cotton,Kharif,2.21,ClayLoam,1175.3,Canal,119177,2,0,89.0,128451,9340,0.2061
FC-000435,PB,PB-Majha,Cotton,Kharif,0.97,Alluvial,635.4,Canal,123220,3,0,72.5,87697,11976,0.3114
FC-000436,KA,KA-South,Mustard,Rabi,0.5,Black,1477.0,Canal,48990,4,0,100.0,40000,18789,0.2379
FC-000437,UP,UP-Central,Soybean,Kharif,1.91,Alluvial,1266.4,Tubewell,159621,5,0,48.2,77491,14551,0.5136
FC-000438,BR,BR-South,Maize,Rabi,3.01,Alluvial,1215.2,Canal,145990,2,0,79.4,120072,6515,0.1313
FC-000439,BR,BR-Gangetic,Pulses,Kharif,0.7,Alluvial,1315.2,Drip,78815,3,0,83.9,40000,29324,0.3691
FC-000440,TN,TN-North,Maize,Kharif,1.34,Alluvial,699.9,Rainfed,134558,6,0,73.8,40064,21537,0.8468
FC-000441,RJ,RJ-Mewar,Mustard,Rabi,9.16,Red,522.1,Tubewell,722478,5,0,98.1,460012,0,0.156
FC-000442,RJ,RJ-Mewar,Wheat,Rabi,1.83,Red,387.3,Rainfed,158597,2,0,52.4,64764,16585,0.7046
FC-000443,MP,MP-Bundelkhand,Groundnut,Rabi,0.63,Red,1024.5,Canal,73909,1,0,46.0,40000,246951,0.8631
FC-000444,HR,HR-South,Wheat,Rabi,0.48,Alluvial,449.3,Drip,46459,0,0,50.3,51226,24513,0.4715
FC-000445,MP,MP-Bundelkhand,Maize,Rabi,0.35,Red,635.8,Canal,65607,3,1,18.1,40000,18635,0.8347
FC-000446,RJ,RJ-Shekhawati,Mustard,Rabi,1.15,Red,372.8,Canal,122636,2,0,84.9,40000,0,0.4018
FC-000447,MH,MH-Konkan,Cotton,Kharif,0.99,Black,1220.5,Tubewell,96224,3,0,81.5,90972,115907,0.3734
FC-000448,PB,PB-Majha,Wheat,Rabi,1.33,Alluvial,602.9,Rainfed,80247,2,0,93.0,68960,24429,0.2365
FC-000449,MP,MP-Chambal,Mustard,Rabi,1.12,Black,1046.5,Drip,68729,2,0,76.3,51274,100901,0.642
FC-000450,MH,MH-Vidarbha,Soybean,Kharif,3.17,Black,880.5,Canal,285919,1,0,86.9,140435,0,0.2824
FC-000451,RJ,RJ-Mewar,Soybean,Kharif,1.55,Sandy,365.0,Rainfed,146951,2,0,79.9,50706,59068,0.8498
FC-000452,HR,HR-East,Wheat,Rabi,5.38,Sandy,337.7,Canal,295572,2,0,73.6,256154,33312,0.2003
FC-000453,MP,MP-Mahakoshal,Wheat,Rabi,5.24,Black,951.1,Rainfed,251971,1,0,73.2,338887,11744,0.1064
FC-000454,UP,UP-Western,Sugarcane,Rabi,0.26,Alluvial,1116.8,Tubewell,72314,1,0,80.1,53337,0,0.3432
FC-000455,MP,MP-Malwa,Wheat,Rabi,1.25,Red,1057.9,Canal,112309,4,0,65.2,73671,37583,0.5591
FC-000456,UP,UP-Bundelkhand,Wheat,Rabi,3.22,Alluvial,895.0,Rainfed,213233,2,0,55.1,174871,15635,0.2582
FC-000457,HR,HR-East,Wheat,Rabi,0.27,Sandy,411.5,Canal,66611,2,0,58.2,40000,27858,0.5578
FC-000458,TN,TN-Delta,Pulses,Rabi,0.66,Alluvial,1105.1,Canal,53931,2,0,77.6,40000,0,0.298
FC-000459,TN,TN-North,Sugarcane,Rabi,0.57,Sandy,655.4,Drip,101605,6,0,83.4,93633,29886,0.2788
FC-000460,MH,MH-Konkan,Cotton,Kharif,0.66,Black,939.8,Canal,52536,5,0,67.4,40000,55694,0.5271
FC-000461,TG,TG-South,Rice,Kharif,0.46,Black,1208.6,Rainfed,63880,0,0,76.1,40000,54127,0.653
FC-000462,TG,TG-Central,Soybean,Kharif,1.71,Black,880.2,Canal,99901,2,0,32.1,73641,6453,0.3098
FC-000463,HR,HR-West,Mustard,Rabi,1.38,Sandy,546.6,Rainfed,92840,4,0,67.4,46283,9490,0.5389
FC-000464,KA,KA-North,Cotton,Kharif,0.74,Red,1103.2,Canal,61266,2,0,74.1,50314,14961,0.3694
FC-000465,BR,BR-South,Wheat,Rabi,2.38,Alluvial,1277.5,Rainfed,124385,1,0,75.9,169069,7299,0.1578
FC-000466,PB,PB-Doaba,Rice,Kharif,1.17,Alluvial,716.4,Tubewell,87771,0,1,12.2,48170,126605,0.7778
FC-000467,AP,AP-Rayalaseema,Rice,Rabi,0.69,Black,1192.9,Drip,52069,0,0,73.8,55912,0,0.1542
FC-000468,AP,AP-Rayalaseema,Maize,Rabi,1.85,Alluvial,614.1,Canal,171719,4,0,52.9,72056,0,0.5238
FC-000469,TN,TN-North,Sugarcane,Kharif,2.88,Red,986.5,Canal,264600,4,0,91.8,402312,66015,0.1538
FC-000470,TN,TN-Delta,Pulses,Kharif,1.02,Alluvial,930.5,Canal,81378,3,0,90.2,42165,24089,0.2435
FC-000471,TG,TG-South,Rice,Kharif,1.72,Red,813.1,Drip,155290,2,0,92.6,71281,111861,0.754
FC-000472,KA,KA-South,Maize,Kharif,0.84,Alluvial,698.3,Tubewell,87256,1,0,84.5,40000,7628,0.4831
FC-000473,MP,MP-Mahakoshal,Wheat,Rabi,1.06,Red,624.6,Rainfed,92878,1,0,57.8,48333,11177,0.7607
FC-000474,KA,KA-North,Wheat,Rabi,1.99,Black,897.7,Tubewell,125559,3,0,52.0,131194,71614,0.3882
FC-000475,UP,UP-Central,Sugarcane,Rabi,0.36,Alluvial,612.7,Drip,51479,1,0,79.9,65085,50371,0.4445
FC-000476,MH,MH-Western,Sugarcane,Rabi,0.69,Laterite,793.8,Rainfed,56407,2,0,55.6,81368,158756,0.498
FC-000477,AP,AP-Rayalaseema,Groundnut,Kharif,0.88,Laterite,1300.4,Rainfed,98646,2,0,63.5,67692,6089,0.4536
FC-000478,UP,UP-Bundelkhand,Wheat,Rabi,0.36,Alluvial,1015.5,Drip,37320,6,0,85.1,40000,0,0.087
FC-000479,UP,UP-Eastern,Sugarcane,Kharif,0.22,Alluvial,1181.1,Rainfed,43128,2,0,49.6,40000,16429,0.5775
FC-000480,RJ,RJ-Shekhawati,Millet,Kharif,8.99,Sandy,278.1,Drip,452257,0,0,81.2,194764,148798,0.6551
FC-000481,HR,HR-East,Rice,Rabi,1.34,Sandy,475.4,Tubewell,128709,2,0,72.5,84314,47938,0.644
FC-000482,TG,TG-North,Cotton,Kharif,3.25,Black,1270.3,Canal,295227,4,0,73.9,210826,7563,0.16
FC-000483,KA,KA-Coastal,Millet,Kharif,1.88,ClayLoam,842.6,Canal,160290,4,0,34.9,40000,12943,0.8513
FC-000484,AP,AP-Upland,Rice,Rabi,0.67,Black,851.5,Canal,91127,2,0,55.1,40000,0,0.5777
FC-000485,KA,KA-South,Soybean,Kharif,2.6,Alluvial,621.6,Canal,134418,2,0,64.6,80130,11659,0.3987
FC-000486,KA,KA-Coastal,Rice,Rabi,0.2,Black,794.4,Canal,58133,2,0,71.5,40000,13201,0.6228
FC-000487,UP,UP-Eastern,Rice,Rabi,1.02,Alluvial,1064.7,Canal,105955,3,0,66.2,57388,47706,0.4284
FC-000488,KA,KA-North,Pulses,Rabi,1.35,Red,1247.9,Canal,147242,2,0,88.5,69751,11998,0.2802
FC-000489,BR,BR-Gangetic,Mustard,Rabi,1.38,Alluvial,1098.5,Rainfed,93087,6,0,84.3,84592,4296,0.1847
FC-000490,KA,KA-South,Pulses,Rabi,5.89,Red,612.8,Tubewell,371911,0,0,58.8,196755,0,0.5114
FC-000491,TG,TG-South,Rice,Kharif,0.4,ClayLoam,1081.3,Canal,67951,2,0,68.7,40000,15458,0.391
FC-000492,MP,MP-Bundelkhand,Wheat,Rabi,5.11,Alluvial,1086.5,Tubewell,414084,1,0,80.6,253957,59166,0.184
FC-000493,TN,TN-West,Rice,Kharif,2.9,Red,1235.4,Rainfed,232658,0,0,49.4,151639,0,0.293
FC-000494,HR,HR-West,Sugarcane,Kharif,1.11,Sandy,350.1,Drip,118332,4,0,84.4,136860,10650,0.1514
FC-000495,UP,UP-Central,Sugarcane,Rabi,1.16,Alluvial,763.7,Tubewell,94849,2,0,88.1,193882,7846,0.134
FC-000496,UP,UP-Bundelkhand,Wheat,Rabi,0.44,Alluvial,922.3,Rainfed,49004,5,0,52.2,40000,60320,0.633
FC-000497,BR,BR-South,Wheat,Rabi,1.31,Red,1271.3,Canal,79260,1,0,77.7,55799,0,0.2255
FC-000498,AP,AP-Rayalaseema,Rice,Rabi,0.94,Alluvial,796.4,Canal,66249,3,0,64.9,80422,0,0.2088
FC-000499,MH,MH-Konkan,Cotton,Kharif,0.7,Laterite,1067.0,Canal,91358,0,0,72.4,60079,32825,0.3826
FC-000500,UP,UP-Western,Mustard,Rabi,2.28,Alluvial,999.2,Tubewell,216157,5,0,64.2,104220,24991,0.3537
FC-000501,TG,TG-Central,Pulses,Rabi,0.98,Red,620.9,Canal,111589,2,0,69.3,40000,42403,0.7774
FC-000502,GJ,GJ-Central,Maize,Rabi,2.04,Black,718.5,Drip,152695,3,0,61.0,101160,7510,0.206
FC-000503,BR,BR-North,Maize,Kharif,0.49,Alluvial,1180.1,Canal,79656,4,0,89.5,40000,10427,0.5491
FC-000504,RJ,RJ-Marwar,Millet,Kharif,1.41,Alluvial,694.5,Tubewell,76819,2,0,66.7,43687,21921,0.3911
FC-000505,UP,UP-Central,Wheat,Rabi,0.95,Alluvial,1413.3,Drip,115748,4,0,46.4,60876,48197,0.6147
FC-000506,MH,MH-Konkan,Wheat,Rabi,0.26,Black,1135.7,Tubewell,41280,3,1,38.6,40000,75113,0.8478
FC-000507,TG,TG-Central,Maize,Kharif,0.88,ClayLoam,815.4,Canal,103957,2,0,50.4,54499,24664,0.4704
FC-000508,HR,HR-West,Wheat,Rabi,1.88,Alluvial,759.3,Drip,159614,1,0,86.4,142460,26922,0.1136
FC-000509,AP,AP-Rayalaseema,Rice,Rabi,1.81,Red,856.9,Canal,112565,1,0,60.6,93687,30808,0.263
FC-000510,MH,MH-Western,Pulses,Kharif,2.38,Black,846.7,Tubewell,191068,2,0,80.0,100041,116843,0.568
FC-000511,MP,MP-Bundelkhand,Soybean,Kharif,1.66,Red,867.5,Rainfed,152757,2,0,83.7,66221,16525,0.5589
FC-000512,GJ,GJ-North,Maize,Rabi,0.43,Black,1192.5,Rainfed,62263,2,1,48.5,40000,228666,0.8949
FC-000513,UP,UP-Eastern,Rice,Rabi,2.01,Alluvial,1166.4,Rainfed,124401,1,0,79.4,148569,0,0.1642
FC-000514,UP,UP-Western,Wheat,Rabi,0.5,Sandy,1040.9,Canal,47720,1,0,82.3,40000,159308,0.7938
FC-000515,HR,HR-West,Maize,Rabi,1.28,Alluvial,711.2,Tubewell,115547,2,0,48.2,57015,11475,0.4698
FC-000516,TG,TG-North,Groundnut,Rabi,3.25,Black,1052.8,Drip,196941,1,0,67.8,149345,11722,0.3034
FC-000517,TG,TG-Central,Sugarcane,Kharif,2.38,Red,983.6,Rainfed,272827,1,0,77.0,487018,51660,0.164
FC-000518,TN,TN-North,Sugarcane,Kharif,2.18,Laterite,902.1,Rainfed,132477,4,0,98.7,260935,118005,0.1176
FC-000519,UP,UP-Western,Wheat,Rabi,0.8,Alluvial,681.9,Canal,103455,0,0,90.9,43476,7177,0.3558
FC-000520,MP,MP-Chambal,Millet,Kharif,0.46,Black,1144.6,Canal,53067,1,0,87.4,40000,47283,0.5345
FC-000521,MP,MP-Mahakoshal,Pulses,Kharif,2.82,Black,623.3,Canal,172187,3,0,87.2,83175,7616,0.2927
FC-000522,GJ,GJ-North,Cotton,Kharif,0.3,Sandy,910.5,Rainfed,39680,3,0,45.7,40000,27502,0.4924
FC-000523,TG,TG-North,Maize,Rabi,0.38,Black,554.4,Canal,73860,0,0,57.0,40000,0,0.5041
FC-000524,GJ,GJ-Saurashtra,Cotton,Kharif,0.42,Black,770.5,Canal,40689,2,0,62.9,40000,68143,0.5479
FC-000525,TN,TN-West,Rice,Kharif,0.69,Laterite,571.4,Tubewell,57899,4,0,48.8,42385,26413,0.6536
FC-000526,MH,MH-Vidarbha,Rice,Kharif,1.87,Red,917.8,Rainfed,164051,2,0,92.3,76104,7160,0.2439
FC-000527,MP,MP-Chambal,Soybean,Kharif,1.66,ClayLoam,872.3,Drip,95320,1,0,73.1,40822,0,0.4527
FC-000528,UP,UP-Central,Maize,Rabi,1.4,Alluvial,851.2,Canal,104693,2,0,72.1,78692,0,0.1775
FC-000529,RJ,RJ-Marwar,Mustard,Rabi,4.61,ClayLoam,489.4,Rainfed,404321,1,0,86.5,320645,70125,0.2561
FC-000530,TN,TN-West,Rice,Rabi,1.0,ClayLoam,939.9,Rainfed,66656,3,0,76.5,67618,8738,0.2107
FC-000531,MP,MP-Bundelkhand,Mustard,Rabi,0.31,Black,1492.3,Rainfed,59296,3,0,89.6,40000,24440,0.5498
FC-000532,KA,KA-North,Maize,Kharif,1.14,Red,1054.6,Tubewell,105512,6,0,64.6,40000,0,0.5855
FC-000533,MH,MH-Marathwada,Sugarcane,Rabi,1.33,Black,1147.4,Rainfed,117928,1,0,88.2,171472,28916,0.1858
FC-000534,BR,BR-South,Groundnut,Rabi,1.0,ClayLoam,1380.8,Canal,116065,0,1,25.3,54796,106236,0.8302
FC-000535,MP,MP-Chambal,Soybean,Kharif,0.53,Alluvial,850.4,Drip,73950,5,0,79.3,40000,0,0.3697
FC-000536,KA,KA-Coastal,Pulses,Kharif,0.63,Red,809.4,Tubewell,91455,4,1,57.7,40000,42702,0.7988
FC-000537,AP,AP-Rayalaseema,Sugarcane,Rabi,0.36,Alluvial,1028.6,Tubewell,53212,0,0,61.3,79908,3889,0.1687
FC-000538,RJ,RJ-Marwar,Millet,Kharif,10.0,Alluvial,609.3,Drip,654979,4,0,100.0,148382,0,0.5536
FC-000539,MP,MP-Chambal,Pulses,Rabi,6.28,Red,1164.8,Canal,462863,1,0,53.2,175342,17972,0.4882
FC-000540,RJ,RJ-Shekhawati,Soybean,Kharif,2.11,Alluvial,529.5,Rainfed,146211,0,1,53.8,40743,25038,0.852
FC-000541,HR,HR-East,Rice,Kharif,0.68,Alluvial,573.7,Rainfed,82544,4,0,78.3,55424,0,0.1994
FC-000542,GJ,GJ-North,Groundnut,Rabi,1.1,Sandy,809.8,Rainfed,97658,2,0,65.0,71930,0,0.2869
FC-000543,KA,KA-South,Cotton,Kharif,1.15,Alluvial,679.7,Rainfed,139867,3,0,59.5,78885,2929,0.6029
FC-000544,AP,AP-Coastal,Sugarcane,Rabi,3.98,Red,789.6,Tubewell,310334,1,0,72.3,451920,22403,0.1138
FC-000545,MH,MH-Vidarbha,Soybean,Kharif,0.91,Laterite,692.6,Tubewell,85748,1,0,86.2,40000,35925,0.653
FC-000546,UP,UP-Bundelkhand,Wheat,Rabi,1.0,Red,1084.7,Canal,116304,5,0,80.0,42243,27822,0.692
FC-000547,RJ,RJ-Hadoti,Millet,Kharif,1.11,Sandy,250.0,Canal,109537,1,1,37.9,40000,43735,0.8065
FC-000548,TG,TG-South,Pulses,Rabi,0.9,Sandy,849.9,Tubewell,59012,0,0,76.2,40000,32077,0.3721
FC-000549,PB,PB-Malwa,Mustard,Rabi,0.63,Alluvial,603.9,Tubewell,72479,2,0,52.2,40000,13945,0.5516
FC-000550,HR,HR-South,Rice,Rabi,2.97,ClayLoam,419.4,Canal,236271,4,0,61.4,171636,0,0.3151
FC-000551,PB,PB-Malwa,Rice,Kharif,1.58,ClayLoam,581.2,Canal,137083,1,0,58.3,67606,155023,0.772
FC-000552,RJ,RJ-Mewar,Mustard,Rabi,0.72,Red,250.0,Tubewell,91528,1,0,60.8,40000,17012,0.5803
FC-000553,HR,HR-West,Maize,Kharif,1.15,Alluvial,534.0,Tubewell,115235,4,0,64.2,52579,298245,0.8765
FC-000554,UP,UP-Bundelkhand,Sugarcane,Kharif,2.3,Red,979.2,Rainfed,259801,3,0,69.3,335293,15398,0.1924
FC-000555,KA,KA-North,Cotton,Kharif,1.28,Red,1205.6,Canal,135510,2,0,70.1,110799,4066,0.1539
FC-000556,GJ,GJ-South,Maize,Kharif,1.16,Black,1098.2,Tubewell,116218,7,0,60.9,42050,11082,0.6688
FC-000557,HR,HR-South,Rice,Kharif,1.42,Alluvial,547.6,Canal,93345,4,0,100.0,90523,35414,0.1997
FC-000558,MP,MP-Mahakoshal,Maize,Kharif,1.46,Red,1104.2,Rainfed,157664,3,0,58.4,71627,14834,0.6703
FC-000559,UP,UP-Western,Rice,Rabi,0.49,Alluvial,1026.2,Tubewell,72875,2,0,63.0,40000,22232,0.5164
FC-000560,PB,PB-Doaba,Rice,Rabi,0.77,Alluvial,802.3,Tubewell,64387,1,0,86.6,60301,2907,0.2074
FC-000561,MH,MH-Marathwada,Sugarcane,Rabi,1.25,Black,779.5,Tubewell,142826,4,0,66.4,219288,2600,0.1688
FC-000562,GJ,GJ-Central,Millet,Kharif,2.52,Alluvial,746.2,Tubewell,115429,2,0,84.9,41866,49011,0.6475
FC-000563,RJ,RJ-Mewar,Pulses,Rabi,0.2,Sandy,342.6,Rainfed,62532,2,0,51.3,40000,56279,0.8129
FC-000564,RJ,RJ-Marwar,Mustard,Rabi,3.67,Sandy,565.9,Tubewell,294550,2,0,93.1,186346,18783,0.1931
FC-000565,KA,KA-Central,Cotton,Kharif,1.37,Black,1482.2,Canal,135810,2,0,96.3,103465,125277,0.3275
FC-000566,PB,PB-Majha,Wheat,Rabi,2.62,Alluvial,580.3,Tubewell,164076,5,0,100.0,117424,0,0.1697
FC-000567,UP,UP-Bundelkhand,Rice,Kharif,1.31,Sandy,1175.7,Rainfed,97488,1,0,66.8,81118,28867,0.2841
FC-000568,BR,BR-South,Wheat,Rabi,1.39,Alluvial,1300.5,Canal,145278,3,0,65.4,95840,27590,0.2432
FC-000569,TN,TN-North,Pulses,Kharif,0.88,Red,1161.9,Tubewell,89049,6,1,41.5,40000,57463,0.8579
FC-000570,BR,BR-South,Wheat,Rabi,2.71,Sandy,996.4,Drip,184556,5,0,87.9,81921,24999,0.3215
FC-000571,UP,UP-Bundelkhand,Sugarcane,Kharif,1.06,Alluvial,871.7,Rainfed,143001,3,0,64.1,103908,22351,0.3226
FC-000572,AP,AP-Rayalaseema,Pulses,Rabi,0.42,Sandy,957.2,Drip,51592,4,0,84.9,40000,25099,0.367
FC-000573,RJ,RJ-Marwar,Maize,Rabi,1.51,Black,588.0,Canal,112645,4,0,79.0,86580,32220,0.3648
FC-000574,MP,MP-Chambal,Wheat,Rabi,1.24,Alluvial,1368.1,Canal,74137,2,0,87.8,46935,208679,0.6867
FC-000575,BR,BR-North,Wheat,Rabi,0.89,Alluvial,947.1,Rainfed,77434,1,0,59.2,45911,22958,0.5207
FC-000576,MP,MP-Malwa,Pulses,Kharif,1.72,Black,997.9,Canal,171145,3,0,68.7,63470,14098,0.5075
FC-000577,GJ,GJ-Saurashtra,Rice,Rabi,0.63,Black,741.3,Drip,52441,2,0,79.9,40000,33630,0.2835
FC-000578,KA,KA-North,Cotton,Kharif,1.29,Red,1223.1,Canal,152004,1,0,71.5,97322,59426,0.2712
FC-000579,BR,BR-North,Pulses,Rabi,0.82,Sandy,1286.4,Tubewell,51581,1,0,97.9,40000,20772,0.2234
FC-000580,UP,UP-Eastern,Wheat,Rabi,0.65,Alluvial,903.3,Drip,59198,1,0,69.7,49785,58665,0.2987
FC-000581,MH,MH-Western,Rice,Rabi,2.9,Laterite,634.0,Tubewell,169519,1,0,76.8,156542,18740,0.2581
FC-000582,UP,UP-Bundelkhand,Rice,Rabi,1.24,Alluvial,809.2,Tubewell,77055,1,0,76.9,51197,238197,0.6787
FC-000583,UP,UP-Western,Sugarcane,Rabi,0.97,Alluvial,963.3,Canal,87925,3,0,60.4,182378,28277,0.2646
FC-000584,MP,MP-Chambal,Rice,Kharif,2.52,Alluvial,861.6,Drip,203300,1,0,70.1,237316,28516,0.1918
FC-000585,KA,KA-Coastal,Groundnut,Rabi,1.88,Red,1198.5,Tubewell,95622,2,0,78.8,79739,48067,0.2142
FC-000586,UP,UP-Central,Mustard,Rabi,1.47,Alluvial,867.9,Rainfed,82302,1,0,87.9,76202,0,0.2656
FC-000587,KA,KA-Coastal,Maize,Kharif,0.78,ClayLoam,940.2,Drip,59270,8,0,89.1,48241,63602,0.3935
FC-000588,MH,MH-Vidarbha,Pulses,Kharif,2.7,Black,776.3,Rainfed,210717,3,0,59.9,105328,5432,0.4994
FC-000589,MH,MH-Marathwada,Pulses,Rabi,0.92,Sandy,976.0,Tubewell,80889,2,0,66.1,40000,32904,0.4773
FC-000590,KA,KA-North,Cotton,Kharif,0.85,Red,1527.4,Rainfed,63994,1,0,93.2,59176,34662,0.3578
FC-000591,MP,MP-Mahakoshal,Mustard,Rabi,1.06,Red,1164.4,Canal,69777,0,0,75.6,59400,0,0.2174
FC-000592,MP,MP-Bundelkhand,Wheat,Rabi,1.21,Black,938.5,Rainfed,85047,5,0,68.0,52490,11634,0.5793
FC-000593,GJ,GJ-Central,Cotton,Kharif,0.78,Sandy,907.3,Canal,58961,6,0,66.0,40000,0,0.4655
FC-000594,MH,MH-Konkan,Cotton,Kharif,0.97,Black,1156.3,Canal,60276,2,0,61.5,57791,89434,0.5172
FC-000595,GJ,GJ-Central,Groundnut,Rabi,0.93,Alluvial,581.9,Tubewell,89293,1,0,55.9,55182,11506,0.5768
FC-000596,MH,MH-Marathwada,Cotton,Kharif,1.25,ClayLoam,769.0,Tubewell,129582,1,0,82.7,70163,28758,0.5298
FC-000597,MH,MH-Western,Rice,Kharif,4.34,ClayLoam,669.9,Canal,297507,2,0,90.3,212007,103433,0.3187
FC-000598,RJ,RJ-Hadoti,Wheat,Rabi,0.77,Laterite,395.4,Tubewell,64453,2,0,41.8,40000,0,0.4871
FC-000599,UP,UP-Western,Rice,Kharif,2.71,Alluvial,1157.4,Rainfed,143762,0,0,75.7,219835,21006,0.1671
FC-000600,AP,AP-Upland,Rice,Rabi,2.09,Red,627.2,Rainfed,110171,3,0,82.0,120728,23549,0.3889
FC-000601,AP,AP-Upland,Maize,Rabi,4.84,Red,1235.9,Drip,286881,3,0,90.9,142270,0,0.2968
FC-000602,MP,MP-Bundelkhand,Maize,Rabi,1.64,ClayLoam,779.4,Rainfed,109454,3,0,54.6,66422,23322,0.5549
FC-000603,UP,UP-Western,Sugarcane,Rabi,0.71,Sandy,858.1,Tubewell,62905,1,0,74.1,88596,21243,0.2275
FC-000604,MH,MH-Marathwada,Soybean,Kharif,0.9,Red,970.5,Drip,66353,3,0,66.7,40000,9451,0.2042
FC-000605,PB,PB-Malwa,Wheat,Rabi,0.8,Alluvial,512.4,Tubewell,89426,2,1,29.7,43493,88523,0.9337
FC-000606,RJ,RJ-Shekhawati,Wheat,Rabi,0.64,Alluvial,308.6,Rainfed,91930,2,0,65.1,40000,13779,0.6898
FC-000607,TN,TN-West,Groundnut,Kharif,1.64,Black,988.4,Tubewell,155835,5,0,60.3,46613,29503,0.7851
FC-000608,PB,PB-Majha,Wheat,Rabi,0.6,Alluvial,681.8,Tubewell,81200,1,0,89.5,40000,38889,0.6255
FC-000609,AP,AP-Coastal,Groundnut,Rabi,3.28,Red,491.5,Rainfed,207588,1,0,66.3,200198,2996,0.3063
FC-000610,MH,MH-Konkan,Wheat,Rabi,2.77,Red,697.8,Rainfed,223487,4,1,62.6,75000,38302,0.7923
FC-000611,MP,MP-Malwa,Maize,Kharif,0.52,Black,1553.3,Rainfed,82660,3,0,74.4,40000,7954,0.4717
FC-000612,MH,MH-Marathwada,Cotton,Kharif,1.23,Alluvial,1250.1,Tubewell,70466,2,0,76.3,70619,25780,0.3049
FC-000613,TG,TG-South,Maize,Rabi,3.05,Red,1020.9,Rainfed,227096,1,0,65.2,107474,88741,0.6003
FC-000614,RJ,RJ-Mewar,Pulses,Rabi,1.25,ClayLoam,316.2,Tubewell,95794,3,0,82.3,40000,81669,0.7015
FC-000615,MP,MP-Mahakoshal,Rice,Kharif,2.75,Alluvial,870.1,Tubewell,208492,4,0,75.0,140062,68767,0.4558
FC-000616,TG,TG-Central,Cotton,Kharif,1.35,Black,1436.3,Canal,93604,1,0,83.1,77735,9843,0.2338
FC-000617,AP,AP-Rayalaseema,Sugarcane,Rabi,2.53,Laterite,1158.1,Tubewell,181375,1,0,73.4,285989,7103,0.1405
FC-000618,MH,MH-Vidarbha,Pulses,Kharif,1.91,Red,662.1,Tubewell,98468,1,0,74.8,61223,0,0.2716
FC-000619,BR,BR-North,Wheat,Rabi,0.49,Alluvial,1139.9,Rainfed,65791,5,0,99.1,40000,32685,0.4366
FC-000620,PB,PB-Malwa,Cotton,Kharif,0.89,Alluvial,504.1,Tubewell,103248,6,0,69.2,59515,0,0.3878
FC-000621,UP,UP-Central,Rice,Rabi,2.14,Alluvial,894.5,Tubewell,239870,1,0,72.7,234130,23148,0.2935
FC-000622,UP,UP-Central,Mustard,Rabi,4.76,Alluvial,848.6,Tubewell,312959,0,0,81.4,373828,207490,0.2259
FC-000623,KA,KA-South,Groundnut,Kharif,0.36,Red,1340.2,Rainfed,70928,1,0,79.0,40000,24485,0.5073
FC-000624,RJ,RJ-Marwar,Wheat,Rabi,0.86,Red,491.8,Tubewell,64531,2,0,74.2,40000,19014,0.3161
FC-000625,BR,BR-Gangetic,Rice,Rabi,2.1,Alluvial,1249.8,Tubewell,217239,1,0,80.1,151593,4924,0.2429
FC-000626,TN,TN-West,Pulses,Rabi,2.41,Alluvial,910.8,Rainfed,179921,3,0,86.8,53852,5773,0.5981
FC-000627,BR,BR-South,Mustard,Rabi,3.02,Alluvial,1173.0,Tubewell,176392,1,0,87.9,103516,0,0.1818
FC-000628,MH,MH-Konkan,Millet,Kharif,1.14,Red,1070.9,Drip,81279,2,0,50.7,40000,13122,0.51
FC-000629,KA,KA-Central,Cotton,Kharif,1.1,Red,2090.2,Tubewell,82972,4,0,74.2,111170,15979,0.1706
FC-000630,HR,HR-East,Mustard,Rabi,0.35,Alluvial,507.2,Tubewell,62618,4,1,30.2,40000,64588,0.8375
FC-000631,GJ,GJ-Saurashtra,Wheat,Rabi,1.27,Alluvial,802.1,Canal,85829,2,0,67.9,93512,0,0.1867
FC-000632,GJ,GJ-South,Maize,Rabi,0.37,Alluvial,1018.5,Canal,42668,0,0,100.0,40000,0,0.2215
FC-000633,KA,KA-North,Maize,Kharif,0.62,Alluvial,1487.6,Rainfed,58173,3,0,91.6,40000,11109,0.2776
FC-000634,UP,UP-Eastern,Rice,Kharif,1.25,Alluvial,887.4,Rainfed,128764,3,0,81.8,82711,28678,0.3846
FC-000635,TN,TN-Delta,Rice,Rabi,0.82,Alluvial,733.3,Drip,95304,0,0,72.9,59172,47875,0.5409
FC-000636,TG,TG-South,Millet,Kharif,1.73,Black,1023.4,Rainfed,161293,2,0,52.7,40000,32185,0.8725
FC-000637,PB,PB-Doaba,Wheat,Rabi,1.38,Alluvial,652.4,Canal,79217,2,0,94.9,101753,10954,0.1847
FC-000638,UP,UP-Eastern,Wheat,Rabi,0.93,Alluvial,717.3,Rainfed,107985,1,1,31.4,40000,16915,0.7955
FC-000639,UP,UP-Central,Cotton,Kharif,0.72,ClayLoam,688.5,Canal,91522,1,0,46.9,57364,1450,0.4858
FC-000640,KA,KA-Coastal,Cotton,Kharif,1.64,Laterite,1360.2,Canal,104587,3,0,48.9,102257,7039,0.3123
FC-000641,RJ,RJ-Hadoti,Wheat,Rabi,0.53,Sandy,497.6,Rainfed,54288,3,0,75.9,40000,0,0.1299
FC-000642,GJ,GJ-North,Cotton,Kharif,0.49,Alluvial,733.3,Drip,66493,4,0,78.4,40000,4916,0.4298
FC-000643,BR,BR-Gangetic,Rice,Rabi,0.85,Sandy,1126.3,Rainfed,61261,4,0,77.4,40000,0,0.4901
FC-000644,AP,AP-Rayalaseema,Groundnut,Kharif,0.43,Red,946.9,Canal,41129,1,0,89.9,40000,27199,0.2083
FC-000645,PB,PB-Malwa,Rice,Kharif,1.44,Sandy,608.7,Rainfed,156276,2,0,81.4,91368,19887,0.3867
FC-000646,KA,KA-North,Rice,Kharif,0.26,Red,1304.5,Drip,36569,1,0,87.9,40000,5777,0.1703
FC-000647,TG,TG-South,Cotton,Kharif,0.5,Red,848.7,Canal,76225,2,0,92.5,40000,15093,0.3684
FC-000648,MP,MP-Bundelkhand,Soybean,Kharif,0.77,Black,789.5,Canal,87153,0,0,93.0,40000,5314,0.5
FC-000649,PB,PB-Malwa,Rice,Rabi,0.63,Sandy,806.6,Canal,56313,1,0,72.6,57054,16730,0.3797
FC-000650,TG,TG-North,Cotton,Kharif,0.3,Black,725.0,Rainfed,54701,3,0,86.9,40000,15874,0.5698
FC-000651,PB,PB-Majha,Rice,Rabi,0.66,Alluvial,602.0,Rainfed,60194,1,0,83.9,54705,0,0.3177
FC-000652,RJ,RJ-Shekhawati,Mustard,Rabi,2.37,Alluvial,634.8,Tubewell,168793,3,0,98.4,79609,66489,0.4292
FC-000653,RJ,RJ-Hadoti,Maize,Rabi,0.59,Alluvial,500.3,Rainfed,58736,1,0,63.8,40000,3569,0.2929
FC-000654,KA,KA-North,Sugarcane,Rabi,1.54,ClayLoam,1705.7,Canal,134293,3,0,62.0,133272,0,0.2563
FC-000655,HR,HR-East,Cotton,Kharif,4.14,ClayLoam,758.7,Canal,287107,2,0,72.2,309619,103219,0.2054
FC-000656,MP,MP-Mahakoshal,Rice,Rabi,1.77,ClayLoam,1002.5,Canal,120041,5,0,69.4,111864,72504,0.2663
FC-000657,MP,MP-Malwa,Groundnut,Rabi,1.31,Alluvial,614.4,Canal,113774,2,0,83.4,68215,19942,0.3887
FC-000658,UP,UP-Central,Wheat,Rabi,1.77,ClayLoam,1066.4,Rainfed,114421,2,0,84.7,109060,5735,0.2465
FC-000659,RJ,RJ-Mewar,Cotton,Kharif,0.84,Sandy,475.2,Tubewell,72308,1,0,80.6,79469,12381,0.1191
FC-000660,MP,MP-Chambal,Rice,Kharif,1.83,Black,1135.4,Drip,178300,4,0,55.4,127479,12568,0.2426
FC-000661,PB,PB-Malwa,Rice,Kharif,1.32,Alluvial,570.2,Tubewell,93632,1,0,80.1,68930,0,0.215
FC-000662,BR,BR-North,Rice,Rabi,1.94,Alluvial,1297.1,Drip,183890,2,0,100.0,90330,34493,0.2356
FC-000663,TN,TN-North,Sugarcane,Rabi,8.7,Red,775.9,Canal,776622,2,0,82.8,700000,60298,0.2538
FC-000664,UP,UP-Western,Wheat,Rabi,1.62,Alluvial,1101.6,Rainfed,124558,4,0,78.9,82849,0,0.2837
FC-000665,MP,MP-Malwa,Pulses,Rabi,1.21,Black,995.1,Rainfed,129831,1,0,96.0,52800,0,0.474
FC-000666,BR,BR-North,Maize,Rabi,1.01,Alluvial,1155.9,Rainfed,107592,1,0,68.6,40000,64415,0.8233
FC-000667,GJ,GJ-North,Maize,Rabi,1.6,Black,823.2,Tubewell,88543,4,0,56.3,56692,42367,0.4159
FC-000668,RJ,RJ-Mewar,Wheat,Rabi,0.88,Sandy,573.1,Drip,96407,2,1,23.2,41576,68872,0.8698
FC-000669,UP,UP-Bundelkhand,Maize,Kharif,3.8,Alluvial,904.4,Canal,280916,5,0,100.0,162712,0,0.1976
FC-000670,GJ,GJ-Saurashtra,Cotton,Kharif,0.99,Black,755.4,Tubewell,127574,4,0,87.7,118145,0,0.1876
FC-000671,UP,UP-Western,Pulses,Rabi,0.89,Alluvial,824.8,Canal,105995,0,0,90.7,40000,177553,0.8064
FC-000672,AP,AP-Rayalaseema,Soybean,Kharif,0.59,Alluvial,1027.1,Rainfed,63879,2,0,77.0,40000,8251,0.3904
FC-000673,RJ,RJ-Mewar,Millet,Kharif,1.78,Sandy,406.7,Drip,157725,5,0,64.8,51770,20406,0.5715
FC-000674,MH,MH-Marathwada,Rice,Kharif,0.82,Alluvial,970.1,Rainfed,93779,2,0,72.4,49309,6571,0.5689
FC-000675,KA,KA-Coastal,Maize,Kharif,1.08,Black,813.3,Tubewell,82514,3,0,70.8,40000,11700,0.5076
FC-000676,KA,KA-Central,Maize,Rabi,0.45,Sandy,2006.7,Rainfed,75885,1,0,72.6,40000,10450,0.3197
FC-000677,MP,MP-Bundelkhand,Soybean,Kharif,0.75,Black,992.8,Rainfed,99209,0,0,61.8,40000,88678,0.9096
FC-000678,TG,TG-North,Sugarcane,Kharif,1.06,Black,830.4,Canal,78897,3,0,68.9,147694,58329,0.2286
FC-000679,GJ,GJ-Saurashtra,Rice,Kharif,5.93,Black,882.9,Tubewell,451244,2,0,72.0,236387,246007,0.6033
FC-000680,HR,HR-West,Wheat,Rabi,0.35,Alluvial,872.8,Canal,50287,2,0,90.3,40000,0,0.2428
FC-000681,RJ,RJ-Shekhawati,Mustard,Rabi,0.63,Red,348.8,Rainfed,49333,3,0,77.5,40000,9255,0.3672
FC-000682,BR,BR-South,Wheat,Rabi,0.41,Alluvial,1177.1,Canal,58170,0,0,81.2,40000,164527,0.7327
FC-000683,PB,PB-Majha,Cotton,Kharif,0.48,Alluvial,581.9,Rainfed,70986,4,0,73.7,40000,22160,0.6661
FC-000684,MH,MH-Vidarbha,Rice,Kharif,0.66,Black,758.9,Canal,93251,1,0,51.0,40000,13067,0.6705
FC-000685,MP,MP-Malwa,Groundnut,Rabi,3.03,Black,808.6,Rainfed,154023,2,0,62.0,153640,9168,0.4152
FC-000686,MH,MH-Marathwada,Rice,Kharif,1.58,Black,779.0,Tubewell,134617,2,0,80.5,103364,16554,0.34
FC-000687,AP,AP-Coastal,Groundnut,Rabi,0.2,Alluvial,833.2,Canal,48878,3,0,51.0,40000,13062,0.3282
FC-000688,UP,UP-Eastern,Wheat,Rabi,1.03,Alluvial,734.7,Drip,80640,1,0,62.8,84474,0,0.0843
FC-000689,MH,MH-Marathwada,Cotton,Kharif,1.74,Laterite,807.8,Tubewell,128302,2,0,50.4,61079,22874,0.5708
FC-000690,UP,UP-Central,Cotton,Kharif,1.08,Alluvial,1024.6,Drip,80981,7,0,76.7,74552,99502,0.3741
FC-000691,KA,KA-South,Soybean,Kharif,2.74,Laterite,1630.2,Drip,143483,1,0,92.5,112160,21524,0.1417
FC-000692,MP,MP-Mahakoshal,Soybean,Kharif,1.46,Alluvial,821.2,Rainfed,141365,2,0,80.0,47444,0,0.6087
FC-000693,KA,KA-South,Millet,Kharif,2.75,Red,690.0,Rainfed,129738,7,1,37.5,40000,55202,0.8555
FC-000694,MH,MH-Marathwada,Cotton,Kharif,1.21,Black,1070.4,Drip,116488,1,0,59.8,69001,0,0.3619
FC-000695,UP,UP-Bundelkhand,Maize,Rabi,2.31,ClayLoam,938.6,Tubewell,137589,4,0,68.2,104535,14047,0.2733
FC-000696,UP,UP-Western,Rice,Kharif,0.35,Alluvial,806.8,Rainfed,42946,2,0,64.0,40000,40153,0.6235
FC-000697,RJ,RJ-Hadoti,Mustard,Rabi,1.34,Alluvial,532.1,Drip,101033,3,1,21.6,40000,69809,0.8115
FC-000698,MP,MP-Malwa,Maize,Kharif,1.56,Black,1029.6,Canal,143229,3,0,78.7,40000,52932,0.7387
FC-000699,AP,AP-Coastal,Rice,Kharif,0.58,Black,1146.1,Rainfed,49371,1,0,72.3,40000,178537,0.8376
FC-000700,KA,KA-South,Pulses,Kharif,0.99,Laterite,853.2,Rainfed,76207,4,0,99.6,40000,31553,0.4519
FC-000701,MP,MP-Chambal,Soybean,Kharif,0.77,Red,799.6,Canal,83482,2,0,88.4,40000,30262,0.5663
FC-000702,KA,KA-Coastal,Cotton,Kharif,0.56,ClayLoam,833.0,Tubewell,52435,1,0,49.3,40000,0,0.3395
FC-000703,MH,MH-Vidarbha,Maize,Kharif,0.85,Black,1129.4,Canal,105185,0,0,63.2,40000,61079,0.6798
FC-000704,MP,MP-Mahakoshal,Wheat,Rabi,2.2,Black,1041.2,Canal,171298,1,0,65.2,129379,5135,0.1915
FC-000705,HR,HR-West,Rice,Kharif,0.49,Alluvial,708.6,Tubewell,75681,2,0,64.6,40000,61330,0.6971
FC-000706,AP,AP-Upland,Pulses,Rabi,1.42,Black,1007.2,Tubewell,128465,3,0,83.0,40000,400000,0.687
FC-000707,UP,UP-Western,Wheat,Rabi,2.4,Alluvial,1074.5,Tubewell,218490,1,0,63.4,183428,0,0.1345
FC-000708,GJ,GJ-Saurashtra,Cotton,Kharif,0.54,Laterite,1326.3,Canal,79346,2,0,80.8,40000,0,0.2239
FC-000709,HR,HR-East,Wheat,Rabi,1.06,Alluvial,578.6,Canal,81555,1,0,94.2,71290,8448,0.2769
FC-000710,UP,UP-Central,Sugarcane,Rabi,1.55,Alluvial,861.9,Canal,174132,1,0,70.0,186109,26161,0.1561
FC-000711,AP,AP-Upland,Rice,Kharif,0.32,Red,900.7,Canal,49301,1,0,66.8,40000,0,0.3986
FC-000712,MP,MP-Malwa,Soybean,Kharif,8.35,Black,1212.9,Rainfed,331488,1,0,96.6,174481,96905,0.2941
FC-000713,UP,UP-Western,Sugarcane,Rabi,0.26,Alluvial,548.1,Tubewell,56253,3,0,83.5,40000,21066,0.6741
FC-000714,KA,KA-South,Sugarcane,Kharif,1.22,ClayLoam,828.2,Tubewell,187938,4,0,80.9,238652,0,0.1281
FC-000715,RJ,RJ-Hadoti,Mustard,Rabi,1.53,Sandy,490.3,Rainfed,119172,4,0,100.0,110286,95107,0.2419
FC-000716,UP,UP-Western,Rice,Kharif,0.54,Alluvial,1054.0,Rainfed,48361,3,0,80.5,41068,25866,0.3028
FC-000717,TG,TG-Central,Groundnut,Kharif,1.0,Red,725.7,Tubewell,124391,5,0,74.6,69434,76027,0.5748
FC-000718,BR,BR-Gangetic,Rice,Kharif,2.5,Sandy,1296.3,Canal,145250,5,0,72.9,114749,12276,0.1543
FC-000719,HR,HR-South,Mustard,Rabi,3.08,Alluvial,752.6,Canal,228137,1,0,76.6,202263,24639,0.2595
FC-000720,TN,TN-Delta,Groundnut,Kharif,2.49,Laterite,796.0,Rainfed,172074,2,0,80.6,126722,36902,0.3133
FC-000721,UP,UP-Central,Sugarcane,Kharif,0.97,Alluvial,1111.5,Drip,160102,2,0,97.7,192573,23481,0.1844
FC-000722,MP,MP-Malwa,Pulses,Rabi,0.76,Red,888.9,Drip,83371,0,1,29.7,40000,35174,0.7891
FC-000723,HR,HR-West,Millet,Kharif,0.86,Alluvial,515.5,Tubewell,98446,4,0,93.9,40000,90298,0.7615
FC-000724,MP,MP-Mahakoshal,Soybean,Kharif,0.43,Alluvial,779.8,Canal,75253,4,0,71.7,40000,44251,0.7085
FC-000725,UP,UP-Eastern,Pulses,Rabi,2.55,Alluvial,1297.1,Tubewell,145774,2,0,87.6,73701,22216,0.2371
FC-000726,TG,TG-North,Pulses,Kharif,0.53,Alluvial,693.3,Tubewell,41309,1,0,77.6,40000,91723,0.6408
FC-000727,UP,UP-Central,Mustard,Rabi,1.47,Alluvial,1046.6,Rainfed,173188,5,0,75.5,123664,30038,0.4221
FC-000728,PB,PB-Doaba,Rice,Rabi,1.07,Alluvial,596.2,Tubewell,86237,4,0,100.0,54624,36920,0.304
FC-000729,GJ,GJ-North,Mustard,Rabi,4.94,Sandy,621.7,Tubewell,264167,2,0,74.7,150450,56856,0.347
FC-000730,UP,UP-Bundelkhand,Rice,Kharif,2.97,ClayLoam,679.9,Tubewell,256446,2,0,70.3,192805,86554,0.5898
FC-000731,RJ,RJ-Mewar,Millet,Kharif,3.25,Alluvial,507.2,Tubewell,196966,3,1,38.0,49228,100927,0.8444
FC-000732,AP,AP-Rayalaseema,Rice,Kharif,2.5,Red,1048.7,Drip,215785,1,0,80.9,155841,89994,0.2527
FC-000733,MH,MH-Western,Soybean,Kharif,0.91,Laterite,742.9,Tubewell,72003,5,0,100.0,40000,4341,0.2135
FC-000734,UP,UP-Bundelkhand,Wheat,Rabi,0.77,Alluvial,901.4,Canal,89642,2,0,76.3,63092,50374,0.4788
FC-000735,HR,HR-South,Mustard,Rabi,0.2,ClayLoam,468.4,Tubewell,49035,3,0,66.6,40000,24950,0.6275
FC-000736,KA,KA-Central,Groundnut,Rabi,0.43,Alluvial,1164.8,Tubewell,44570,2,0,78.4,40000,14715,0.3131
FC-000737,TN,TN-West,Rice,Rabi,1.48,Red,1085.2,Canal,138271,2,0,73.9,70086,0,0.3258
FC-000738,TN,TN-Delta,Rice,Rabi,3.32,Laterite,1088.8,Rainfed,162644,2,0,77.2,217614,89683,0.249
FC-000739,BR,BR-North,Rice,Rabi,3.1,Alluvial,1034.9,Rainfed,254069,2,0,98.7,234299,0,0.2669
FC-000740,BR,BR-South,Wheat,Rabi,3.75,Alluvial,1078.8,Tubewell,292202,6,0,94.0,227672,40048,0.2789
FC-000741,RJ,RJ-Marwar,Millet,Kharif,1.51,Alluvial,667.7,Canal,98454,3,0,80.0,40000,6443,0.3894
FC-000742,AP,AP-Rayalaseema,Maize,Rabi,0.82,Alluvial,902.0,Drip,70819,3,0,36.1,41824,0,0.3346
FC-000743,AP,AP-Coastal,Sugarcane,Rabi,1.06,Alluvial,1006.4,Tubewell,98341,0,0,77.9,173977,5652,0.0928
FC-000744,GJ,GJ-South,Rice,Kharif,1.39,Alluvial,919.7,Tubewell,143330,0,0,71.9,69666,87314,0.6551
FC-000745,MH,MH-Vidarbha,Cotton,Kharif,0.56,Alluvial,1098.5,Rainfed,70106,7,0,93.8,47335,23857,0.2757
FC-000746,TN,TN-North,Sugarcane,Rabi,1.74,Alluvial,564.0,Rainfed,139249,4,0,77.1,173202,45839,0.5062
FC-000747,UP,UP-Central,Wheat,Rabi,3.97,ClayLoam,1036.5,Drip,306246,1,0,99.7,228733,28274,0.1858
FC-000748,TN,TN-West,Rice,Rabi,0.91,Alluvial,1026.9,Canal,59223,3,0,73.9,40000,82736,0.6454
FC-000749,PB,PB-Majha,Wheat,Rabi,1.64,Alluvial,597.6,Rainfed,138139,2,0,65.9,59236,5238,0.365
FC-000750,MP,MP-Bundelkhand,Wheat,Rabi,0.75,Red,1118.3,Canal,56082,2,0,82.1,46133,14157,0.2784
FC-000751,KA,KA-South,Groundnut,Rabi,3.65,Red,1036.0,Canal,206802,0,0,77.4,244602,13728,0.0727
FC-000752,TN,TN-North,Soybean,Kharif,1.44,Black,327.2,Tubewell,136441,1,0,72.3,40000,231813,0.8493
FC-000753,BR,BR-Gangetic,Wheat,Rabi,0.9,Alluvial,1130.8,Canal,70757,4,0,90.1,43135,9270,0.2204
FC-000754,MP,MP-Chambal,Wheat,Rabi,0.98,Red,874.9,Drip,115750,1,0,80.3,64155,56709,0.5727
FC-000755,MP,MP-Chambal,Wheat,Rabi,1.93,Black,858.7,Canal,120467,5,0,75.5,72618,32864,0.5071
FC-000756,BR,BR-North,Rice,Kharif,0.87,Alluvial,791.4,Rainfed,98603,4,0,73.5,51274,10712,0.6878
FC-000757,BR,BR-North,Mustard,Rabi,0.54,ClayLoam,1165.0,Canal,73321,4,0,94.7,40000,134174,0.688
FC-000758,MH,MH-Western,Soybean,Kharif,0.77,Black,959.9,Canal,56122,4,0,75.9,40000,86493,0.5621
FC-000759,KA,KA-Coastal,Millet,Kharif,0.92,Red,670.6,Rainfed,103778,2,0,60.8,40000,35981,0.7852
FC-000760,TN,TN-Delta,Maize,Rabi,0.31,Black,1124.3,Canal,46997,3,0,94.7,40000,27207,0.3169
FC-000761,MH,MH-Vidarbha,Sugarcane,Rabi,2.15,Black,1090.6,Tubewell,170766,5,0,63.4,371886,23693,0.1572
FC-000762,TN,TN-Delta,Pulses,Kharif,0.83,Red,919.2,Canal,103347,0,0,83.4,40000,19057,0.5523
FC-000763,MP,MP-Malwa,Pulses,Rabi,2.68,Black,1151.9,Canal,180832,2,0,50.7,75954,0,0.6468
FC-000764,UP,UP-Eastern,Sugarcane,Kharif,8.49,ClayLoam,1061.7,Tubewell,701736,3,0,70.0,700000,36785,0.1812
FC-000765,BR,BR-Gangetic,Rice,Kharif,0.56,ClayLoam,1014.5,Drip,88499,1,0,81.7,52244,41411,0.54
FC-000766,AP,AP-Rayalaseema,Rice,Rabi,1.64,Alluvial,1116.7,Rainfed,154708,1,0,74.5,106980,20589,0.3063
FC-000767,TG,TG-North,Groundnut,Rabi,1.06,Black,960.8,Drip,111270,3,0,99.1,56521,22133,0.1898
FC-000768,MP,MP-Malwa,Pulses,Kharif,0.72,Black,976.1,Rainfed,90941,4,0,95.8,40000,0,0.3496
FC-000769,KA,KA-Coastal,Millet,Kharif,0.99,Alluvial,1296.3,Tubewell,69696,2,0,69.9,40000,18756,0.3284
FC-000770,TG,TG-South,Rice,Kharif,1.48,Red,592.9,Rainfed,97031,2,0,75.8,62223,9309,0.444
FC-000771,MP,MP-Chambal,Soybean,Kharif,0.66,Black,911.5,Rainfed,87226,3,0,69.7,40000,62763,0.8302
FC-000772,MH,MH-Vidarbha,Wheat,Rabi,2.27,Black,1086.1,Canal,180582,2,0,58.5,237187,12882,0.2093
FC-000773,GJ,GJ-South,Groundnut,Kharif,1.3,Black,998.3,Canal,92157,1,0,100.0,77854,33451,0.1604
FC-000774,KA,KA-Central,Cotton,Kharif,1.8,Alluvial,1513.2,Rainfed,139919,1,0,76.5,129499,42820,0.2187
FC-000775,MH,MH-Marathwada,Cotton,Kharif,1.53,Alluvial,961.5,Drip,80437,3,1,42.5,77044,193723,0.8447
FC-000776,MP,MP-Bundelkhand,Soybean,Kharif,0.71,Black,987.9,Rainfed,64617,4,0,90.9,40813,19792,0.3147
FC-000777,TG,TG-Central,Pulses,Kharif,0.74,Red,923.3,Drip,90994,1,0,89.8,40000,0,0.3087
FC-000778,MP,MP-Chambal,Wheat,Rabi,0.54,Black,754.5,Tubewell,61214,4,0,97.8,40000,35203,0.4565
FC-000779,MP,MP-Chambal,Maize,Rabi,4.97,ClayLoam,912.6,Canal,324018,1,0,93.3,141354,31954,0.3859
FC-000780,MH,MH-Konkan,Soybean,Kharif,1.4,Alluvial,665.9,Rainfed,93436,7,1,38.3,40000,21452,0.8316
FC-000781,AP,AP-Rayalaseema,Groundnut,Kharif,1.36,Red,635.7,Canal,87609,2,0,37.6,77421,26982,0.4746
FC-000782,MP,MP-Mahakoshal,Wheat,Rabi,0.96,Alluvial,1172.2,Rainfed,97037,5,0,70.8,56672,136506,0.7922
FC-000783,MH,MH-Konkan,Sugarcane,Kharif,6.42,Laterite,1295.5,Tubewell,677131,0,0,66.9,700000,13429,0.1295
FC-000784,AP,AP-Coastal,Groundnut,Kharif,1.5,ClayLoam,863.4,Canal,87645,2,0,66.5,100748,45965,0.3183
FC-000785,MH,MH-Vidarbha,Cotton,Kharif,0.66,Black,696.1,Drip,97751,2,1,51.2,75381,155934,0.8116
FC-000786,HR,HR-West,Rice,Kharif,0.39,Alluvial,410.2,Tubewell,51884,2,0,76.0,40000,0,0.2481
FC-000787,GJ,GJ-Saurashtra,Sugarcane,Rabi,0.43,Sandy,658.9,Canal,57815,2,0,70.0,66950,13648,0.4985
FC-000788,MH,MH-Marathwada,Pulses,Rabi,0.86,Black,1206.1,Canal,93378,2,0,68.3,40000,4616,0.4626
FC-000789,MH,MH-Western,Cotton,Kharif,1.15,Red,950.0,Canal,120227,3,0,64.2,74430,28495,0.4439
FC-000790,TG,TG-South,Maize,Rabi,0.56,Red,1074.1,Rainfed,55233,2,0,100.0,40000,0,0.2543
FC-000791,UP,UP-Central,Rice,Kharif,1.28,Alluvial,1016.8,Tubewell,78350,2,0,55.9,70433,0,0.3043
FC-000792,UP,UP-Western,Soybean,Kharif,1.37,Sandy,818.3,Rainfed,136810,2,0,95.8,44251,13716,0.6734
FC-000793,TN,TN-North,Rice,Rabi,1.69,Red,568.2,Drip,149708,2,0,59.6,92835,22502,0.2508
FC-000794,RJ,RJ-Marwar,Pulses,Kharif,0.58,Alluvial,288.0,Rainfed,85109,0,0,83.3,40000,9059,0.5852
FC-000795,GJ,GJ-Saurashtra,Cotton,Kharif,1.1,Sandy,656.0,Rainfed,102739,1,0,78.1,64863,5403,0.2992
FC-000796,KA,KA-Coastal,Sugarcane,Kharif,2.26,Red,1219.5,Canal,248134,6,0,64.1,318521,13634,0.2065
FC-000797,MH,MH-Western,Wheat,Rabi,1.62,Black,1111.5,Drip,170723,1,0,100.0,125278,5739,0.0831
FC-000798,TN,TN-North,Rice,Kharif,1.71,Black,650.0,Tubewell,104531,2,0,44.0,99804,8147,0.3191
FC-000799,PB,PB-Majha,Rice,Kharif,0.42,ClayLoam,666.0,Tubewell,45661,4,0,74.7,40000,0,0.2183
FC-000800,BR,BR-Gangetic,Rice,Kharif,0.59,ClayLoam,1017.7,Tubewell,79302,2,0,97.7,53023,19977,0.3844
FC-000801,TN,TN-West,Rice,Rabi,0.22,Red,821.2,Tubewell,57794,0,1,54.7,40000,52462,0.8415
FC-000802,UP,UP-Bundelkhand,Sugarcane,Rabi,1.45,Alluvial,907.0,Tubewell,128961,1,0,81.8,306875,10932,0.1887
FC-000803,MP,MP-Chambal,Rice,Rabi,2.46,ClayLoam,1033.9,Tubewell,155758,3,0,77.8,104040,54938,0.301
FC-000804,MH,MH-Vidarbha,Cotton,Kharif,3.72,Black,1204.9,Drip,216645,2,0,83.5,223242,0,0.1119
FC-000805,KA,KA-South,Wheat,Rabi,1.41,Sandy,806.5,Drip,117081,2,0,58.0,56944,8511,0.3152
FC-000806,MP,MP-Bundelkhand,Rice,Rabi,1.08,Alluvial,990.9,Canal,81083,0,0,78.2,72049,76351,0.207
FC-000807,AP,AP-Upland,Pulses,Rabi,1.17,ClayLoam,688.7,Rainfed,95538,0,1,37.9,41932,41766,0.8814
FC-000808,PB,PB-Doaba,Cotton,Kharif,1.6,Alluvial,650.0,Rainfed,85411,1,0,64.4,98641,14184,0.3579
FC-000809,PB,PB-Doaba,Rice,Kharif,1.41,Alluvial,688.0,Tubewell,125232,1,0,96.2,91893,19654,0.2265
FC-000810,UP,UP-Western,Maize,Kharif,0.25,Alluvial,1062.1,Rainfed,53977,2,0,73.6,40000,14708,0.4482
FC-000811,HR,HR-East,Rice,Kharif,0.35,Alluvial,495.1,Tubewell,54387,1,1,55.1,40000,42628,0.8057
FC-000812,TG,TG-South,Pulses,Kharif,0.75,ClayLoam,843.9,Drip,89106,1,0,69.3,40000,99695,0.7611
FC-000813,AP,AP-Coastal,Pulses,Kharif,2.8,Red,889.6,Canal,224057,2,0,62.5,84924,26674,0.6867
FC-000814,UP,UP-Eastern,Maize,Kharif,1.22,ClayLoam,937.8,Drip,126196,1,1,73.1,40000,18058,0.7952
FC-000815,BR,BR-Gangetic,Maize,Kharif,0.26,Alluvial,1583.8,Rainfed,62848,3,0,75.8,40000,17711,0.4146
FC-000816,RJ,RJ-Mewar,Pulses,Rabi,4.09,Sandy,335.9,Canal,249769,1,0,80.9,58926,20382,0.6807
FC-000817,PB,PB-Malwa,Wheat,Rabi,1.3,Alluvial,748.4,Tubewell,76132,3,0,87.2,73077,51444,0.2684
FC-000818,KA,KA-Coastal,Wheat,Rabi,2.47,Laterite,1103.0,Canal,245689,0,0,76.8,137213,14858,0.1795
FC-000819,MH,MH-Marathwada,Sugarcane,Rabi,1.34,Black,727.2,Canal,156428,0,0,79.5,172998,10935,0.3233
FC-000820,RJ,RJ-Shekhawati,Groundnut,Rabi,0.75,ClayLoam,339.2,Rainfed,65030,3,0,92.2,40000,0,0.3745
FC-000821,TG,TG-South,Cotton,Kharif,0.69,Black,888.1,Canal,86890,2,0,84.3,77093,35354,0.3328
FC-000822,RJ,RJ-Mewar,Cotton,Kharif,1.61,Sandy,664.7,Tubewell,99610,3,0,62.9,54841,6799,0.2531
FC-000823,RJ,RJ-Hadoti,Millet,Kharif,1.02,ClayLoam,743.7,Rainfed,62659,5,0,77.3,40000,14778,0.3129
FC-000824,PB,PB-Majha,Mustard,Rabi,8.65,Alluvial,762.7,Drip,624766,1,0,60.7,405380,18676,0.1622
FC-000825,GJ,GJ-Saurashtra,Cotton,Kharif,1.16,ClayLoam,644.9,Rainfed,96245,0,0,100.0,119037,21993,0.1473
FC-000826,MH,MH-Western,Cotton,Kharif,0.31,Laterite,1077.4,Canal,40431,0,0,64.1,40000,23747,0.2921
FC-000827,AP,AP-Upland,Cotton,Kharif,0.44,Red,1004.4,Rainfed,49961,1,0,77.1,40000,5463,0.2321
FC-000828,PB,PB-Majha,Wheat,Rabi,3.04,Alluvial,874.8,Canal,195871,3,0,74.9,245912,18883,0.1468
FC-000829,MH,MH-Western,Cotton,Kharif,1.05,Black,996.9,Rainfed,71946,1,0,51.5,94842,104771,0.3691
FC-000830,BR,BR-South,Maize,Rabi,0.7,Alluvial,1113.3,Tubewell,58637,3,0,75.3,40000,45342,0.544
FC-000831,MH,MH-Marathwada,Wheat,Rabi,3.58,Laterite,1223.3,Rainfed,357765,4,0,84.2,244643,16186,0.2632
FC-000832,UP,UP-Central,Wheat,Rabi,2.3,Alluvial,792.8,Tubewell,177654,5,0,83.0,163813,7431,0.2461
FC-000833,HR,HR-East,Rice,Rabi,0.55,Alluvial,392.9,Tubewell,54281,2,0,69.4,40142,0,0.2902
FC-000834,MH,MH-Vidarbha,Cotton,Kharif,5.18,Black,958.2,Canal,232230,2,0,89.4,287228,32710,0.0994
FC-000835,MH,MH-Konkan,Wheat,Rabi,4.58,Sandy,751.4,Tubewell,355766,4,0,64.7,239284,109379,0.305
FC-000836,BR,BR-North,Rice,Rabi,0.58,ClayLoam,1237.6,Rainfed,60896,2,0,77.7,40000,0,0.4689
FC-000837,TN,TN-North,Rice,Kharif,0.71,Red,842.8,Tubewell,51457,1,0,99.0,40000,10215,0.2549
FC-000838,GJ,GJ-South,Mustard,Rabi,1.55,Black,737.4,Drip,80152,4,0,79.2,40000,10428,0.4321
FC-000839,HR,HR-East,Wheat,Rabi,0.38,Sandy,447.2,Drip,41955,2,0,63.6,40000,83751,0.52
FC-000840,GJ,GJ-Central,Wheat,Rabi,0.31,Alluvial,1055.4,Rainfed,45542,3,0,72.0,40000,205626,0.7101
FC-000841,UP,UP-Central,Sugarcane,Kharif,1.22,ClayLoam,982.0,Tubewell,150512,3,0,79.1,234518,6321,0.1451
FC-000842,UP,UP-Eastern,Wheat,Rabi,0.2,Red,718.4,Tubewell,59480,2,1,41.2,40000,24393,0.794
FC-000843,KA,KA-South,Rice,Rabi,2.95,Red,1680.5,Rainfed,302599,2,0,81.0,222242,15581,0.3965
FC-000844,BR,BR-Gangetic,Maize,Kharif,0.53,Alluvial,1199.3,Rainfed,76789,4,0,72.1,40000,17897,0.5661
FC-000845,MP,MP-Bundelkhand,Wheat,Rabi,0.8,Red,1128.7,Rainfed,87337,6,0,70.4,40431,110906,0.8441
FC-000846,MH,MH-Marathwada,Pulses,Rabi,1.49,Laterite,730.0,Tubewell,82359,1,0,90.2,40000,8172,0.3536
FC-000847,BR,BR-South,Rice,Rabi,1.16,Alluvial,1462.4,Drip,86998,0,0,62.0,61963,24461,0.277
FC-000848,RJ,RJ-Marwar,Millet,Kharif,1.54,Alluvial,441.3,Canal,145232,3,1,48.5,40000,187351,0.8266
FC-000849,RJ,RJ-Marwar,Cotton,Kharif,1.88,Alluvial,504.2,Canal,132732,1,0,97.4,112730,5594,0.1149
FC-000850,PB,PB-Doaba,Maize,Kharif,3.29,ClayLoam,416.8,Drip,233678,3,0,81.0,137354,42109,0.3889
FC-000851,KA,KA-North,Sugarcane,Kharif,0.77,Alluvial,1434.8,Tubewell,74530,3,1,47.0,133359,357846,0.8485
FC-000852,UP,UP-Central,Wheat,Rabi,0.72,Sandy,653.0,Tubewell,92668,2,0,94.6,40000,10557,0.5513
FC-000853,MP,MP-Chambal,Maize,Rabi,0.35,Alluvial,924.9,Rainfed,48373,1,0,60.9,40000,29358,0.5342
FC-000854,PB,PB-Malwa,Wheat,Rabi,0.83,Black,684.3,Tubewell,93127,4,0,89.4,40000,127191,0.7207
FC-000855,TG,TG-South,Cotton,Kharif,3.21,Black,472.1,Rainfed,261661,2,1,39.5,165471,33211,0.8871
FC-000856,MP,MP-Chambal,Pulses,Rabi,0.8,Black,1079.0,Rainfed,80769,2,0,89.4,40000,44728,0.6995
FC-000857,KA,KA-North,Rice,Rabi,1.44,Red,817.9,Tubewell,89703,1,0,39.4,77175,52224,0.3479
FC-000858,BR,BR-Gangetic,Rice,Rabi,3.97,Alluvial,1378.5,Tubewell,203566,0,0,81.3,133071,42571,0.1953
FC-000859,BR,BR-North,Rice,Kharif,1.37,Alluvial,1175.0,Rainfed,144624,0,0,47.9,72386,0,0.4997
FC-000860,HR,HR-West,Wheat,Rabi,0.89,ClayLoam,629.0,Drip,93452,1,0,80.0,85801,30922,0.1192
FC-000861,GJ,GJ-North,Cotton,Kharif,1.16,Alluvial,788.9,Rainfed,67851,1,0,66.0,67643,5440,0.1925
FC-000862,TG,TG-Central,Maize,Kharif,0.78,Alluvial,990.0,Tubewell,62669,0,0,75.7,40000,0,0.2447
FC-000863,AP,AP-Upland,Soybean,Kharif,1.54,Black,1158.8,Rainfed,128172,4,0,75.1,49062,18286,0.6582
FC-000864,KA,KA-Central,Cotton,Kharif,0.51,Alluvial,1319.8,Canal,62807,5,0,86.3,40000,0,0.1372
FC-000865,TN,TN-Delta,Groundnut,Kharif,0.54,Laterite,944.7,Rainfed,53536,2,0,72.1,40000,24932,0.217
FC-000866,UP,UP-Bundelkhand,Cotton,Kharif,0.37,ClayLoam,943.3,Rainfed,49418,1,0,57.7,40000,110125,0.806
FC-000867,MH,MH-Konkan,Soybean,Kharif,2.93,Red,893.1,Tubewell,239825,3,0,88.2,106687,17076,0.4006
FC-000868,BR,BR-Gangetic,Sugarcane,Rabi,0.95,Alluvial,1049.5,Canal,118892,2,0,68.2,147709,5838,0.3227
FC-000869,TG,TG-Central,Rice,Kharif,1.37,Black,971.0,Drip,149022,2,0,93.4,81375,0,0.2248
FC-000870,UP,UP-Eastern,Maize,Kharif,0.63,Alluvial,1081.8,Tubewell,51871,1,0,81.1,40000,40156,0.2414
FC-000871,AP,AP-Upland,Groundnut,Rabi,2.64,Black,742.0,Tubewell,193700,2,0,94.7,178333,5151,0.1743
FC-000872,BR,BR-South,Wheat,Rabi,1.16,ClayLoam,1422.5,Canal,88168,2,0,81.4,71387,0,0.1419
FC-000873,UP,UP-Central,Rice,Rabi,0.66,Sandy,936.9,Tubewell,59869,1,0,74.8,40000,20023,0.3241
FC-000874,AP,AP-Coastal,Pulses,Kharif,0.99,Alluvial,916.3,Rainfed,108549,3,0,61.5,40000,0,0.6135
FC-000875,BR,BR-South,Sugarcane,Rabi,0.97,Alluvial,1404.9,Rainfed,103172,2,0,72.1,204639,72123,0.2183
FC-000876,UP,UP-Bundelkhand,Wheat,Rabi,1.39,Alluvial,1323.7,Canal,82768,2,0,99.4,63441,30290,0.2064
FC-000877,KA,KA-South,Cotton,Kharif,0.63,Black,998.9,Canal,49883,6,0,86.1,40000,35998,0.3393
FC-000878,AP,AP-Coastal,Pulses,Rabi,0.44,Alluvial,1068.7,Drip,78560,2,0,80.9,40000,9228,0.6003
FC-000879,GJ,GJ-South,Rice,Rabi,4.68,ClayLoam,900.0,Rainfed,407752,3,0,68.8,402777,9390,0.2113
FC-000880,BR,BR-Gangetic,Groundnut,Rabi,0.7,Alluvial,1149.6,Rainfed,50677,0,0,81.0,45758,11758,0.2308
FC-000881,RJ,RJ-Hadoti,Pulses,Kharif,0.51,ClayLoam,510.7,Rainfed,66474,2,0,80.1,40000,26203,0.3924
FC-000882,MP,MP-Bundelkhand,Groundnut,Kharif,1.5,Black,1221.1,Canal,99078,0,0,65.7,40000,0,0.5749
FC-000883,TN,TN-Delta,Cotton,Kharif,0.77,Black,1062.8,Canal,60454,2,0,65.1,59983,35834,0.295
FC-000884,MH,MH-Marathwada,Soybean,Kharif,1.59,ClayLoam,831.7,Tubewell,94010,3,0,86.8,55857,41109,0.3045
FC-000885,MP,MP-Bundelkhand,Soybean,Kharif,3.99,Black,812.5,Drip,275920,3,0,67.1,174965,9084,0.2368
FC-000886,RJ,RJ-Mewar,Mustard,Rabi,2.23,Alluvial,500.1,Canal,202289,4,1,29.0,96460,267789,0.924
FC-000887,TN,TN-South,Sugarcane,Kharif,0.54,Alluvial,856.4,Canal,73810,2,0,100.0,93975,59542,0.1479
FC-000888,MP,MP-Chambal,Soybean,Kharif,0.43,Black,853.0,Rainfed,64709,2,0,77.5,40000,96305,0.8223
FC-000889,BR,BR-South,Rice,Kharif,3.49,ClayLoam,1549.9,Drip,250617,5,0,64.0,198775,103941,0.3267
FC-000890,HR,HR-East,Mustard,Rabi,1.14,Alluvial,787.8,Tubewell,108716,3,0,74.9,40000,0,0.4571
FC-000891,MP,MP-Mahakoshal,Soybean,Kharif,1.42,Black,1027.8,Tubewell,118504,2,0,89.9,65825,2769,0.2917
FC-000892,TN,TN-North,Millet,Kharif,0.6,Red,618.0,Canal,66886,0,1,74.9,40000,117430,0.8158
FC-000893,MP,MP-Malwa,Wheat,Rabi,0.95,Black,1148.0,Drip,107338,3,0,67.0,70231,0,0.1509
FC-000894,GJ,GJ-Central,Cotton,Kharif,3.4,Alluvial,719.7,Tubewell,233675,2,0,90.6,384781,79768,0.1042
FC-000895,AP,AP-Rayalaseema,Rice,Rabi,1.0,Alluvial,1038.4,Canal,74434,2,0,82.4,95433,11937,0.1332
FC-000896,MH,MH-Vidarbha,Sugarcane,Rabi,1.44,Black,1091.2,Tubewell,133917,2,0,75.6,268942,24648,0.1176
FC-000897,KA,KA-North,Maize,Rabi,0.53,ClayLoam,1430.1,Drip,81395,2,0,100.0,40000,24283,0.4403
FC-000898,BR,BR-South,Wheat,Rabi,2.19,Alluvial,1336.5,Tubewell,133470,4,0,100.0,123716,0,0.1314
FC-000899,MH,MH-Vidarbha,Pulses,Kharif,1.48,Black,932.1,Rainfed,120026,4,0,91.6,46883,289201,0.6775
FC-000900,HR,HR-West,Maize,Kharif,3.69,Alluvial,447.4,Rainfed,222570,6,0,68.0,111765,60943,0.6164
FC-000901,HR,HR-East,Rice,Rabi,1.92,Sandy,616.8,Tubewell,96188,0,0,97.3,101763,99186,0.222
FC-000902,MP,MP-Chambal,Soybean,Kharif,0.72,Red,670.5,Drip,59609,1,0,61.3,40000,23695,0.5139
FC-000903,AP,AP-Coastal,Rice,Rabi,1.44,Black,975.5,Drip,93933,3,0,85.5,95063,81612,0.2407
FC-000904,TG,TG-Central,Cotton,Kharif,2.67,Alluvial,398.9,Rainfed,243226,4,0,76.2,109093,10851,0.8142
FC-000905,UP,UP-Eastern,Sugarcane,Rabi,1.73,Alluvial,1302.3,Canal,195115,4,0,95.0,258537,19610,0.1212
FC-000906,BR,BR-Gangetic,Wheat,Rabi,2.35,Alluvial,1197.9,Canal,150122,0,0,87.6,146781,10204,0.2146
FC-000907,MH,MH-Western,Pulses,Rabi,2.23,Black,818.5,Rainfed,159396,2,1,34.2,57397,13279,0.7967
FC-000908,RJ,RJ-Hadoti,Mustard,Rabi,1.08,Red,670.0,Canal,109096,3,0,61.3,48215,147948,0.7322
FC-000909,UP,UP-Bundelkhand,Pulses,Rabi,1.2,Alluvial,994.5,Tubewell,66442,0,0,74.8,40000,25105,0.3361
FC-000910,TN,TN-South,Maize,Kharif,2.61,Black,987.5,Canal,198628,0,0,100.0,125487,21870,0.169
FC-000911,RJ,RJ-Mewar,Millet,Kharif,0.81,Sandy,250.0,Drip,75727,2,0,90.9,40000,1787,0.2992
FC-000912,UP,UP-Central,Wheat,Rabi,1.13,Alluvial,971.0,Canal,95695,3,0,76.6,43156,25106,0.5644
FC-000913,MH,MH-Vidarbha,Rice,Rabi,1.45,Black,1306.7,Canal,124109,4,0,86.2,82428,0,0.2435
FC-000914,TN,TN-South,Rice,Kharif,1.46,Red,789.7,Tubewell,141144,2,1,70.2,59645,84327,0.8888
FC-000915,HR,HR-West,Wheat,Rabi,0.95,Alluvial,724.5,Tubewell,79472,3,0,74.1,48520,20908,0.4658
FC-000916,RJ,RJ-Hadoti,Wheat,Rabi,1.61,Red,544.8,Tubewell,136645,4,0,78.4,98230,127552,0.3672
FC-000917,UP,UP-Central,Mustard,Rabi,0.76,ClayLoam,761.9,Tubewell,76089,2,0,89.3,47628,9531,0.3527
FC-000918,UP,UP-Western,Rice,Rabi,1.43,Laterite,902.9,Rainfed,91930,1,0,85.8,106771,6015,0.2343
FC-000919,KA,KA-North,Pulses,Rabi,3.3,ClayLoam,1220.2,Tubewell,189710,2,0,72.8,59130,17402,0.6448
FC-000920,BR,BR-North,Rice,Kharif,0.94,Alluvial,1111.8,Canal,98889,2,1,9.6,63902,141378,0.8546
FC-000921,MP,MP-Malwa,Soybean,Kharif,0.7,Red,958.4,Rainfed,61578,3,0,68.9,40000,22935,0.5431
FC-000922,GJ,GJ-South,Maize,Kharif,1.54,Alluvial,942.3,Rainfed,112063,2,0,62.0,62120,3512,0.3868
FC-000923,GJ,GJ-Saurashtra,Mustard,Rabi,1.16,Alluvial,250.0,Tubewell,94837,1,0,91.0,40000,24468,0.4972
FC-000924,HR,HR-East,Cotton,Kharif,0.64,Alluvial,576.9,Canal,71825,1,0,49.6,46227,2622,0.4017
FC-000925,TG,TG-North,Pulses,Kharif,1.35,Red,652.4,Rainfed,83570,4,0,61.6,52930,74060,0.6888
FC-000926,BR,BR-South,Wheat,Rabi,0.71,Alluvial,1112.2,Rainfed,87125,1,1,48.5,40482,52609,0.8246
FC-000927,BR,BR-South,Maize,Rabi,0.58,Alluvial,1126.9,Tubewell,72630,4,0,77.5,40000,28649,0.5319
FC-000928,RJ,RJ-Marwar,Millet,Kharif,0.35,Sandy,362.2,Drip,70371,1,0,91.6,40000,26502,0.6208
FC-000929,KA,KA-Coastal,Sugarcane,Rabi,1.12,Red,1036.4,Tubewell,181049,4,0,94.3,246512,132131,0.2946
FC-000930,BR,BR-North,Wheat,Rabi,0.97,ClayLoam,1213.9,Drip,120315,0,0,73.8,71689,47016,0.3704
FC-000931,BR,BR-North,Cotton,Kharif,0.49,Alluvial,1482.5,Drip,53727,2,0,93.1,40000,19247,0.2269
FC-000932,MH,MH-Western,Pulses,Kharif,0.54,Red,1108.9,Rainfed,75499,0,0,90.3,40000,58467,0.6962
FC-000933,KA,KA-Central,Rice,Rabi,0.97,Red,822.5,Tubewell,69744,2,0,100.0,53664,17242,0.354
FC-000934,UP,UP-Eastern,Rice,Rabi,0.23,Sandy,1041.1,Canal,50990,1,0,77.9,40000,32924,0.5605
FC-000935,MP,MP-Malwa,Soybean,Kharif,2.28,Laterite,639.1,Rainfed,189031,3,0,69.5,91212,23901,0.565
FC-000936,MP,MP-Chambal,Wheat,Rabi,2.12,Sandy,1020.9,Tubewell,199146,3,0,89.7,70443,34739,0.6086
FC-000937,RJ,RJ-Shekhawati,Groundnut,Kharif,1.61,Sandy,296.4,Tubewell,144629,1,0,72.9,59760,33285,0.7098
FC-000938,MH,MH-Konkan,Pulses,Rabi,1.89,Black,1243.8,Drip,116865,3,0,100.0,74859,29223,0.2361
FC-000939,MP,MP-Chambal,Groundnut,Kharif,2.03,Black,830.9,Rainfed,136318,2,0,77.7,123096,61402,0.4521
FC-000940,GJ,GJ-Central,Pulses,Rabi,0.45,Black,1313.9,Drip,58952,7,0,73.5,40000,11443,0.4794
FC-000941,PB,PB-Majha,Cotton,Kharif,2.38,ClayLoam,600.7,Canal,122738,2,0,70.9,144270,4230,0.1995
FC-000942,UP,UP-Eastern,Sugarcane,Kharif,5.94,Alluvial,1074.7,Drip,470036,1,0,91.8,700000,0,0.1196
FC-000943,MH,MH-Western,Maize,Kharif,0.87,Alluvial,1032.8,Rainfed,101107,3,0,75.4,40000,47796,0.6239
FC-000944,GJ,GJ-South,Cotton,Kharif,0.43,Alluvial,597.9,Rainfed,66109,1,0,84.3,40000,36833,0.6913
FC-000945,KA,KA-North,Pulses,Kharif,1.64,Red,860.9,Drip,98774,2,0,83.2,66719,15145,0.2906
FC-000946,TG,TG-Central,Cotton,Kharif,0.7,Black,1136.1,Tubewell,96101,1,1,47.4,40000,38319,0.8631
FC-000947,MH,MH-Marathwada,Soybean,Kharif,0.36,ClayLoam,788.2,Tubewell,54353,3,0,72.6,40000,3988,0.3955
FC-000948,UP,UP-Central,Sugarcane,Kharif,0.89,Alluvial,877.9,Canal,82177,0,0,85.5,89150,208122,0.6761
FC-000949,BR,BR-South,Rice,Kharif,0.86,Alluvial,1088.1,Canal,82749,0,0,66.1,41447,38857,0.7486
FC-000950,UP,UP-Bundelkhand,Rice,Kharif,3.25,Alluvial,1073.4,Tubewell,261684,1,0,79.2,151526,33771,0.355
FC-000951,AP,AP-Upland,Cotton,Kharif,0.31,Black,962.9,Rainfed,56264,1,0,95.0,40000,60206,0.6783
FC-000952,MH,MH-Marathwada,Soybean,Kharif,1.03,Laterite,1098.3,Tubewell,113845,0,0,78.8,40000,0,0.4311
FC-000953,MP,MP-Bundelkhand,Wheat,Rabi,5.3,Sandy,1339.1,Canal,456568,4,0,69.6,322266,167378,0.5018
FC-000954,HR,HR-South,Wheat,Rabi,1.38,Alluvial,856.6,Canal,129189,1,0,63.8,77163,0,0.2954
FC-000955,MH,MH-Marathwada,Maize,Kharif,0.44,ClayLoam,880.5,Canal,63526,1,0,71.8,40000,5060,0.244
FC-000956,GJ,GJ-Central,Wheat,Rabi,0.48,Black,988.3,Tubewell,75384,3,0,76.1,40000,31079,0.5703
FC-000957,MP,MP-Malwa,Pulses,Kharif,0.41,Alluvial,971.3,Rainfed,71304,3,1,7.7,40000,32422,0.7992
FC-000958,PB,PB-Majha,Maize,Rabi,0.9,Alluvial,520.0,Tubewell,104658,0,0,69.2,40000,32775,0.7209
FC-000959,RJ,RJ-Marwar,Millet,Kharif,1.13,ClayLoam,325.5,Tubewell,97172,1,0,73.9,40000,29299,0.6645
FC-000960,BR,BR-South,Rice,Rabi,1.11,Alluvial,1437.2,Drip,82707,2,0,100.0,59898,0,0.1732
FC-000961,GJ,GJ-North,Cotton,Kharif,4.65,Sandy,379.0,Canal,249027,3,0,57.7,316677,57973,0.3852
FC-000962,TG,TG-South,Pulses,Kharif,3.98,Red,765.4,Canal,289618,3,0,84.0,173848,31030,0.3295
FC-000963,TG,TG-Central,Cotton,Kharif,0.53,Sandy,1236.2,Canal,43928,0,0,70.3,40000,0,0.1563
FC-000964,MH,MH-Vidarbha,Cotton,Kharif,0.6,Black,663.7,Rainfed,74382,6,1,53.6,40000,0,0.7909
FC-000965,AP,AP-Upland,Rice,Rabi,0.45,ClayLoam,720.9,Rainfed,47759,3,0,72.4,40000,12735,0.4971
FC-000966,GJ,GJ-North,Soybean,Kharif,1.95,Sandy,703.4,Rainfed,116569,2,0,61.2,40000,0,0.5933
FC-000967,TN,TN-North,Cotton,Kharif,0.9,Black,1246.6,Tubewell,108228,3,0,95.3,98985,8657,0.1794
FC-000968,BR,BR-South,Rice,Kharif,2.15,Alluvial,1096.8,Canal,212147,2,0,65.1,129224,0,0.2485
FC-000969,KA,KA-Coastal,Maize,Kharif,0.82,Alluvial,994.3,Tubewell,65752,3,1,72.1,43352,107941,0.8427
FC-000970,TG,TG-South,Rice,Rabi,2.25,Black,1084.8,Rainfed,133933,1,0,78.9,188369,6925,0.1449
FC-000971,BR,BR-South,Rice,Rabi,2.22,Alluvial,937.5,Rainfed,218138,2,0,55.3,119707,15195,0.5072
FC-000972,GJ,GJ-North,Cotton,Kharif,1.4,Black,734.4,Tubewell,73361,2,0,70.5,58682,9036,0.3475
FC-000973,KA,KA-Central,Maize,Rabi,1.05,Black,898.7,Tubewell,93487,0,0,57.2,40000,0,0.5625
FC-000974,PB,PB-Doaba,Pulses,Rabi,1.2,Alluvial,856.8,Drip,77058,1,0,69.5,53681,9166,0.2588
FC-000975,AP,AP-Upland,Rice,Rabi,1.06,ClayLoam,780.1,Canal,128561,3,0,100.0,81914,0,0.2715
FC-000976,AP,AP-Upland,Maize,Rabi,0.55,Black,947.6,Canal,44857,3,0,67.4,40000,0,0.1938
FC-000977,TN,TN-West,Rice,Kharif,2.5,Sandy,1277.0,Canal,227257,1,0,84.0,90600,3788,0.5486
FC-000978,HR,HR-East,Wheat,Rabi,1.64,Alluvial,619.9,Rainfed,140205,0,0,64.4,111771,6547,0.217
FC-000979,TG,TG-North,Cotton,Kharif,1.72,Black,737.7,Tubewell,146327,6,0,71.6,96853,0,0.2993
FC-000980,RJ,RJ-Mewar,Millet,Kharif,0.98,Red,594.8,Rainfed,102754,2,0,77.4,40000,0,0.5691
FC-000981,MH,MH-Marathwada,Cotton,Kharif,0.32,Black,1058.7,Drip,55919,2,0,41.1,40000,9456,0.4401
FC-000982,RJ,RJ-Hadoti,Mustard,Rabi,1.89,Sandy,356.6,Tubewell,174159,1,0,80.3,98858,31430,0.2957
FC-000983,PB,PB-Doaba,Wheat,Rabi,0.35,Alluvial,675.7,Rainfed,55573,1,1,27.0,40000,73016,0.8274
FC-000984,TN,TN-West,Pulses,Kharif,1.16,Red,662.8,Rainfed,85188,4,0,70.5,46731,0,0.5504
FC-000985,KA,KA-South,Sugarcane,Kharif,0.99,Laterite,535.0,Drip,116449,0,0,79.2,130324,32255,0.4727
FC-000986,TG,TG-North,Cotton,Kharif,0.69,Red,1360.6,Rainfed,89311,1,0,52.8,74332,23258,0.426
FC-000987,PB,PB-Doaba,Cotton,Kharif,1.18,Alluvial,508.8,Canal,115638,3,0,57.8,59915,43521,0.6736
FC-000988,UP,UP-Bundelkhand,Mustard,Rabi,3.29,Alluvial,949.8,Tubewell,231101,4,0,89.1,202064,62122,0.2132
FC-000989,BR,BR-South,Rice,Rabi,3.14,Alluvial,1352.4,Canal,258541,3,0,89.5,163788,123050,0.4761
FC-000990,AP,AP-Upland,Rice,Kharif,0.32,Alluvial,791.5,Tubewell,50115,0,0,87.6,40000,2785,0.2687
FC-000991,GJ,GJ-Saurashtra,Groundnut,Kharif,0.68,Black,764.7,Tubewell,78761,2,0,79.6,40000,10959,0.3328
FC-000992,MP,MP-Mahakoshal,Cotton,Kharif,4.08,Red,1238.6,Tubewell,248392,5,0,67.0,510043,12143,0.1637
FC-000993,GJ,GJ-Central,Rice,Rabi,0.87,Black,727.4,Canal,95595,5,0,63.9,40000,0,0.5774
FC-000994,MP,MP-Chambal,Cotton,Kharif,1.34,Black,1282.7,Canal,113576,7,0,74.7,63656,61521,0.6007
FC-000995,BR,BR-Gangetic,Wheat,Rabi,5.83,Alluvial,851.8,Tubewell,389303,4,0,95.0,419988,0,0.1221
FC-000996,TN,TN-West,Wheat,Rabi,1.85,Black,785.8,Rainfed,145307,1,0,93.6,78859,13030,0.4016
FC-000997,TN,TN-North,Maize,Rabi,4.32,Red,766.8,Tubewell,339197,0,0,74.5,180323,0,0.2106
FC-000998,UP,UP-Western,Wheat,Rabi,1.01,Alluvial,954.8,Rainfed,101455,0,0,73.3,78566,38918,0.2937
FC-000999,MH,MH-Konkan,Cotton,Kharif,2.23,Black,1352.4,Rainfed,184757,2,0,51.1,167429,18360,0.4351
FC-001000,KA,KA-Central,Rice,Kharif,1.36,Red,1875.6,Canal,113632,6,0,83.6,63406,33088,0.37
FC-001001,MH,MH-Konkan,Pulses,Rabi,1.1,Alluvial,1026.2,Rainfed,75735,2,0,93.9,44798,6248,0.2762
FC-001002,HR,HR-South,Rice,Rabi,1.47,Sandy,460.0,Rainfed,123795,4,1,67.0,52778,44455,0.8601
FC-001003,PB,PB-Doaba,Wheat,Rabi,0.64,Red,545.9,Rainfed,76047,4,0,44.9,47231,0,0.4636
FC-001004,HR,HR-East,Rice,Rabi,1.39,Sandy,517.3,Drip,109825,3,0,88.9,82714,0,0.2037
FC-001005,KA,KA-South,Pulses,Rabi,1.7,Black,1326.8,Drip,134317,2,0,94.9,79972,13585,0.1827
FC-001006,KA,KA-South,Sugarcane,Kharif,0.7,Red,1322.7,Rainfed,122932,4,0,79.6,120970,0,0.3174
FC-001007,HR,HR-West,Rice,Kharif,0.98,Alluvial,459.7,Rainfed,90184,3,0,63.0,45330,31705,0.6654
FC-001008,AP,AP-Coastal,Cotton,Kharif,2.07,ClayLoam,908.0,Canal,104384,3,0,69.5,79916,151263,0.6215
FC-001009,RJ,RJ-Mewar,Cotton,Kharif,10.0,Sandy,666.1,Tubewell,800000,3,0,68.4,671633,5488,0.2721
FC-001010,MP,MP-Malwa,Groundnut,Rabi,2.2,Black,940.9,Canal,170950,3,0,75.9,105025,293511,0.648
FC-001011,MP,MP-Bundelkhand,Cotton,Kharif,1.28,Red,733.8,Tubewell,86070,3,0,48.4,75632,0,0.1984
FC-001012,MP,MP-Bundelkhand,Maize,Rabi,0.83,Red,1175.2,Drip,52641,1,0,71.9,40000,89297,0.5833
FC-001013,KA,KA-Coastal,Pulses,Rabi,2.56,Red,956.3,Canal,209965,0,0,64.4,52306,0,0.7601
FC-001014,MH,MH-Marathwada,Cotton,Kharif,5.1,Sandy,737.1,Drip,512478,1,0,75.8,500267,1571,0.1384
FC-001015,MP,MP-Mahakoshal,Pulses,Rabi,0.67,Black,777.6,Tubewell,59642,2,0,24.7,40000,51235,0.6929
FC-001016,BR,BR-Gangetic,Rice,Rabi,4.5,Alluvial,1498.9,Drip,340237,2,0,92.2,364885,52537,0.1954
FC-001017,PB,PB-Doaba,Wheat,Rabi,0.4,ClayLoam,654.2,Rainfed,66221,2,1,63.3,40225,359065,0.9076
FC-001018,MP,MP-Bundelkhand,Soybean,Kharif,1.16,Black,905.3,Canal,87981,4,0,100.0,40000,16067,0.3217
FC-001019,KA,KA-South,Maize,Rabi,0.49,Black,1369.5,Rainfed,78213,1,0,88.9,40000,13350,0.5605
FC-001020,MP,MP-Bundelkhand,Cotton,Kharif,0.74,Black,779.0,Rainfed,59457,4,0,57.6,64827,17277,0.4804
FC-001021,MH,MH-Konkan,Pulses,Rabi,1.52,Black,913.7,Rainfed,99952,1,0,74.0,40146,23000,0.4594
FC-001022,TN,TN-Delta,Groundnut,Rabi,1.1,Alluvial,843.3,Tubewell,92076,2,0,78.2,93998,16193,0.2214
FC-001023,TG,TG-Central,Cotton,Kharif,5.64,Red,895.5,Canal,398467,1,0,78.8,233565,89979,0.5192
FC-001024,TN,TN-North,Maize,Kharif,1.83,Alluvial,942.8,Canal,177604,2,0,84.3,100185,44011,0.292
FC-001025,TG,TG-North,Rice,Rabi,0.69,Red,1018.1,Rainfed,59471,4,0,94.1,40000,4389,0.3015
FC-001026,UP,UP-Central,Wheat,Rabi,0.92,ClayLoam,757.9,Rainfed,60273,1,0,86.0,54890,0,0.313
FC-001027,TG,TG-Central,Rice,Kharif,1.49,ClayLoam,839.6,Tubewell,83352,2,0,74.1,79634,75238,0.4844
FC-001028,TG,TG-Central,Pulses,Kharif,1.18,Alluvial,1062.1,Tubewell,129701,4,1,38.1,49206,15415,0.8077
FC-001029,UP,UP-Central,Mustard,Rabi,0.55,ClayLoam,862.1,Tubewell,80521,3,1,34.4,40000,361811,0.8881
FC-001030,HR,HR-East,Mustard,Rabi,0.62,ClayLoam,537.9,Canal,59125,2,0,80.0,40000,7037,0.3018
FC-001031,KA,KA-Central,Sugarcane,Rabi,0.68,Alluvial,1228.4,Rainfed,79267,3,0,80.3,147186,30858,0.1497
FC-001032,UP,UP-Western,Maize,Rabi,0.37,Alluvial,1017.5,Drip,37426,5,0,71.1,40000,175921,0.838
FC-001033,RJ,RJ-Mewar,Mustard,Rabi,2.1,Sandy,548.4,Canal,169857,7,0,54.6,86710,10142,0.4554
FC-001034,TN,TN-Delta,Rice,Kharif,1.47,Black,1246.3,Rainfed,99853,3,0,57.4,96528,11541,0.2104
FC-001035,MP,MP-Chambal,Pulses,Rabi,1.77,Black,960.5,Canal,124326,3,0,68.1,66079,0,0.2365
FC-001036,UP,UP-Eastern,Millet,Kharif,5.37,ClayLoam,1033.1,Rainfed,379129,3,1,5.0,107777,78902,0.8481
FC-001037,TG,TG-Central,Rice,Rabi,0.51,Alluvial,817.3,Drip,52764,3,0,66.6,40000,64724,0.5491
FC-001038,UP,UP-Western,Wheat,Rabi,3.67,Sandy,807.2,Rainfed,175303,2,0,91.1,110123,27669,0.4289
FC-001039,BR,BR-Gangetic,Groundnut,Rabi,0.84,Alluvial,1367.0,Rainfed,83497,3,0,45.1,71031,67583,0.3818
FC-001040,MH,MH-Western,Wheat,Rabi,0.44,Black,918.1,Canal,44952,3,0,65.3,40000,49110,0.5533
FC-001041,GJ,GJ-South,Groundnut,Kharif,2.14,Black,1111.7,Drip,167079,0,0,76.4,147817,13078,0.1098
FC-001042,PB,PB-Malwa,Wheat,Rabi,3.06,Alluvial,539.6,Rainfed,278358,1,0,50.3,227923,167572,0.6635
FC-001043,PB,PB-Doaba,Wheat,Rabi,1.28,ClayLoam,427.2,Rainfed,91343,1,0,100.0,73967,24120,0.3273
FC-001044,BR,BR-Gangetic,Pulses,Kharif,3.12,Alluvial,1606.2,Canal,257762,4,0,99.5,102072,0,0.3902
FC-001045,BR,BR-Gangetic,Wheat,Rabi,0.72,Alluvial,1286.0,Canal,85889,1,0,54.4,42639,22813,0.6803
FC-001046,PB,PB-Doaba,Wheat,Rabi,0.26,Alluvial,688.1,Canal,35237,1,0,66.3,40000,15017,0.3813
FC-001047,GJ,GJ-Saurashtra,Cotton,Kharif,2.24,Sandy,745.8,Drip,159352,2,0,69.2,134202,9090,0.215
FC-001048,TN,TN-North,Pulses,Kharif,4.04,Laterite,802.6,Tubewell,208766,4,0,66.5,116003,122179,0.54
FC-001049,HR,HR-South,Wheat,Rabi,0.69,Alluvial,580.7,Rainfed,56782,2,0,91.4,51383,0,0.1481
FC-001050,GJ,GJ-South,Cotton,Kharif,2.82,Red,718.1,Rainfed,148573,1,0,71.9,91088,0,0.3094
FC-001051,PB,PB-Majha,Rice,Rabi,1.63,Alluvial,876.4,Canal,127637,1,0,84.8,125852,0,0.1308
FC-001052,KA,KA-South,Pulses,Rabi,0.91,Sandy,1249.6,Rainfed,80442,4,0,69.0,40000,28279,0.438
FC-001053,KA,KA-Coastal,Millet,Kharif,1.59,ClayLoam,590.1,Canal,107655,2,0,63.6,40000,0,0.4795
FC-001054,RJ,RJ-Hadoti,Millet,Kharif,3.72,Red,606.4,Drip,288082,0,1,33.6,95112,242642,0.7791
FC-001055,MP,MP-Chambal,Soybean,Kharif,0.89,ClayLoam,1267.1,Drip,55430,1,0,61.0,40000,63929,0.7027
FC-001056,MP,MP-Mahakoshal,Pulses,Rabi,2.44,Alluvial,1210.5,Canal,214715,2,0,78.0,72956,0,0.5457
FC-001057,TG,TG-North,Rice,Rabi,1.53,Laterite,1020.9,Rainfed,96533,3,0,73.7,63338,49744,0.5653
FC-001058,KA,KA-North,Pulses,Rabi,2.06,Red,1299.0,Drip,180962,4,0,79.3,93621,118466,0.5556
FC-001059,TN,TN-South,Cotton,Kharif,1.47,Alluvial,1007.9,Tubewell,124021,1,0,44.3,82746,124947,0.7921
FC-001060,KA,KA-South,Cotton,Kharif,1.5,Red,1228.0,Canal,152973,1,0,100.0,107592,6562,0.2245
FC-001061,MH,MH-Konkan,Soybean,Kharif,0.56,Sandy,826.3,Canal,72517,0,0,71.3,40000,65820,0.7576
FC-001062,BR,BR-South,Wheat,Rabi,2.8,Alluvial,1328.3,Rainfed,252879,1,0,70.8,157892,20416,0.2562
FC-001063,HR,HR-West,Rice,Rabi,2.11,Alluvial,412.1,Rainfed,202102,4,0,92.6,119953,0,0.5986
FC-001064,KA,KA-Central,Rice,Rabi,0.46,Alluvial,1199.2,Drip,57740,2,0,86.2,40000,66286,0.722
FC-001065,GJ,GJ-Central,Rice,Kharif,0.37,Alluvial,548.7,Canal,57716,0,0,100.0,40000,34339,0.5564
FC-001066,MP,MP-Malwa,Pulses,Rabi,1.29,ClayLoam,1371.0,Canal,131024,3,1,36.8,40000,0,0.8051
FC-001067,UP,UP-Eastern,Wheat,Rabi,1.74,Alluvial,1154.8,Rainfed,128556,4,0,78.9,89153,400000,0.7106
FC-001068,BR,BR-North,Mustard,Rabi,1.88,Alluvial,1554.7,Canal,155121,1,0,48.1,92134,1992,0.51
FC-001069,BR,BR-South,Rice,Rabi,0.47,Alluvial,1553.9,Canal,80071,2,0,61.1,40000,58334,0.7295
FC-001070,UP,UP-Western,Sugarcane,Kharif,5.06,Alluvial,813.4,Drip,552411,0,0,84.2,680257,32334,0.0694
FC-001071,TG,TG-Central,Groundnut,Rabi,1.92,Black,1107.9,Rainfed,112513,4,0,68.5,64415,49048,0.6077
FC-001072,MH,MH-Konkan,Maize,Rabi,0.83,Laterite,946.7,Canal,69026,3,0,81.1,40000,82928,0.7795
FC-001073,AP,AP-Upland,Millet,Kharif,1.54,Black,1131.3,Drip,138880,4,0,77.1,40000,0,0.6011
FC-001074,MH,MH-Marathwada,Wheat,Rabi,1.34,Black,1443.3,Rainfed,107078,4,0,93.9,47165,52885,0.5161
FC-001075,MP,MP-Bundelkhand,Wheat,Rabi,3.15,Alluvial,919.2,Rainfed,174144,2,0,91.6,196351,0,0.1091
FC-001076,TG,TG-South,Soybean,Kharif,1.64,Red,823.3,Rainfed,150902,1,1,78.7,42663,293173,0.8602
FC-001077,GJ,GJ-Central,Mustard,Rabi,0.54,ClayLoam,524.8,Canal,85540,2,0,47.2,40000,7732,0.5901
FC-001078,PB,PB-Majha,Maize,Rabi,0.44,Alluvial,560.6,Tubewell,41144,3,0,64.1,40000,3667,0.3223
FC-001079,TN,TN-North,Rice,Kharif,1.13,Red,795.6,Canal,98975,4,0,97.5,40000,92629,0.7462
FC-001080,MH,MH-Konkan,Rice,Kharif,1.49,Laterite,921.3,Drip,105259,1,0,64.2,51475,68742,0.6283
FC-001081,GJ,GJ-Central,Rice,Rabi,0.55,Sandy,802.2,Rainfed,76902,1,0,100.0,40000,0,0.3649
FC-001082,MP,MP-Mahakoshal,Pulses,Rabi,1.61,Black,699.6,Tubewell,116443,0,0,67.9,51358,76194,0.8206
FC-001083,MP,MP-Malwa,Rice,Kharif,3.31,Black,1391.4,Rainfed,290874,2,0,74.4,303658,0,0.2384
FC-001084,TN,TN-South,Maize,Kharif,1.61,Red,768.3,Tubewell,82906,1,0,86.6,65606,45116,0.3303
FC-001085,TN,TN-Delta,Sugarcane,Rabi,1.24,Alluvial,1209.9,Canal,162245,3,0,52.7,223236,15968,0.1969
FC-001086,AP,AP-Rayalaseema,Pulses,Kharif,0.84,Black,1159.8,Drip,100384,3,0,80.8,40000,19062,0.4603
FC-001087,HR,HR-East,Rice,Rabi,1.75,Alluvial,604.8,Rainfed,197448,6,0,91.3,133490,0,0.2873
FC-001088,UP,UP-Central,Wheat,Rabi,0.99,Alluvial,1224.1,Drip,109980,1,0,95.3,40000,31538,0.5995
FC-001089,GJ,GJ-Central,Groundnut,Rabi,1.09,Black,992.3,Canal,80466,3,0,63.5,62395,30099,0.1748
FC-001090,AP,AP-Coastal,Groundnut,Kharif,0.55,Alluvial,1010.7,Canal,71204,2,0,69.3,40000,81396,0.7953
FC-001091,UP,UP-Central,Rice,Rabi,0.55,ClayLoam,994.5,Rainfed,72970,3,0,77.3,51836,11607,0.3062
FC-001092,RJ,RJ-Hadoti,Millet,Kharif,1.12,Sandy,533.9,Canal,64747,1,0,71.4,40000,36175,0.4627
FC-001093,HR,HR-South,Maize,Kharif,1.15,Alluvial,734.5,Tubewell,102478,0,0,53.2,65432,144913,0.6737
FC-001094,TN,TN-South,Rice,Rabi,2.57,Black,1256.6,Rainfed,186984,3,0,91.6,138356,0,0.1245
FC-001095,HR,HR-West,Wheat,Rabi,0.76,Alluvial,512.7,Tubewell,73193,2,0,87.0,50327,17175,0.3057
FC-001096,MH,MH-Marathwada,Groundnut,Rabi,1.73,Black,800.8,Tubewell,132760,3,0,65.6,47357,31969,0.683
FC-001097,BR,BR-North,Rice,Rabi,3.95,Alluvial,1230.9,Tubewell,354971,2,0,71.2,253779,26194,0.2453
FC-001098,UP,UP-Central,Pulses,Rabi,1.11,Alluvial,765.8,Rainfed,108092,4,1,15.2,40000,5995,0.8475
FC-001099,TG,TG-Central,Rice,Rabi,0.57,Red,875.3,Tubewell,74071,1,0,73.7,40000,17240,0.4904
FC-001100,HR,HR-East,Cotton,Kharif,0.97,Sandy,519.5,Rainfed,67170,0,0,100.0,79455,25465,0.2143
FC-001101,RJ,RJ-Marwar,Wheat,Rabi,1.34,Alluvial,547.1,Tubewell,92703,3,0,76.0,97863,27179,0.2839
FC-001102,GJ,GJ-Saurashtra,Cotton,Kharif,0.72,Sandy,978.7,Drip,52546,2,0,99.4,42097,8196,0.231
FC-001103,GJ,GJ-North,Groundnut,Kharif,0.98,Alluvial,1063.2,Rainfed,123719,1,0,79.6,70858,87151,0.6086
FC-001104,AP,AP-Upland,Groundnut,Kharif,2.37,ClayLoam,1079.9,Canal,149797,3,0,82.6,118631,233860,0.5122
FC-001105,BR,BR-Gangetic,Mustard,Rabi,0.92,Alluvial,1183.7,Drip,86954,3,0,62.7,59855,22783,0.4161
FC-001106,GJ,GJ-South,Maize,Rabi,1.86,Alluvial,1241.0,Drip,139443,3,0,80.9,84117,11244,0.3241
FC-001107,BR,BR-North,Rice,Kharif,2.13,Alluvial,1653.2,Canal,194509,2,0,68.8,154141,0,0.2185
FC-001108,MP,MP-Malwa,Millet,Kharif,0.73,Red,1098.9,Tubewell,97532,3,0,79.0,40000,40925,0.6247
FC-001109,GJ,GJ-North,Pulses,Kharif,2.14,Sandy,870.1,Canal,103658,0,0,80.2,61653,14623,0.3776
FC-001110,KA,KA-North,Rice,Rabi,0.59,Red,825.5,Tubewell,66362,6,0,76.1,40000,21103,0.6439
FC-001111,AP,AP-Rayalaseema,Pulses,Kharif,0.31,Red,1162.2,Canal,64732,2,0,71.0,40000,0,0.3535
FC-001112,HR,HR-South,Wheat,Rabi,1.34,ClayLoam,378.2,Canal,115695,3,0,100.0,89278,15401,0.2257
FC-001113,MH,MH-Vidarbha,Rice,Kharif,1.19,Alluvial,602.7,Rainfed,102367,2,1,60.0,41133,19703,0.854
FC-001114,TG,TG-North,Maize,Rabi,1.87,ClayLoam,1066.1,Drip,108050,3,0,77.5,86280,122344,0.3745
FC-001115,RJ,RJ-Marwar,Pulses,Kharif,0.62,Sandy,480.6,Drip,70657,5,0,45.8,40000,45589,0.689
FC-001116,PB,PB-Majha,Cotton,Kharif,0.35,ClayLoam,498.4,Drip,48303,0,0,66.0,40000,66250,0.5291
FC-001117,MP,MP-Bundelkhand,Soybean,Kharif,3.73,Black,788.9,Rainfed,177672,1,0,83.2,134296,14452,0.3409
FC-001118,TG,TG-South,Rice,Kharif,0.7,Alluvial,1073.8,Canal,90478,3,0,87.1,40612,7761,0.5788
FC-001119,TG,TG-North,Groundnut,Kharif,3.55,Black,1276.0,Tubewell,275193,1,0,69.6,77414,39507,0.6612
FC-001120,MP,MP-Bundelkhand,Pulses,Rabi,1.3,Red,1019.0,Tubewell,121686,2,0,80.3,40000,10457,0.5439
FC-001121,UP,UP-Central,Wheat,Rabi,0.52,Alluvial,1093.5,Canal,82122,3,0,58.2,40000,53491,0.739
FC-001122,TG,TG-South,Rice,Kharif,1.4,Red,729.2,Drip,110273,1,0,46.4,77470,130326,0.6084
FC-001123,GJ,GJ-Saurashtra,Cotton,Kharif,1.52,Alluvial,986.2,Rainfed,156417,1,0,82.8,64975,13654,0.5856
FC-001124,UP,UP-Central,Rice,Kharif,2.34,Alluvial,571.5,Rainfed,120528,3,0,59.0,108758,158707,0.7874
FC-001125,BR,BR-North,Wheat,Rabi,0.3,Alluvial,1341.3,Drip,55163,3,0,100.0,40000,0,0.1652
FC-001126,UP,UP-Central,Pulses,Rabi,1.63,ClayLoam,1107.0,Tubewell,115980,3,0,69.4,51420,28536,0.4246
FC-001127,PB,PB-Majha,Rice,Kharif,4.39,Alluvial,634.0,Rainfed,210521,1,0,78.5,256517,15881,0.1282
FC-001128,AP,AP-Upland,Maize,Kharif,1.11,ClayLoam,702.3,Tubewell,123960,3,1,53.7,60956,141920,0.8835
FC-001129,MP,MP-Mahakoshal,Pulses,Kharif,2.35,Laterite,672.3,Tubewell,153070,3,0,89.8,65602,11690,0.3017
FC-001130,GJ,GJ-South,Wheat,Rabi,0.52,Red,298.7,Canal,72159,3,1,14.7,40000,39684,0.8785
FC-001131,AP,AP-Rayalaseema,Rice,Kharif,1.25,ClayLoam,1045.6,Canal,92667,1,0,72.9,116598,0,0.127
FC-001132,MH,MH-Konkan,Cotton,Kharif,1.35,Red,818.3,Canal,153314,6,0,86.7,113110,146828,0.322
FC-001133,HR,HR-South,Rice,Kharif,1.33,Alluvial,772.6,Drip,149895,1,0,50.3,103750,2070,0.2812
FC-001134,GJ,GJ-Saurashtra,Groundnut,Kharif,1.83,Red,974.0,Drip,182413,2,0,88.7,151715,5798,0.1238
FC-001135,UP,UP-Bundelkhand,Rice,Rabi,3.95,ClayLoam,746.5,Canal,220299,2,0,66.6,296972,7494,0.1097
FC-001136,MH,MH-Vidarbha,Pulses,Kharif,0.65,Red,930.0,Rainfed,91209,3,0,63.7,40000,25621,0.6034
FC-001137,KA,KA-South,Cotton,Kharif,3.23,Laterite,1017.0,Canal,175261,3,0,86.5,180484,32941,0.1468
FC-001138,AP,AP-Coastal,Rice,Kharif,0.58,ClayLoam,1146.9,Drip,70164,2,0,79.9,40000,36674,0.3787
FC-001139,UP,UP-Western,Rice,Kharif,0.7,Alluvial,919.5,Rainfed,50784,4,0,91.8,40000,20882,0.3155
FC-001140,MH,MH-Western,Pulses,Kharif,1.21,Black,942.2,Drip,95972,1,0,84.3,60156,9060,0.3292
FC-001141,BR,BR-Gangetic,Wheat,Rabi,3.6,ClayLoam,991.0,Canal,205265,0,0,87.4,187697,38852,0.1843
FC-001142,TG,TG-South,Cotton,Kharif,0.65,Red,1099.9,Canal,65938,4,0,70.4,41136,22079,0.3688
FC-001143,MH,MH-Marathwada,Wheat,Rabi,0.74,Black,844.3,Canal,53732,3,0,74.3,40000,12430,0.4135
FC-001144,KA,KA-South,Millet,Kharif,1.41,ClayLoam,949.8,Rainfed,122544,4,0,70.0,41417,11084,0.7126
FC-001145,MP,MP-Malwa,Maize,Kharif,3.64,Black,1043.8,Drip,202580,1,0,62.0,129998,14051,0.2325
FC-001146,UP,UP-Western,Wheat,Rabi,3.65,Alluvial,904.9,Canal,287159,6,0,89.5,195461,79193,0.1984
FC-001147,TG,TG-Central,Millet,Kharif,0.79,ClayLoam,796.9,Tubewell,56212,3,0,61.9,40000,28817,0.449
FC-001148,MH,MH-Marathwada,Rice,Rabi,0.42,Laterite,1051.6,Rainfed,47314,1,1,51.1,40000,266527,0.8931
FC-001149,TG,TG-North,Cotton,Kharif,1.43,Laterite,789.9,Canal,136392,4,0,66.4,61031,0,0.572
FC-001150,MP,MP-Chambal,Soybean,Kharif,0.53,Red,864.9,Canal,81003,0,0,92.9,40000,0,0.3831
FC-001151,UP,UP-Central,Pulses,Rabi,0.77,Alluvial,1094.7,Canal,58408,3,0,63.1,40000,0,0.3347
FC-001152,MH,MH-Marathwada,Soybean,Kharif,0.92,Black,1065.6,Canal,102627,2,0,76.0,40000,9246,0.4869
FC-001153,KA,KA-North,Rice,Rabi,0.78,Laterite,860.1,Tubewell,79488,4,0,79.5,40000,156354,0.9059
FC-001154,BR,BR-Gangetic,Pulses,Kharif,1.28,ClayLoam,1268.7,Canal,78632,2,0,87.8,48173,16509,0.2674
FC-001155,AP,AP-Rayalaseema,Cotton,Kharif,2.64,Alluvial,1134.8,Canal,185393,3,0,87.9,186364,34277,0.1204
FC-001156,GJ,GJ-South,Millet,Kharif,1.56,Black,1112.2,Canal,110218,3,1,53.4,40000,74629,0.7863
FC-001157,BR,BR-North,Mustard,Rabi,2.2,ClayLoam,983.6,Tubewell,157423,1,0,50.4,72766,17275,0.3709
FC-001158,MH,MH-Western,Rice,Rabi,2.24,Black,1081.3,Drip,154218,2,0,88.1,142834,32248,0.2117
FC-001159,TN,TN-West,Maize,Kharif,2.02,Laterite,1076.4,Tubewell,107454,2,0,61.6,74587,12120,0.3606
FC-001160,RJ,RJ-Mewar,Pulses,Kharif,0.87,Alluvial,250.0,Rainfed,67112,2,0,52.9,40000,35056,0.6844
FC-001161,RJ,RJ-Shekhawati,Pulses,Rabi,1.33,ClayLoam,465.5,Canal,97046,4,0,80.7,40000,7998,0.411
FC-001162,RJ,RJ-Marwar,Groundnut,Kharif,1.07,Alluvial,250.0,Canal,111946,2,0,73.3,42482,37146,0.6642
FC-001163,RJ,RJ-Marwar,Pulses,Kharif,1.66,Red,326.8,Tubewell,138183,0,0,97.9,52869,218963,0.7154
FC-001164,MH,MH-Western,Millet,Kharif,1.38,Black,829.8,Canal,126883,1,0,67.1,40000,0,0.6462
FC-001165,UP,UP-Central,Rice,Rabi,4.63,ClayLoam,1229.4,Tubewell,412623,1,0,79.6,312068,3045,0.2102
FC-001166,MH,MH-Konkan,Pulses,Kharif,2.34,Alluvial,980.8,Tubewell,120665,4,0,74.4,44008,71973,0.7605
FC-001167,RJ,RJ-Hadoti,Wheat,Rabi,0.32,ClayLoam,648.4,Canal,70984,4,0,86.3,40000,0,0.3598
FC-001168,HR,HR-South,Rice,Kharif,0.92,Sandy,503.8,Tubewell,89533,2,0,91.4,44766,18305,0.4114
FC-001169,TG,TG-North,Rice,Rabi,0.29,ClayLoam,1044.3,Canal,51302,1,0,80.7,40000,0,0.3586
FC-001170,RJ,RJ-Mewar,Millet,Kharif,4.21,Sandy,339.1,Canal,312023,2,0,67.7,88624,12688,0.6434
FC-001171,AP,AP-Rayalaseema,Groundnut,Kharif,1.02,Black,894.5,Canal,99081,3,0,61.1,70511,21706,0.429
FC-001172,KA,KA-North,Sugarcane,Kharif,1.4,Red,757.3,Drip,103730,0,0,80.7,233480,157478,0.1982
FC-001173,RJ,RJ-Marwar,Mustard,Rabi,3.01,Alluvial,621.4,Tubewell,174536,3,0,63.7,155629,182202,0.3212
FC-001174,BR,BR-South,Rice,Rabi,0.52,Alluvial,1095.4,Canal,74417,5,0,78.3,41476,66668,0.5195
FC-001175,AP,AP-Coastal,Groundnut,Rabi,0.91,Black,729.1,Tubewell,75379,3,0,74.1,48034,13992,0.4279
FC-001176,KA,KA-Coastal,Pulses,Rabi,0.69,Red,1505.8,Canal,72272,3,0,71.2,40000,23668,0.631
FC-001177,BR,BR-North,Rice,Rabi,0.85,Alluvial,1235.9,Canal,90007,2,0,100.0,65742,39468,0.3449
FC-001178,AP,AP-Rayalaseema,Rice,Kharif,0.36,Sandy,948.7,Rainfed,58106,0,0,80.9,40000,0,0.3246
FC-001179,HR,HR-South,Rice,Rabi,2.49,Alluvial,393.8,Tubewell,170304,3,0,96.3,109968,5409,0.2614
FC-001180,GJ,GJ-Saurashtra,Rice,Rabi,1.19,Alluvial,967.7,Rainfed,116034,2,0,54.8,69025,0,0.3206
FC-001181,RJ,RJ-Shekhawati,Wheat,Rabi,3.93,ClayLoam,489.3,Drip,376726,1,0,80.3,243449,10041,0.3459
FC-001182,UP,UP-Central,Cotton,Kharif,0.7,Alluvial,923.6,Rainfed,79947,1,0,82.7,40712,12909,0.6565
FC-001183,MP,MP-Malwa,Groundnut,Rabi,0.88,Red,1211.4,Canal,96687,4,0,73.0,40000,0,0.4988
FC-001184,UP,UP-Eastern,Mustard,Rabi,4.2,Alluvial,1073.0,Canal,247241,2,0,66.2,170919,5034,0.3097
FC-001185,MP,MP-Chambal,Mustard,Rabi,0.68,Sandy,717.8,Rainfed,80423,5,0,68.6,43808,29538,0.4918
FC-001186,RJ,RJ-Marwar,Mustard,Rabi,1.5,Black,250.0,Rainfed,99985,3,0,98.3,52722,0,0.2653
FC-001187,UP,UP-Central,Wheat,Rabi,0.67,Alluvial,1025.8,Tubewell,65458,2,0,91.3,44803,19733,0.3306
FC-001188,UP,UP-Bundelkhand,Pulses,Rabi,5.14,Alluvial,1002.9,Tubewell,332892,3,0,82.0,183312,104481,0.3533
FC-001189,MH,MH-Western,Cotton,Kharif,1.81,Black,794.5,Canal,206965,5,0,53.4,194083,68989,0.3799
FC-001190,MH,MH-Vidarbha,Cotton,Kharif,1.14,Black,1152.1,Tubewell,69613,2,0,69.1,81313,16968,0.1811
FC-001191,TN,TN-South,Maize,Rabi,0.69,Laterite,1033.9,Drip,72331,0,0,71.0,40000,33211,0.508
FC-001192,GJ,GJ-Central,Mustard,Rabi,0.32,Sandy,945.1,Rainfed,48021,1,0,68.1,40000,10495,0.2297
FC-001193,UP,UP-Central,Sugarcane,Kharif,2.33,Alluvial,908.0,Tubewell,161291,3,0,91.7,237644,11833,0.1644
FC-001194,TG,TG-North,Cotton,Kharif,7.86,Red,1202.0,Tubewell,469736,3,0,30.8,700000,25730,0.235
FC-001195,KA,KA-South,Millet,Kharif,2.71,Red,1135.0,Canal,168410,4,0,79.3,40000,0,0.8424
FC-001196,BR,BR-North,Rice,Rabi,1.98,Alluvial,1426.9,Rainfed,186632,2,0,65.4,144123,23781,0.3092
FC-001197,GJ,GJ-Central,Rice,Rabi,1.09,Black,873.6,Canal,67247,0,0,66.1,78361,0,0.1107
FC-001198,MP,MP-Bundelkhand,Mustard,Rabi,2.7,Black,1000.6,Rainfed,140976,1,0,78.3,143076,279279,0.5503
FC-001199,MP,MP-Mahakoshal,Rice,Rabi,2.68,Alluvial,1246.5,Tubewell,158155,1,0,71.0,213442,59385,0.1763
FC-001200,RJ,RJ-Shekhawati,Mustard,Rabi,3.4,Black,444.4,Canal,195909,2,0,68.9,153743,23023,0.1532
FC-001201,MH,MH-Vidarbha,Soybean,Kharif,1.37,Laterite,672.5,Canal,92972,2,0,57.3,40000,17020,0.5422
FC-001202,MP,MP-Bundelkhand,Pulses,Kharif,4.7,Alluvial,871.2,Tubewell,218899,2,0,77.0,213995,8565,0.1765
FC-001203,GJ,GJ-Saurashtra,Pulses,Rabi,0.8,Alluvial,927.5,Canal,72876,3,0,84.5,40000,12084,0.3309
FC-001204,MH,MH-Vidarbha,Soybean,Kharif,2.44,Black,980.1,Rainfed,196563,6,0,73.7,74276,18826,0.6252
FC-001205,HR,HR-East,Wheat,Rabi,3.08,ClayLoam,427.2,Rainfed,237652,4,0,94.9,113645,6362,0.3851
FC-001206,AP,AP-Upland,Rice,Kharif,1.36,Sandy,1146.6,Canal,130853,4,0,65.5,71380,3437,0.3578
FC-001207,MH,MH-Western,Rice,Kharif,1.06,Laterite,743.6,Rainfed,121139,1,0,67.5,48226,166375,0.8915
FC-001208,AP,AP-Rayalaseema,Rice,Rabi,2.04,Black,1159.6,Rainfed,150237,2,0,49.4,63134,26544,0.597
FC-001209,RJ,RJ-Shekhawati,Millet,Kharif,0.77,Sandy,451.3,Rainfed,67335,3,0,99.1,40000,0,0.2033
FC-001210,UP,UP-Bundelkhand,Wheat,Rabi,1.34,Black,1235.5,Canal,79018,2,0,63.1,92946,23672,0.1639
FC-001211,HR,HR-West,Rice,Rabi,3.55,ClayLoam,617.5,Rainfed,255299,1,0,51.5,187450,21732,0.3053
FC-001212,MP,MP-Mahakoshal,Soybean,Kharif,0.66,Sandy,1101.6,Rainfed,81959,3,0,69.3,40000,23362,0.7469
FC-001213,MH,MH-Vidarbha,Soybean,Kharif,1.04,ClayLoam,721.5,Canal,94510,2,0,69.0,60693,116996,0.6264
FC-001214,HR,HR-East,Mustard,Rabi,0.55,Alluvial,548.2,Drip,76544,2,0,56.1,40000,10303,0.4116
FC-001215,AP,AP-Coastal,Rice,Kharif,0.83,Black,838.2,Rainfed,88770,0,0,89.6,58470,0,0.3046
FC-001216,PB,PB-Majha,Maize,Kharif,0.39,Alluvial,767.8,Tubewell,71213,1,0,62.7,40000,25303,0.5267
FC-001217,UP,UP-Central,Wheat,Rabi,0.49,Alluvial,1124.8,Rainfed,51952,2,0,50.1,40000,65227,0.6722
FC-001218,MP,MP-Mahakoshal,Soybean,Kharif,0.51,Laterite,1057.4,Rainfed,64694,4,0,82.4,40000,29394,0.4944
FC-001219,PB,PB-Malwa,Wheat,Rabi,3.42,Alluvial,543.7,Rainfed,250589,4,0,100.0,159241,46690,0.2538
FC-001220,TN,TN-South,Millet,Kharif,1.16,Laterite,980.5,Rainfed,80178,2,0,87.8,40000,33853,0.3631
FC-001221,TN,TN-West,Groundnut,Kharif,0.69,Red,1319.1,Canal,87807,1,0,71.7,43902,0,0.608
FC-001222,MH,MH-Konkan,Millet,Kharif,0.7,Black,984.6,Canal,51387,0,0,71.4,40000,72621,0.7079
FC-001223,MH,MH-Marathwada,Pulses,Rabi,2.9,Black,557.9,Tubewell,236248,4,0,82.9,98447,89727,0.5997
FC-001224,TG,TG-North,Cotton,Kharif,3.03,Black,709.0,Canal,305928,3,0,74.3,263262,4288,0.2242
FC-001225,RJ,RJ-Marwar,Millet,Kharif,1.44,Red,593.6,Tubewell,85088,3,0,75.4,40000,31252,0.6595
FC-001226,BR,BR-South,Wheat,Rabi,0.65,Alluvial,1217.1,Drip,87269,3,0,98.4,42499,10338,0.4584
FC-001227,RJ,RJ-Marwar,Wheat,Rabi,0.52,Sandy,526.8,Canal,71721,2,0,63.1,40000,51556,0.7511
FC-001228,MH,MH-Konkan,Pulses,Rabi,2.04,Black,831.4,Drip,158514,5,0,63.3,40000,0,0.745
FC-001229,MP,MP-Malwa,Soybean,Kharif,0.64,Alluvial,895.0,Canal,89171,2,0,82.2,40000,0,0.5018
FC-001230,BR,BR-Gangetic,Wheat,Rabi,6.88,Alluvial,1291.5,Rainfed,393584,4,0,64.2,323383,16283,0.1806
FC-001231,GJ,GJ-North,Wheat,Rabi,2.5,Black,852.2,Tubewell,163960,3,0,67.3,228118,43407,0.1928
FC-001232,MP,MP-Bundelkhand,Wheat,Rabi,0.92,Red,1421.7,Canal,66539,0,0,98.3,53027,11288,0.1924
FC-001233,UP,UP-Central,Wheat,Rabi,1.91,ClayLoam,1126.1,Drip,114507,0,0,93.5,122968,32828,0.1439
FC-001234,AP,AP-Rayalaseema,Rice,Rabi,2.59,Alluvial,713.4,Rainfed,231130,2,0,76.1,145708,0,0.5988
FC-001235,KA,KA-South,Pulses,Rabi,0.41,Red,1280.9,Canal,73817,2,0,63.9,40000,42572,0.686
FC-001236,UP,UP-Central,Sugarcane,Kharif,0.7,Alluvial,1019.6,Canal,93754,2,0,95.6,119240,0,0.1737
FC-001237,MP,MP-Bundelkhand,Soybean,Kharif,4.63,Red,1074.2,Tubewell,255962,3,0,69.0,94190,7171,0.5676
FC-001238,AP,AP-Upland,Rice,Rabi,2.44,Laterite,819.4,Drip,183814,3,0,100.0,220453,0,0.1634
FC-001239,UP,UP-Central,Sugarcane,Kharif,1.26,Alluvial,934.0,Drip,98759,4,0,57.1,139623,5028,0.1987
FC-001240,HR,HR-West,Millet,Kharif,1.44,Alluvial,583.3,Tubewell,108976,6,0,72.8,45318,46204,0.6834
FC-001241,RJ,RJ-Mewar,Pulses,Rabi,1.87,Alluvial,320.9,Tubewell,135169,1,1,66.7,45797,68647,0.7819
FC-001242,BR,BR-Gangetic,Rice,Rabi,1.0,Alluvial,1014.2,Canal,106048,3,0,63.0,43818,6937,0.4477
FC-001243,AP,AP-Rayalaseema,Rice,Kharif,0.64,ClayLoam,943.5,Rainfed,89187,3,0,60.5,40000,43598,0.7422
FC-001244,AP,AP-Upland,Rice,Rabi,0.59,Sandy,1017.2,Rainfed,51049,2,1,32.7,40000,52943,0.7777
FC-001245,UP,UP-Central,Millet,Kharif,1.19,Alluvial,831.1,Rainfed,95624,2,0,80.6,40000,6215,0.5822
FC-001246,KA,KA-South,Groundnut,Kharif,1.7,Alluvial,1141.9,Rainfed,126333,2,0,100.0,115665,85638,0.1957
FC-001247,UP,UP-Central,Wheat,Rabi,4.45,Alluvial,690.3,Rainfed,216976,3,0,79.7,317295,116937,0.2802
FC-001248,TG,TG-Central,Rice,Rabi,0.58,Black,725.2,Canal,69642,0,0,56.8,40000,18915,0.5576
FC-001249,MP,MP-Chambal,Soybean,Kharif,1.15,Alluvial,979.1,Rainfed,122104,3,0,65.2,44315,34392,0.7088
FC-001250,AP,AP-Coastal,Maize,Kharif,0.95,Black,1008.8,Rainfed,100402,2,0,88.9,40000,132663,0.817
FC-001251,GJ,GJ-Saurashtra,Cotton,Kharif,1.2,Black,1283.2,Rainfed,127556,5,0,100.0,70000,0,0.2548
FC-001252,MP,MP-Bundelkhand,Soybean,Kharif,0.68,Red,846.4,Tubewell,52412,3,0,76.9,40000,2822,0.3839
FC-001253,UP,UP-Bundelkhand,Wheat,Rabi,1.13,ClayLoam,1007.9,Tubewell,79417,4,0,100.0,87581,16561,0.1387
FC-001254,PB,PB-Majha,Wheat,Rabi,0.51,Sandy,614.7,Rainfed,79280,2,0,75.4,40000,0,0.5207
FC-001255,BR,BR-North,Rice,Kharif,1.15,ClayLoam,1074.4,Canal,63407,0,0,73.7,40000,25239,0.4628
FC-001256,PB,PB-Doaba,Rice,Rabi,0.71,ClayLoam,853.9,Tubewell,67573,2,0,82.3,40000,26357,0.505
FC-001257,UP,UP-Eastern,Wheat,Rabi,0.89,Alluvial,1200.8,Tubewell,70414,3,0,67.3,61069,49908,0.2168
FC-001258,HR,HR-South,Mustard,Rabi,6.32,Sandy,504.7,Drip,446838,1,0,73.1,362947,58010,0.2969
FC-001259,PB,PB-Majha,Wheat,Rabi,2.27,Alluvial,680.8,Canal,188376,1,0,100.0,127345,0,0.1488
FC-001260,AP,AP-Upland,Pulses,Kharif,0.77,Alluvial,775.9,Canal,63669,5,0,66.0,40000,9726,0.3305
FC-001261,MH,MH-Vidarbha,Soybean,Kharif,0.6,Laterite,891.2,Tubewell,50300,1,1,67.2,40000,311405,0.8205
FC-001262,GJ,GJ-Saurashtra,Pulses,Kharif,1.43,Sandy,769.0,Drip,101681,1,0,76.8,40000,354654,0.7306
FC-001263,AP,AP-Coastal,Millet,Kharif,0.2,Red,738.2,Drip,31127,1,0,87.1,40000,0,0.1696
FC-001264,RJ,RJ-Hadoti,Groundnut,Rabi,1.19,Sandy,444.8,Canal,105307,1,0,82.3,63670,7682,0.2317
FC-001265,MH,MH-Vidarbha,Millet,Kharif,1.19,Black,1259.6,Tubewell,126869,2,0,63.1,40000,0,0.7127
FC-001266,TN,TN-Delta,Pulses,Rabi,1.07,Alluvial,933.1,Canal,108648,2,1,35.7,40000,35033,0.8478
FC-001267,GJ,GJ-Central,Groundnut,Kharif,1.39,Black,737.1,Rainfed,76658,1,0,57.8,55348,36315,0.6237
FC-001268,GJ,GJ-South,Millet,Kharif,0.99,ClayLoam,943.5,Canal,104926,2,0,57.2,40000,34032,0.6792
FC-001269,MH,MH-Western,Cotton,Kharif,2.4,Red,987.9,Tubewell,213585,3,0,71.8,231849,38191,0.2899
FC-001270,MP,MP-Malwa,Pulses,Kharif,0.67,ClayLoam,1579.7,Rainfed,78894,1,0,100.0,40000,143011,0.8059
FC-001271,GJ,GJ-Saurashtra,Mustard,Rabi,0.66,Alluvial,733.0,Rainfed,88997,5,0,82.1,41593,25771,0.6865
FC-001272,BR,BR-South,Wheat,Rabi,0.9,ClayLoam,1197.2,Tubewell,87422,2,0,68.6,63159,47331,0.3737
FC-001273,KA,KA-Coastal,Sugarcane,Kharif,1.47,Black,1030.4,Rainfed,197418,1,0,76.5,198499,39372,0.2392
FC-001274,UP,UP-Central,Sugarcane,Rabi,0.84,ClayLoam,874.0,Tubewell,70208,1,0,100.0,145948,16477,0.1025
FC-001275,TG,TG-South,Pulses,Kharif,0.89,ClayLoam,910.5,Drip,57059,5,0,79.0,40000,87410,0.5119
FC-001276,AP,AP-Coastal,Rice,Kharif,1.65,Red,1064.3,Rainfed,92163,3,0,97.3,94363,43274,0.1748
FC-001277,TG,TG-Central,Maize,Kharif,0.94,Red,951.0,Canal,102820,3,0,77.7,40000,0,0.4718
FC-001278,UP,UP-Bundelkhand,Cotton,Kharif,0.68,Alluvial,837.3,Canal,53593,4,0,55.9,53038,11731,0.2394
FC-001279,HR,HR-West,Rice,Kharif,3.23,Alluvial,547.6,Rainfed,215445,2,0,100.0,283557,0,0.1036
FC-001280,KA,KA-South,Pulses,Kharif,0.3,Black,1135.2,Canal,57329,1,0,100.0,40000,32108,0.3778
FC-001281,GJ,GJ-Saurashtra,Cotton,Kharif,1.41,ClayLoam,870.9,Tubewell,112751,4,0,100.0,96813,4996,0.1695
FC-001282,RJ,RJ-Hadoti,Cotton,Kharif,1.74,Sandy,328.9,Tubewell,112567,0,0,70.3,71755,17952,0.422
FC-001283,MH,MH-Vidarbha,Sugarcane,Kharif,0.38,Alluvial,780.5,Rainfed,42079,0,0,53.3,54418,8289,0.3632
FC-001284,PB,PB-Malwa,Mustard,Rabi,2.75,Alluvial,637.1,Canal,206586,1,0,72.2,158856,10269,0.2547
FC-001285,BR,BR-North,Wheat,Rabi,1.8,Alluvial,991.5,Tubewell,101558,6,0,100.0,78550,17093,0.1649
FC-001286,RJ,RJ-Shekhawati,Mustard,Rabi,0.68,ClayLoam,444.5,Drip,90599,2,0,98.1,40000,3396,0.5283
FC-001287,MP,MP-Chambal,Wheat,Rabi,0.72,Alluvial,1009.1,Rainfed,56459,2,0,97.9,47716,9714,0.2514
FC-001288,AP,AP-Upland,Groundnut,Rabi,1.22,Red,1021.2,Canal,130827,1,0,88.1,56620,10949,0.3858
FC-001289,HR,HR-East,Rice,Rabi,2.29,Alluvial,602.3,Tubewell,160193,1,0,75.0,167395,19976,0.1445
FC-001290,TN,TN-Delta,Groundnut,Kharif,0.58,Red,1216.6,Tubewell,50601,1,0,90.8,40000,15297,0.3943
FC-001291,TN,TN-North,Maize,Rabi,0.36,Alluvial,718.5,Tubewell,67223,2,0,79.1,40000,15697,0.5999
FC-001292,RJ,RJ-Marwar,Wheat,Rabi,1.06,Sandy,312.5,Tubewell,58181,0,0,100.0,40000,16695,0.2534
FC-001293,MH,MH-Vidarbha,Sugarcane,Kharif,2.07,Sandy,987.3,Drip,281321,2,0,66.2,427008,131455,0.1059
FC-001294,BR,BR-South,Pulses,Kharif,1.44,Alluvial,1091.4,Canal,116846,3,0,83.1,42224,34075,0.7112
FC-001295,GJ,GJ-Central,Groundnut,Kharif,1.52,Alluvial,747.2,Tubewell,141200,4,0,76.2,109448,12863,0.2873
FC-001296,BR,BR-North,Rice,Rabi,1.36,Alluvial,1038.2,Rainfed,146597,1,0,59.4,69571,13843,0.5427
FC-001297,TG,TG-North,Soybean,Kharif,1.16,Red,1048.5,Rainfed,118783,3,0,100.0,59502,12659,0.353
FC-001298,GJ,GJ-Saurashtra,Rice,Kharif,5.65,Black,1017.0,Canal,297481,1,0,100.0,375013,18842,0.0617
FC-001299,PB,PB-Doaba,Pulses,Rabi,0.42,Alluvial,659.5,Rainfed,43545,0,0,75.4,40000,400000,0.8916
FC-001300,RJ,RJ-Shekhawati,Maize,Rabi,1.38,Sandy,408.6,Rainfed,102430,2,0,86.3,70762,1726,0.2801
FC-001301,GJ,GJ-Saurashtra,Sugarcane,Rabi,1.2,Black,782.9,Tubewell,163024,3,0,55.7,197301,393069,0.4656
FC-001302,RJ,RJ-Marwar,Groundnut,Kharif,1.43,ClayLoam,528.8,Tubewell,99536,2,0,79.1,95648,49634,0.2871
FC-001303,TN,TN-North,Rice,Kharif,1.77,Laterite,1263.6,Rainfed,149370,3,0,57.6,127665,29850,0.3329
FC-001304,RJ,RJ-Marwar,Mustard,Rabi,0.94,Sandy,250.0,Rainfed,94091,0,0,66.5,40000,34160,0.849
FC-001305,HR,HR-East,Maize,Rabi,4.19,Alluvial,641.1,Canal,255135,0,0,100.0,157150,135443,0.2685
FC-001306,RJ,RJ-Marwar,Millet,Kharif,0.56,Sandy,527.6,Canal,50048,3,0,95.8,40000,0,0.2109
FC-001307,MH,MH-Marathwada,Wheat,Rabi,1.24,ClayLoam,1260.8,Rainfed,79575,1,0,69.3,79486,10404,0.1908
FC-001308,UP,UP-Western,Rice,Kharif,8.78,Alluvial,842.8,Rainfed,800000,3,0,80.8,700000,19300,0.1711
FC-001309,BR,BR-Gangetic,Rice,Rabi,2.44,Alluvial,1293.5,Rainfed,235089,3,0,74.7,121775,6718,0.4028
FC-001310,MP,MP-Malwa,Rice,Kharif,0.99,Black,1187.3,Tubewell,103367,2,0,100.0,76817,274103,0.6589
FC-001311,TN,TN-South,Sugarcane,Rabi,2.08,Laterite,1044.7,Rainfed,302315,4,0,74.1,446898,31632,0.2202
FC-001312,KA,KA-South,Pulses,Rabi,1.41,Black,1206.0,Rainfed,149876,1,0,73.4,67657,8227,0.5205
FC-001313,UP,UP-Bundelkhand,Wheat,Rabi,3.04,Black,866.4,Drip,213125,6,0,88.1,292030,0,0.1504
FC-001314,MP,MP-Malwa,Soybean,Kharif,0.62,Alluvial,1090.5,Rainfed,67460,0,0,65.3,40000,69170,0.8281
FC-001315,BR,BR-South,Wheat,Rabi,2.78,Alluvial,1446.8,Canal,220659,3,0,72.1,147361,12323,0.388
FC-001316,MP,MP-Bundelkhand,Pulses,Kharif,0.78,Laterite,1217.7,Tubewell,81711,3,0,93.6,40000,4552,0.308
FC-001317,RJ,RJ-Marwar,Mustard,Rabi,0.85,Alluvial,503.4,Tubewell,72511,8,0,79.2,40000,65980,0.7098
FC-001318,MP,MP-Chambal,Wheat,Rabi,1.32,Red,958.4,Rainfed,103229,3,0,77.8,86117,10016,0.3341
FC-001319,MH,MH-Konkan,Pulses,Kharif,3.42,Black,973.8,Canal,155792,1,0,92.0,111959,12337,0.2299
FC-001320,BR,BR-North,Maize,Kharif,1.46,Alluvial,1248.4,Rainfed,138235,1,0,89.6,63777,43508,0.5077
FC-001321,MP,MP-Malwa,Soybean,Kharif,1.3,Black,954.9,Tubewell,78002,3,0,100.0,40000,0,0.2223
FC-001322,MH,MH-Marathwada,Rice,Rabi,0.87,Red,480.2,Canal,82188,3,1,47.5,40000,18884,0.8223
FC-001323,BR,BR-North,Rice,Kharif,0.72,Alluvial,1218.5,Tubewell,77780,1,0,64.0,45672,47059,0.5477
FC-001324,MP,MP-Malwa,Wheat,Rabi,0.5,Red,1148.1,Drip,43344,1,0,89.7,40000,15951,0.2106
FC-001325,MH,MH-Marathwada,Sugarcane,Kharif,0.35,Black,810.3,Rainfed,48746,0,0,63.2,40000,32187,0.5697
FC-001326,UP,UP-Eastern,Wheat,Rabi,1.23,ClayLoam,849.8,Drip,139441,1,0,88.8,74165,25612,0.2818
FC-001327,MH,MH-Western,Cotton,Kharif,0.5,Red,698.6,Tubewell,78232,1,1,46.2,40000,71100,0.893
FC-001328,HR,HR-South,Sugarcane,Kharif,0.63,Black,591.9,Tubewell,86279,1,0,93.8,151020,214155,0.2156
FC-001329,MH,MH-Marathwada,Rice,Kharif,0.45,Black,648.1,Rainfed,75047,0,0,66.8,40000,20964,0.7456
FC-001330,UP,UP-Western,Rice,Rabi,1.2,Alluvial,857.1,Tubewell,91412,1,0,55.2,81545,25578,0.3157
FC-001331,UP,UP-Eastern,Sugarcane,Rabi,0.49,ClayLoam,1044.2,Tubewell,48534,4,0,94.3,59902,0,0.1061
FC-001332,AP,AP-Upland,Rice,Rabi,0.83,Black,1131.2,Canal,71699,5,0,72.4,40000,3994,0.429
FC-001333,MH,MH-Marathwada,Soybean,Kharif,0.27,Black,1046.3,Drip,41314,0,0,71.2,40000,6297,0.287
FC-001334,PB,PB-Doaba,Wheat,Rabi,1.56,ClayLoam,641.8,Tubewell,108806,4,0,46.8,122658,116166,0.4915
FC-001335,UP,UP-Eastern,Rice,Kharif,1.69,Alluvial,677.7,Drip,140807,1,0,87.8,80311,12166,0.3988
FC-001336,TG,TG-Central,Cotton,Kharif,1.6,Red,883.4,Canal,123589,1,0,60.5,159755,7659,0.2131
FC-001337,MP,MP-Bundelkhand,Maize,Rabi,1.87,ClayLoam,973.3,Rainfed,161617,2,0,65.3,73118,13825,0.4966
FC-001338,MP,MP-Bundelkhand,Wheat,Rabi,1.22,Black,508.2,Canal,128883,1,0,63.8,65663,27782,0.7754
FC-001339,KA,KA-Central,Cotton,Kharif,0.68,Red,1163.6,Rainfed,89806,0,0,57.6,41456,0,0.5118
FC-001340,PB,PB-Malwa,Wheat,Rabi,0.72,Alluvial,659.1,Canal,65065,3,0,56.6,40000,28884,0.5625
FC-001341,BR,BR-South,Rice,Kharif,1.19,Sandy,1173.2,Canal,83895,3,0,60.3,53691,0,0.2666
FC-001342,RJ,RJ-Mewar,Maize,Kharif,1.81,Alluvial,425.6,Drip,138386,1,0,100.0,52810,20550,0.5274
FC-001343,UP,UP-Western,Sugarcane,Kharif,0.47,Alluvial,1048.6,Drip,99521,0,0,92.2,93714,87727,0.3372
FC-001344,KA,KA-North,Sugarcane,Rabi,0.88,Black,1620.2,Rainfed,126841,3,0,91.4,168802,0,0.1532
FC-001345,BR,BR-Gangetic,Rice,Kharif,1.4,Alluvial,1214.4,Rainfed,117388,3,0,72.4,99067,45182,0.4853
FC-001346,MP,MP-Mahakoshal,Rice,Rabi,1.58,Black,1168.5,Canal,170324,3,0,78.5,148792,61910,0.3183
FC-001347,TN,TN-West,Pulses,Rabi,1.25,Red,967.9,Tubewell,78195,7,0,83.9,40756,0,0.3661
FC-001348,KA,KA-Central,Cotton,Kharif,1.07,ClayLoam,1678.7,Canal,66887,1,0,77.9,84026,0,0.0733
FC-001349,TG,TG-South,Rice,Kharif,1.37,Sandy,979.3,Canal,106724,2,0,93.5,57999,19777,0.2766
FC-001350,MH,MH-Konkan,Cotton,Kharif,3.0,Red,318.1,Rainfed,200983,1,0,80.8,180699,36948,0.6485
FC-001351,MP,MP-Mahakoshal,Mustard,Rabi,0.7,ClayLoam,704.4,Tubewell,61647,0,0,70.7,40000,11110,0.3638
FC-001352,UP,UP-Central,Rice,Rabi,2.33,Alluvial,708.2,Tubewell,200752,2,1,45.7,93463,400000,0.8632
FC-001353,MP,MP-Mahakoshal,Soybean,Kharif,3.03,Black,1048.9,Tubewell,164084,0,0,69.7,126696,7934,0.2214
FC-001354,TG,TG-South,Rice,Rabi,7.06,Alluvial,705.0,Rainfed,432876,1,0,87.7,381727,42539,0.4105
FC-001355,UP,UP-Eastern,Pulses,Rabi,1.3,Alluvial,773.4,Tubewell,116522,1,0,62.2,40000,16166,0.7477
FC-001356,GJ,GJ-North,Wheat,Rabi,2.54,Sandy,819.1,Tubewell,117367,0,0,78.6,111083,26685,0.3298
FC-001357,BR,BR-Gangetic,Rice,Kharif,1.85,Alluvial,1136.0,Tubewell,109869,1,0,62.0,104096,29344,0.2408
FC-001358,KA,KA-North,Cotton,Kharif,0.99,Laterite,1270.9,Drip,96841,1,0,86.7,112548,231520,0.6197
FC-001359,MP,MP-Chambal,Pulses,Kharif,2.41,Black,929.4,Drip,196878,2,0,62.0,87090,37853,0.4292
FC-001360,MH,MH-Vidarbha,Soybean,Kharif,1.7,Alluvial,1042.7,Canal,142868,1,0,87.5,40000,37740,0.7405
FC-001361,PB,PB-Malwa,Wheat,Rabi,2.94,Alluvial,756.1,Rainfed,186219,2,0,98.7,245435,30546,0.1161
FC-001362,KA,KA-North,Sugarcane,Kharif,0.72,ClayLoam,449.8,Rainfed,74163,2,0,60.6,72940,24960,0.7571
FC-001363,KA,KA-Coastal,Sugarcane,Kharif,3.54,Black,1345.6,Tubewell,291785,5,0,72.3,700000,20701,0.1947
FC-001364,MH,MH-Marathwada,Wheat,Rabi,2.55,Alluvial,776.5,Rainfed,187519,4,0,100.0,181050,0,0.1568
FC-001365,MH,MH-Vidarbha,Sugarcane,Rabi,1.22,Black,575.0,Canal,121530,3,0,72.4,201190,23853,0.3055
FC-001366,MH,MH-Vidarbha,Cotton,Kharif,0.52,Black,1421.9,Canal,86648,3,0,95.0,53806,9753,0.2797
FC-001367,TG,TG-Central,Cotton,Kharif,0.84,Alluvial,1034.9,Rainfed,98218,4,0,60.4,40000,4704,0.5205
FC-001368,RJ,RJ-Marwar,Mustard,Rabi,1.07,Sandy,250.0,Rainfed,118098,4,0,94.0,49071,28759,0.7156
FC-001369,TN,TN-South,Wheat,Rabi,1.05,Laterite,956.6,Drip,115503,5,0,62.2,77680,13077,0.4615
FC-001370,HR,HR-South,Mustard,Rabi,1.78,Alluvial,667.0,Tubewell,180314,1,0,100.0,100240,0,0.1528
FC-001371,MP,MP-Bundelkhand,Pulses,Kharif,0.65,Red,1137.2,Tubewell,87327,0,1,60.8,40000,65423,0.8443
FC-001372,PB,PB-Doaba,Wheat,Rabi,0.9,ClayLoam,379.6,Rainfed,83534,0,0,61.6,40000,54567,0.91
FC-001373,AP,AP-Coastal,Groundnut,Kharif,0.6,ClayLoam,940.1,Rainfed,71811,0,0,95.8,59555,24524,0.3974
FC-001374,KA,KA-Central,Pulses,Rabi,0.81,Alluvial,1180.0,Tubewell,50492,1,0,81.5,40000,381795,0.6112
FC-001375,UP,UP-Central,Mustard,Rabi,0.2,Black,1232.1,Drip,45072,5,0,54.7,40000,33220,0.3221
FC-001376,UP,UP-Bundelkhand,Wheat,Rabi,0.45,Sandy,691.5,Tubewell,40326,4,0,43.3,40000,32779,0.4875
FC-001377,HR,HR-East,Mustard,Rabi,0.83,ClayLoam,381.6,Rainfed,71150,3,1,54.1,40000,39172,0.842
FC-001378,AP,AP-Coastal,Pulses,Rabi,0.96,Black,544.3,Drip,68366,1,0,50.8,40000,8407,0.4744
FC-001379,MH,MH-Western,Soybean,Kharif,0.42,Black,721.0,Tubewell,57737,2,0,69.6,40000,0,0.3763
FC-001380,AP,AP-Coastal,Pulses,Kharif,1.71,ClayLoam,722.9,Tubewell,171277,3,0,82.4,65433,0,0.3661
FC-001381,UP,UP-Eastern,Wheat,Rabi,2.85,Alluvial,975.3,Drip,271576,1,0,74.0,185257,51917,0.1862
FC-001382,UP,UP-Western,Maize,Rabi,0.72,Alluvial,1197.6,Rainfed,81219,3,0,79.4,40000,0,0.3671
FC-001383,MP,MP-Chambal,Soybean,Kharif,1.21,Laterite,1133.5,Tubewell,91880,2,0,57.4,46433,21732,0.4561
FC-001384,MH,MH-Vidarbha,Sugarcane,Kharif,0.71,Red,951.4,Canal,67499,2,0,87.5,102845,10166,0.1815
FC-001385,BR,BR-North,Rice,Kharif,1.01,Alluvial,1207.4,Canal,93473,0,0,76.0,55781,14966,0.3338
FC-001386,BR,BR-South,Cotton,Kharif,2.42,Alluvial,926.6,Rainfed,153799,3,0,85.2,171801,0,0.2467
FC-001387,TG,TG-South,Sugarcane,Rabi,1.23,Black,1071.8,Canal,166558,0,0,67.9,230288,7992,0.1362
FC-001388,PB,PB-Malwa,Rice,Kharif,0.66,Alluvial,775.6,Rainfed,51404,2,0,74.6,45542,53746,0.498
FC-001389,TN,TN-North,Rice,Rabi,0.96,Black,1100.9,Canal,73749,2,0,86.6,57918,15234,0.2978
FC-001390,RJ,RJ-Shekhawati,Wheat,Rabi,0.47,ClayLoam,511.1,Rainfed,73086,2,0,79.2,40000,59184,0.7063
FC-001391,TN,TN-South,Pulses,Kharif,1.89,Red,1100.8,Rainfed,150608,0,1,57.9,43642,0,0.7817
FC-001392,UP,UP-Central,Sugarcane,Kharif,2.43,Alluvial,734.9,Canal,210136,1,0,86.4,527107,53604,0.1046
FC-001393,TN,TN-West,Rice,Kharif,2.23,Alluvial,861.9,Canal,224550,1,0,98.0,125154,18869,0.2418
FC-001394,UP,UP-Eastern,Mustard,Rabi,1.1,Black,1071.1,Drip,93012,3,0,80.5,60264,0,0.2195
FC-001395,MH,MH-Vidarbha,Soybean,Kharif,1.16,Black,857.0,Canal,85758,4,0,80.5,46279,13490,0.2425
FC-001396,MH,MH-Konkan,Wheat,Rabi,1.72,Black,805.8,Rainfed,200598,1,0,80.2,179783,68555,0.4183
FC-001397,KA,KA-North,Maize,Rabi,3.79,Black,1384.6,Canal,256259,1,0,86.3,193727,82581,0.2099
FC-001398,AP,AP-Upland,Rice,Rabi,1.11,Alluvial,614.8,Tubewell,85679,2,0,75.6,72832,82706,0.4934
FC-001399,HR,HR-East,Cotton,Kharif,1.79,Alluvial,642.2,Canal,149906,0,0,61.6,179253,0,0.124
FC-001400,BR,BR-Gangetic,Maize,Rabi,4.59,Alluvial,1430.8,Canal,236261,1,0,68.8,228920,49948,0.2744
FC-001401,RJ,RJ-Hadoti,Groundnut,Kharif,0.83,ClayLoam,314.9,Drip,80463,1,0,81.9,44899,79912,0.6996
FC-001402,PB,PB-Doaba,Wheat,Rabi,2.63,Alluvial,742.8,Canal,229777,6,0,66.6,112323,13001,0.5405
FC-001403,HR,HR-South,Rice,Rabi,0.42,Alluvial,443.4,Rainfed,52734,4,1,29.0,40000,313467,0.955
FC-001404,MP,MP-Chambal,Soybean,Kharif,0.74,Black,960.3,Canal,95377,3,0,78.5,40000,26170,0.6844
FC-001405,PB,PB-Majha,Wheat,Rabi,9.28,Sandy,556.5,Tubewell,551679,2,0,67.6,525225,13206,0.1393
FC-001406,TG,TG-Central,Rice,Rabi,0.36,Laterite,942.4,Canal,40814,1,0,55.0,40000,62553,0.5784
FC-001407,GJ,GJ-North,Mustard,Rabi,1.83,Alluvial,774.8,Tubewell,175530,3,0,73.6,103915,8750,0.2445
FC-001408,UP,UP-Western,Pulses,Rabi,0.85,Alluvial,940.5,Canal,55752,0,0,65.3,40000,33246,0.4989
FC-001409,BR,BR-Gangetic,Wheat,Rabi,0.33,Black,1627.6,Canal,52977,2,0,77.4,40000,83042,0.6621
FC-001410,MH,MH-Marathwada,Soybean,Kharif,0.39,Laterite,1146.7,Tubewell,39837,0,0,100.0,40000,0,0.1752
FC-001411,RJ,RJ-Shekhawati,Pulses,Kharif,0.28,Alluvial,481.9,Rainfed,49675,2,0,64.5,40000,12049,0.277
FC-001412,BR,BR-North,Pulses,Kharif,1.5,Alluvial,896.4,Tubewell,135882,4,0,48.1,49312,10771,0.6009
FC-001413,HR,HR-East,Mustard,Rabi,1.47,Alluvial,348.6,Tubewell,87013,4,0,79.2,55325,17507,0.2577
FC-001414,UP,UP-Eastern,Wheat,Rabi,3.05,Alluvial,1022.8,Canal,251663,3,0,71.8,261844,10050,0.2501
FC-001415,HR,HR-South,Wheat,Rabi,0.43,Alluvial,916.9,Tubewell,51261,2,0,61.7,40000,21264,0.4555
FC-001416,MP,MP-Bundelkhand,Soybean,Kharif,2.07,Red,1143.2,Tubewell,147663,2,0,80.2,72064,0,0.2995
FC-001417,PB,PB-Majha,Cotton,Kharif,0.55,Alluvial,485.2,Tubewell,66909,0,0,81.8,44273,24429,0.4778
FC-001418,GJ,GJ-Saurashtra,Sugarcane,Rabi,0.56,Red,1195.4,Drip,93143,1,0,100.0,97624,11311,0.1698
FC-001419,RJ,RJ-Marwar,Wheat,Rabi,0.99,Alluvial,366.8,Canal,60990,8,0,79.0,49514,5644,0.2732
FC-001420,KA,KA-Central,Maize,Rabi,0.61,Alluvial,1074.3,Canal,83557,2,0,91.0,40000,104801,0.7312
FC-001421,MH,MH-Marathwada,Maize,Kharif,1.58,Red,766.5,Rainfed,89801,3,0,80.9,67215,64459,0.6866
FC-001422,MP,MP-Chambal,Wheat,Rabi,5.47,ClayLoam,1226.8,Drip,316985,0,0,63.8,414727,50786,0.1744
FC-001423,BR,BR-Gangetic,Sugarcane,Rabi,0.93,Alluvial,976.8,Tubewell,88917,1,0,75.3,95106,66603,0.3773
FC-001424,RJ,RJ-Hadoti,Mustard,Rabi,0.63,Alluvial,461.8,Tubewell,49215,2,1,55.7,40000,81947,0.8155
FC-001425,PB,PB-Majha,Rice,Rabi,3.53,Alluvial,601.7,Canal,283924,1,0,91.5,301191,0,0.1399
FC-001426,KA,KA-Central,Rice,Rabi,1.64,Red,1884.1,Rainfed,98833,1,0,73.2,109236,232137,0.5376
FC-001427,TN,TN-Delta,Rice,Rabi,8.71,Black,851.1,Canal,576773,3,0,93.5,683514,109679,0.1889
FC-001428,BR,BR-North,Wheat,Rabi,1.42,ClayLoam,1158.9,Drip,88826,4,0,62.0,88342,34364,0.1369
FC-001429,AP,AP-Upland,Rice,Kharif,0.51,ClayLoam,719.7,Rainfed,49864,0,0,81.4,40000,26158,0.606
FC-001430,TG,TG-Central,Rice,Kharif,0.6,Black,669.7,Rainfed,68335,1,0,83.9,40000,12048,0.5989
FC-001431,MP,MP-Chambal,Wheat,Rabi,1.26,Black,1144.1,Canal,126184,3,0,58.3,55874,33492,0.3849
FC-001432,BR,BR-North,Rice,Rabi,1.84,Alluvial,921.4,Canal,170374,3,0,69.5,114570,17231,0.3238
FC-001433,UP,UP-Central,Rice,Rabi,0.41,Alluvial,1147.0,Rainfed,51735,2,0,90.9,40000,0,0.194
FC-001434,RJ,RJ-Mewar,Mustard,Rabi,1.72,ClayLoam,325.5,Canal,121287,3,0,38.7,109235,253662,0.7308
FC-001435,KA,KA-Coastal,Groundnut,Rabi,0.2,Alluvial,696.3,Canal,41925,3,0,82.7,40000,30116,0.5294
FC-001436,PB,PB-Majha,Wheat,Rabi,2.0,ClayLoam,599.4,Tubewell,125252,2,0,73.5,105984,18740,0.1953
FC-001437,MP,MP-Malwa,Soybean,Kharif,1.81,Black,788.6,Tubewell,173139,3,0,60.8,76785,5013,0.5519
FC-001438,RJ,RJ-Marwar,Groundnut,Rabi,1.31,Red,513.8,Canal,114237,4,0,62.8,83904,272391,0.6814
FC-001439,HR,HR-South,Rice,Kharif,4.81,Alluvial,683.8,Rainfed,315625,3,0,64.0,282126,0,0.2577
FC-001440,RJ,RJ-Hadoti,Pulses,Kharif,0.32,Black,1002.4,Canal,69685,0,0,83.7,40000,28553,0.3828
FC-001441,BR,BR-North,Pulses,Rabi,0.85,Alluvial,1368.1,Drip,83402,1,0,98.6,40000,58893,0.5953
FC-001442,MP,MP-Malwa,Mustard,Rabi,4.23,ClayLoam,1152.6,Rainfed,285151,1,0,77.6,99983,22271,0.5629
FC-001443,BR,BR-Gangetic,Wheat,Rabi,0.68,Alluvial,779.4,Drip,60520,3,0,95.2,50232,27284,0.3706
FC-001444,MP,MP-Bundelkhand,Wheat,Rabi,1.09,Red,1248.8,Rainfed,102757,2,0,76.2,53695,51730,0.498
FC-001445,MH,MH-Vidarbha,Pulses,Rabi,2.05,ClayLoam,864.4,Canal,126833,5,0,30.6,56750,25878,0.5585
FC-001446,GJ,GJ-South,Wheat,Rabi,0.97,ClayLoam,931.0,Canal,74719,1,0,70.3,67514,26622,0.2867
FC-001447,RJ,RJ-Mewar,Wheat,Rabi,3.21,Sandy,376.4,Tubewell,216929,1,0,67.4,176268,11248,0.1825
FC-001448,AP,AP-Rayalaseema,Cotton,Kharif,1.2,Red,769.1,Tubewell,114449,2,0,90.5,93101,9085,0.2949
FC-001449,TN,TN-Delta,Groundnut,Rabi,3.44,Alluvial,802.0,Tubewell,322704,0,0,81.6,247879,15353,0.2497
FC-001450,TN,TN-West,Rice,Rabi,0.81,Alluvial,1400.4,Tubewell,61350,1,0,44.2,49869,30079,0.5556
FC-001451,GJ,GJ-Saurashtra,Cotton,Kharif,0.96,Alluvial,250.0,Rainfed,69594,3,1,30.3,40000,28405,0.8903
FC-001452,TN,TN-North,Rice,Kharif,1.04,Alluvial,676.9,Rainfed,98114,4,0,61.1,43205,0,0.7604
FC-001453,PB,PB-Malwa,Pulses,Rabi,0.76,Alluvial,620.9,Canal,50157,1,0,64.1,40000,79201,0.6505
FC-001454,UP,UP-Western,Mustard,Rabi,0.93,Sandy,981.1,Drip,64366,4,0,69.9,48676,352112,0.7382
FC-001455,KA,KA-Coastal,Rice,Kharif,2.36,Red,1107.9,Tubewell,145595,1,0,50.6,192399,5455,0.2484
FC-001456,PB,PB-Malwa,Maize,Rabi,1.55,Alluvial,716.6,Tubewell,157761,0,0,91.4,70428,0,0.3714
FC-001457,AP,AP-Rayalaseema,Rice,Rabi,1.81,Alluvial,1089.7,Rainfed,180387,3,0,67.8,108125,28510,0.3661
FC-001458,MH,MH-Marathwada,Groundnut,Kharif,1.85,Alluvial,884.2,Canal,141908,3,0,53.0,106121,1258,0.1676
FC-001459,MP,MP-Malwa,Mustard,Rabi,1.76,ClayLoam,1133.3,Canal,125765,1,0,69.1,70192,55390,0.4831
FC-001460,AP,AP-Coastal,Rice,Kharif,1.85,Red,901.9,Rainfed,188192,2,0,88.7,140132,35610,0.3306
FC-001461,GJ,GJ-North,Groundnut,Kharif,0.75,Black,480.3,Rainfed,87565,2,1,37.0,40000,48792,0.8817
FC-001462,TN,TN-Delta,Groundnut,Kharif,0.88,ClayLoam,1097.7,Rainfed,60404,1,0,72.8,47991,4432,0.4263
FC-001463,RJ,RJ-Mewar,Pulses,Kharif,0.35,Sandy,519.5,Rainfed,72409,1,0,60.3,40000,42879,0.6779
FC-001464,GJ,GJ-South,Groundnut,Rabi,1.21,Sandy,790.4,Rainfed,98950,0,0,65.8,50019,83018,0.7127
FC-001465,BR,BR-Gangetic,Rice,Rabi,0.54,ClayLoam,1308.5,Tubewell,62473,2,0,76.5,57978,25586,0.12
FC-001466,UP,UP-Bundelkhand,Sugarcane,Kharif,0.95,Alluvial,1117.5,Rainfed,161019,1,0,69.5,176225,220910,0.465
FC-001467,RJ,RJ-Hadoti,Millet,Kharif,1.21,ClayLoam,421.2,Rainfed,127957,1,0,85.2,40000,15333,0.7944
FC-001468,UP,UP-Eastern,Wheat,Rabi,2.28,ClayLoam,1043.9,Rainfed,208918,6,0,75.2,193438,22149,0.0879
FC-001469,RJ,RJ-Hadoti,Pulses,Rabi,1.48,Alluvial,284.1,Rainfed,140896,3,0,94.3,54436,17717,0.6553
FC-001470,AP,AP-Rayalaseema,Maize,Rabi,1.72,Sandy,937.0,Canal,166242,2,0,80.3,66330,52034,0.5462
FC-001471,MH,MH-Western,Soybean,Kharif,0.92,Red,700.9,Drip,107757,3,0,66.8,40000,22838,0.6424
FC-001472,HR,HR-South,Mustard,Rabi,0.94,Alluvial,359.5,Rainfed,80919,1,0,87.7,40000,18693,0.5633
FC-001473,MH,MH-Marathwada,Soybean,Kharif,1.46,ClayLoam,1005.8,Rainfed,153753,4,0,65.2,89652,13255,0.3242
FC-001474,RJ,RJ-Shekhawati,Cotton,Kharif,0.91,Alluvial,623.7,Canal,108843,3,0,65.8,94139,19318,0.2022
FC-001475,PB,PB-Doaba,Wheat,Rabi,0.99,Alluvial,685.9,Tubewell,123270,1,0,67.0,65426,36928,0.5502
FC-001476,MH,MH-Marathwada,Cotton,Kharif,1.16,Laterite,1150.8,Tubewell,93296,3,0,76.6,47781,13915,0.3102
FC-001477,MH,MH-Western,Cotton,Kharif,10.0,Sandy,556.9,Tubewell,536249,2,0,67.1,700000,0,0.214
FC-001478,UP,UP-Eastern,Pulses,Rabi,3.35,Alluvial,1047.6,Rainfed,198928,2,0,78.3,131950,13165,0.3153
FC-001479,UP,UP-Central,Rice,Rabi,3.3,Alluvial,1453.4,Canal,192517,4,0,100.0,235359,45141,0.1524
FC-001480,MH,MH-Western,Pulses,Kharif,1.26,Black,619.7,Canal,80850,0,0,91.8,40000,159465,0.7369
FC-001481,AP,AP-Upland,Maize,Kharif,2.8,Black,1096.6,Drip,171813,0,0,70.2,65550,2022,0.4963
FC-001482,UP,UP-Bundelkhand,Sugarcane,Rabi,0.48,Sandy,776.4,Drip,54737,6,0,61.0,70089,0,0.1805
FC-001483,PB,PB-Malwa,Wheat,Rabi,1.5,Alluvial,570.5,Tubewell,143565,3,0,95.8,115800,15749,0.1431
FC-001484,TN,TN-Delta,Sugarcane,Kharif,0.42,Black,676.1,Tubewell,56909,2,0,53.6,48209,43641,0.5713
FC-001485,TG,TG-South,Cotton,Kharif,1.38,ClayLoam,890.9,Tubewell,138450,2,0,66.4,91933,0,0.1816
FC-001486,MH,MH-Konkan,Soybean,Kharif,3.89,Red,741.6,Drip,191494,1,0,78.3,126393,9221,0.1719
FC-001487,UP,UP-Central,Sugarcane,Rabi,1.39,Alluvial,921.3,Canal,107879,3,0,75.2,191025,69169,0.1434
FC-001488,UP,UP-Bundelkhand,Wheat,Rabi,0.95,Alluvial,960.3,Canal,107271,1,0,69.8,65167,40663,0.3478
FC-001489,UP,UP-Bundelkhand,Wheat,Rabi,2.14,Alluvial,1015.8,Tubewell,115766,2,0,97.2,143218,6829,0.0963
FC-001490,TN,TN-Delta,Maize,Kharif,0.47,Black,820.2,Rainfed,74608,2,0,75.5,40000,0,0.4573
FC-001491,RJ,RJ-Shekhawati,Millet,Kharif,1.31,Alluvial,423.3,Tubewell,111041,1,0,95.8,40000,2331,0.5898
FC-001492,MH,MH-Vidarbha,Cotton,Kharif,0.68,Red,705.3,Canal,64320,3,0,84.1,40000,24095,0.4543
FC-001493,MH,MH-Marathwada,Cotton,Kharif,0.92,Laterite,997.8,Tubewell,75234,2,0,55.2,40000,28442,0.6676
FC-001494,TG,TG-North,Pulses,Kharif,0.98,Black,803.5,Rainfed,76260,2,0,65.0,40000,14043,0.5453
FC-001495,MH,MH-Western,Sugarcane,Rabi,0.85,Alluvial,1029.0,Tubewell,97224,4,0,90.3,143617,10650,0.1256
FC-001496,MP,MP-Malwa,Soybean,Kharif,0.91,Black,968.7,Rainfed,67561,0,0,78.7,40000,0,0.3064
FC-001497,MP,MP-Chambal,Millet,Kharif,2.66,Alluvial,805.4,Tubewell,187312,3,0,100.0,64829,13275,0.5162
FC-001498,MP,MP-Mahakoshal,Soybean,Kharif,0.64,Alluvial,1049.1,Canal,54959,3,0,66.2,40000,43175,0.499
FC-001499,TN,TN-Delta,Groundnut,Kharif,0.52,Alluvial,670.0,Canal,81488,2,0,81.4,40000,22598,0.5205
FC-001500,RJ,RJ-Shekhawati,Millet,Kharif,0.45,Alluvial,470.7,Tubewell,68719,2,0,100.0,40000,10901,0.3116
FC-001501,AP,AP-Upland,Rice,Rabi,1.19,Red,1053.9,Tubewell,107197,3,0,100.0,65920,13701,0.2663
FC-001502,MP,MP-Mahakoshal,Soybean,Kharif,0.38,Black,901.2,Rainfed,51138,2,0,91.9,40000,0,0.3718
FC-001503,TN,TN-North,Millet,Kharif,0.69,Black,848.1,Rainfed,47646,1,0,54.3,40000,18353,0.4141
FC-001504,GJ,GJ-Central,Groundnut,Rabi,1.35,Sandy,1299.9,Rainfed,105006,4,0,67.7,40000,31143,0.6843
FC-001505,MP,MP-Bundelkhand,Mustard,Rabi,1.22,Alluvial,1038.5,Rainfed,84930,4,0,72.6,40000,10396,0.3243
FC-001506,KA,KA-North,Sugarcane,Kharif,0.47,Black,1492.5,Drip,73500,6,0,80.2,122601,32346,0.2434
FC-001507,RJ,RJ-Marwar,Millet,Kharif,2.56,Black,527.6,Canal,160563,2,0,70.3,65412,30923,0.5497
FC-001508,KA,KA-Coastal,Cotton,Kharif,0.48,Laterite,2029.4,Rainfed,65940,5,0,70.4,40000,31438,0.5806
FC-001509,BR,BR-South,Mustard,Rabi,0.99,Alluvial,1114.2,Rainfed,66659,3,0,81.7,40000,19164,0.3466
FC-001510,MH,MH-Western,Pulses,Kharif,2.16,Alluvial,890.7,Rainfed,192185,1,0,66.9,72921,40529,0.7485
FC-001511,UP,UP-Western,Wheat,Rabi,0.45,Alluvial,928.7,Rainfed,68574,3,0,77.5,40000,23406,0.5388
FC-001512,UP,UP-Eastern,Maize,Rabi,0.99,Alluvial,1001.1,Drip,109367,2,0,68.4,40000,22664,0.4865
FC-001513,UP,UP-Central,Rice,Rabi,0.84,Alluvial,827.9,Canal,75454,3,1,53.3,41772,87397,0.8649
FC-001514,BR,BR-North,Rice,Rabi,1.31,Alluvial,1241.3,Tubewell,109738,1,0,65.6,93908,9960,0.1672
FC-001515,PB,PB-Malwa,Wheat,Rabi,1.02,Alluvial,779.0,Rainfed,107288,1,0,89.2,45214,0,0.2932
FC-001516,MH,MH-Western,Pulses,Kharif,0.2,Black,768.4,Canal,44242,3,0,82.4,40000,90860,0.7488
FC-001517,MP,MP-Bundelkhand,Rice,Rabi,1.07,Alluvial,1193.7,Rainfed,78711,0,0,48.5,100804,58866,0.3172
FC-001518,AP,AP-Coastal,Cotton,Kharif,0.57,Sandy,1380.4,Canal,44606,2,0,87.5,40000,135886,0.5958
FC-001519,TN,TN-Delta,Cotton,Kharif,0.25,Red,972.5,Canal,49073,2,0,86.5,40000,26700,0.2305
FC-001520,GJ,GJ-Saurashtra,Rice,Rabi,8.04,ClayLoam,738.8,Tubewell,716074,1,0,99.7,499676,8384,0.2816
FC-001521,UP,UP-Central,Rice,Rabi,0.73,Alluvial,815.7,Canal,93216,0,0,84.0,40000,130494,0.7777
FC-001522,GJ,GJ-Central,Cotton,Kharif,0.96,Black,663.6,Rainfed,84832,0,0,62.7,44975,42582,0.8127
FC-001523,KA,KA-Coastal,Millet,Kharif,0.44,Red,795.9,Rainfed,72737,2,0,51.7,40000,0,0.6147
FC-001524,GJ,GJ-South,Groundnut,Kharif,0.76,Black,1406.8,Rainfed,87900,1,0,97.3,49356,14135,0.344
FC-001525,TN,TN-Delta,Rice,Rabi,1.01,Red,1200.7,Canal,120018,1,0,66.8,60790,0,0.4688
FC-001526,TG,TG-Central,Maize,Rabi,5.36,Black,900.8,Rainfed,379249,3,0,82.3,261004,16020,0.2468
FC-001527,BR,BR-North,Wheat,Rabi,0.71,Red,1171.6,Canal,54842,6,0,73.1,40000,18190,0.3889
FC-001528,UP,UP-Eastern,Pulses,Rabi,0.51,Alluvial,1109.5,Rainfed,75477,4,0,59.9,40000,0,0.4691
FC-001529,BR,BR-South,Soybean,Kharif,0.36,Alluvial,1117.9,Rainfed,56369,4,0,90.9,40000,9209,0.394
FC-001530,BR,BR-North,Rice,Rabi,1.37,Alluvial,881.1,Canal,126051,2,0,52.4,72422,45606,0.7023
FC-001531,MP,MP-Chambal,Soybean,Kharif,4.43,Black,1055.4,Rainfed,348381,1,0,92.1,227834,20549,0.3018
FC-001532,BR,BR-Gangetic,Rice,Rabi,1.93,Alluvial,855.2,Rainfed,141605,2,0,72.5,103645,48732,0.5614
FC-001533,KA,KA-Coastal,Rice,Kharif,1.32,Laterite,1422.0,Tubewell,127752,5,0,86.5,63518,25600,0.4688
FC-001534,KA,KA-South,Maize,Kharif,3.01,ClayLoam,715.1,Rainfed,237924,3,1,55.1,82838,40888,0.9007
FC-001535,TG,TG-North,Soybean,Kharif,1.44,Red,1074.0,Tubewell,101710,5,0,62.1,93079,7065,0.1454
FC-001536,BR,BR-South,Sugarcane,Kharif,1.78,Red,1227.1,Rainfed,172255,3,0,99.6,286775,27526,0.0914
FC-001537,GJ,GJ-Saurashtra,Cotton,Kharif,0.89,Red,1108.4,Tubewell,98362,2,0,100.0,67953,0,0.2775
FC-001538,PB,PB-Majha,Cotton,Kharif,0.74,Alluvial,484.5,Rainfed,87895,2,0,83.3,40000,104234,0.9221
FC-001539,RJ,RJ-Marwar,Wheat,Rabi,0.69,Sandy,300.8,Rainfed,77319,1,0,68.3,40000,7737,0.6522
FC-001540,TN,TN-North,Millet,Kharif,0.6,Red,919.2,Canal,68382,7,0,46.5,40000,12359,0.4897
FC-001541,HR,HR-South,Rice,Rabi,1.77,Alluvial,378.9,Tubewell,130588,3,0,72.9,95377,0,0.3249
FC-001542,AP,AP-Rayalaseema,Pulses,Kharif,1.12,Red,488.7,Canal,95396,5,0,70.9,40000,11193,0.5906
FC-001543,UP,UP-Eastern,Rice,Rabi,2.62,Alluvial,877.0,Drip,146537,2,0,59.0,171350,3020,0.1887
FC-001544,BR,BR-South,Rice,Kharif,1.13,Alluvial,1137.1,Canal,134012,2,0,80.1,73372,25920,0.5028
FC-001545,MP,MP-Bundelkhand,Wheat,Rabi,4.13,Red,986.8,Drip,217237,2,0,85.0,293304,25754,0.1462
FC-001546,TG,TG-Central,Groundnut,Kharif,1.05,Black,974.7,Tubewell,64008,3,0,85.4,44585,11838,0.2983
FC-001547,KA,KA-Central,Cotton,Kharif,2.26,Laterite,1256.3,Canal,151343,1,0,89.2,118024,36443,0.2301
FC-001548,TG,TG-Central,Groundnut,Kharif,1.72,Red,900.1,Rainfed,167694,3,0,80.7,162592,31578,0.1803
FC-001549,RJ,RJ-Hadoti,Wheat,Rabi,0.93,Alluvial,250.0,Rainfed,76949,1,1,51.2,40000,86173,0.9477
FC-001550,TN,TN-North,Cotton,Kharif,2.33,Laterite,779.9,Canal,160402,1,0,72.2,94363,16167,0.5683
FC-001551,TG,TG-North,Maize,Rabi,0.85,ClayLoam,1014.5,Canal,87748,1,0,91.1,40000,24643,0.3485
FC-001552,TN,TN-Delta,Wheat,Rabi,1.23,Laterite,601.7,Canal,123556,1,0,85.0,64202,25786,0.4744
FC-001553,TN,TN-South,Maize,Kharif,7.85,Red,1098.2,Canal,499666,1,0,89.9,253745,7311,0.3165
FC-001554,GJ,GJ-Central,Maize,Rabi,0.56,Black,763.2,Canal,46708,3,0,95.8,40000,7844,0.1916
FC-001555,GJ,GJ-Saurashtra,Cotton,Kharif,2.22,Black,322.7,Tubewell,181836,0,0,69.0,165427,119794,0.5459
FC-001556,UP,UP-Bundelkhand,Wheat,Rabi,6.99,Alluvial,962.3,Canal,450223,1,0,62.6,295330,70176,0.2658
FC-001557,MP,MP-Bundelkhand,Rice,Kharif,2.51,Alluvial,889.4,Tubewell,204549,4,0,45.4,233293,25656,0.2238
FC-001558,MH,MH-Marathwada,Cotton,Kharif,2.62,Black,678.5,Tubewell,170256,1,0,67.4,306701,206707,0.302
FC-001559,UP,UP-Western,Soybean,Kharif,3.21,Alluvial,833.2,Drip,296863,1,0,48.0,180871,5010,0.326
FC-001560,HR,HR-West,Wheat,Rabi,2.88,Alluvial,464.2,Rainfed,240201,3,1,43.1,95242,51718,0.7984
FC-001561,AP,AP-Upland,Pulses,Rabi,3.63,ClayLoam,848.1,Rainfed,148048,0,0,43.0,91593,0,0.4006
FC-001562,PB,PB-Malwa,Wheat,Rabi,0.58,Alluvial,742.6,Canal,71806,2,0,93.4,40000,64325,0.5183
FC-001563,GJ,GJ-South,Cotton,Kharif,0.71,Alluvial,554.2,Canal,64190,4,0,83.4,48645,87055,0.5094
FC-001564,MH,MH-Marathwada,Cotton,Kharif,0.93,Black,1022.0,Drip,109815,4,0,79.6,46361,40295,0.6953
FC-001565,MP,MP-Bundelkhand,Pulses,Rabi,2.11,Red,939.6,Tubewell,197940,2,0,85.4,98831,32768,0.4274
FC-001566,UP,UP-Central,Wheat,Rabi,3.56,Alluvial,1008.6,Drip,189654,0,0,100.0,195253,0,0.1055
FC-001567,PB,PB-Doaba,Rice,Kharif,1.24,Alluvial,772.5,Tubewell,113293,1,0,91.4,72477,3468,0.2815
FC-001568,HR,HR-East,Maize,Kharif,2.46,Alluvial,468.0,Drip,218905,1,0,71.1,131611,43378,0.3983
FC-001569,HR,HR-South,Wheat,Rabi,1.28,Alluvial,714.8,Tubewell,77007,5,0,54.7,43073,94279,0.7495
FC-001570,TN,TN-North,Sugarcane,Rabi,0.31,Red,1170.9,Rainfed,34850,3,0,71.8,41375,35121,0.3679
FC-001571,BR,BR-South,Maize,Kharif,0.41,Alluvial,1082.6,Drip,56000,2,0,79.6,40000,122474,0.6835
FC-001572,PB,PB-Majha,Maize,Rabi,0.2,Alluvial,753.2,Tubewell,47495,2,0,86.0,40000,17093,0.3078
FC-001573,UP,UP-Western,Sugarcane,Kharif,2.21,Alluvial,1097.5,Tubewell,262867,3,0,65.8,307229,9790,0.2355
FC-001574,UP,UP-Western,Mustard,Rabi,1.3,Alluvial,955.2,Canal,135254,1,0,79.1,49079,6979,0.5407
FC-001575,MP,MP-Malwa,Pulses,Rabi,2.9,Alluvial,1077.9,Rainfed,258209,4,0,88.2,98800,17064,0.5502
FC-001576,RJ,RJ-Mewar,Soybean,Kharif,2.47,ClayLoam,346.0,Rainfed,166948,0,0,100.0,82486,49649,0.5165
FC-001577,MP,MP-Malwa,Rice,Kharif,0.84,Red,995.5,Tubewell,89590,2,0,91.3,42774,3574,0.3701
FC-001578,UP,UP-Central,Mustard,Rabi,0.81,Sandy,1091.1,Drip,62945,2,0,99.2,46844,0,0.1344
FC-001579,MP,MP-Chambal,Wheat,Rabi,1.05,ClayLoam,1345.4,Canal,76864,0,0,65.4,81103,58461,0.2705
FC-001580,UP,UP-Eastern,Rice,Kharif,0.76,Alluvial,830.7,Canal,75529,3,0,83.5,40350,54081,0.7238
FC-001581,MP,MP-Chambal,Pulses,Rabi,1.13,Sandy,903.1,Rainfed,121328,1,0,57.6,45620,4303,0.513
FC-001582,BR,BR-South,Wheat,Rabi,1.09,ClayLoam,1230.4,Rainfed,95909,2,0,51.8,62601,2799,0.3154
FC-001583,UP,UP-Central,Sugarcane,Rabi,1.69,ClayLoam,974.0,Canal,196447,3,0,57.1,249280,9749,0.3109
FC-001584,BR,BR-North,Wheat,Rabi,0.82,Alluvial,1018.2,Canal,87991,0,0,97.5,40000,27890,0.4709
FC-001585,HR,HR-West,Rice,Rabi,0.63,Alluvial,519.9,Drip,54981,2,0,69.9,40000,26732,0.6287
FC-001586,TN,TN-Delta,Soybean,Kharif,0.59,Red,790.1,Drip,47316,4,0,72.4,40000,28128,0.3534
FC-001587,GJ,GJ-South,Groundnut,Rabi,0.2,Alluvial,862.1,Tubewell,37747,4,0,74.5,40000,11237,0.3755
FC-001588,MP,MP-Mahakoshal,Maize,Kharif,0.2,ClayLoam,1147.2,Rainfed,45897,3,0,83.1,40000,14297,0.3702
FC-001589,BR,BR-Gangetic,Rice,Rabi,2.1,Alluvial,1594.4,Rainfed,119589,2,0,81.6,145904,40553,0.1981
FC-001590,KA,KA-North,Soybean,Kharif,1.26,Laterite,1204.1,Rainfed,86754,3,0,47.7,87939,33285,0.3068
FC-001591,GJ,GJ-Central,Groundnut,Rabi,0.73,Sandy,984.7,Tubewell,94765,1,0,69.4,40242,63882,0.8574
FC-001592,GJ,GJ-South,Maize,Kharif,1.61,Sandy,1048.2,Rainfed,111632,3,1,78.3,41994,56958,0.8433
FC-001593,AP,AP-Coastal,Pulses,Rabi,1.55,Red,988.0,Tubewell,109507,3,0,48.4,40000,12247,0.6274
FC-001594,RJ,RJ-Mewar,Groundnut,Rabi,0.95,Alluvial,441.2,Rainfed,83209,1,0,99.8,74818,34512,0.2587
FC-001595,RJ,RJ-Shekhawati,Mustard,Rabi,2.1,Black,744.2,Tubewell,162180,1,0,87.9,40000,49469,0.556
FC-001596,PB,PB-Majha,Wheat,Rabi,1.26,Alluvial,763.8,Tubewell,88819,2,0,42.3,60724,27606,0.4834
FC-001597,MH,MH-Marathwada,Cotton,Kharif,1.82,Black,1179.7,Rainfed,157088,0,0,83.3,157885,69358,0.2431
FC-001598,TN,TN-North,Pulses,Kharif,4.91,Red,993.7,Canal,231100,0,0,71.9,108559,140616,0.5852
FC-001599,AP,AP-Coastal,Pulses,Kharif,4.09,Red,1008.3,Rainfed,345296,5,0,70.9,153183,7745,0.4201
FC-001600,BR,BR-South,Pulses,Rabi,3.41,Alluvial,1293.8,Rainfed,271956,5,0,85.4,113405,11292,0.3975
FC-001601,BR,BR-South,Maize,Kharif,0.24,Laterite,1433.7,Canal,48755,4,0,84.5,40000,27858,0.4071
FC-001602,MP,MP-Mahakoshal,Soybean,Kharif,1.13,Sandy,693.9,Rainfed,116770,3,0,94.7,40000,0,0.6927
FC-001603,RJ,RJ-Marwar,Millet,Kharif,0.71,Sandy,272.0,Tubewell,74954,3,0,86.0,40000,26253,0.5841
FC-001604,TN,TN-South,Rice,Rabi,1.01,Red,784.8,Drip,85601,2,0,75.1,65495,0,0.3288
FC-001605,HR,HR-West,Cotton,Kharif,1.48,ClayLoam,494.2,Rainfed,122419,0,0,91.8,84752,13600,0.5046
FC-001606,MP,MP-Malwa,Mustard,Rabi,0.35,Sandy,1041.7,Rainfed,66915,3,0,72.9,40000,53010,0.7956
FC-001607,MP,MP-Bundelkhand,Pulses,Rabi,3.09,Black,735.3,Tubewell,219727,5,0,56.1,105012,35560,0.6242
FC-001608,AP,AP-Coastal,Maize,Rabi,1.16,Alluvial,1000.3,Canal,65644,4,0,72.5,40671,24416,0.4909
FC-001609,MH,MH-Vidarbha,Soybean,Kharif,1.39,Red,848.4,Canal,111757,2,0,62.8,60841,77104,0.4811
FC-001610,UP,UP-Eastern,Rice,Kharif,0.39,Alluvial,640.3,Canal,64913,5,0,78.5,40000,33756,0.6773
FC-001611,MH,MH-Konkan,Pulses,Kharif,0.9,Black,1008.6,Canal,109291,0,0,65.7,40000,21632,0.7734
FC-001612,TN,TN-Delta,Rice,Rabi,0.81,Laterite,792.4,Rainfed,50203,1,0,100.0,40000,19328,0.5082
FC-001613,HR,HR-South,Cotton,Kharif,10.0,Sandy,507.0,Canal,793001,1,0,46.2,484327,9994,0.3332
FC-001614,TN,TN-Delta,Sugarcane,Kharif,1.22,Red,1024.6,Rainfed,163377,3,0,71.3,202541,90014,0.3129
FC-001615,AP,AP-Upland,Groundnut,Rabi,0.39,Black,903.1,Canal,49728,1,0,90.4,40000,43207,0.3699
FC-001616,MH,MH-Konkan,Cotton,Kharif,1.49,Black,693.9,Rainfed,126628,1,0,100.0,94467,19495,0.3785
FC-001617,KA,KA-Coastal,Maize,Kharif,0.31,Sandy,612.1,Rainfed,45094,2,1,24.8,40000,20100,0.7864
FC-001618,RJ,RJ-Mewar,Mustard,Rabi,0.5,Sandy,546.0,Rainfed,42749,1,0,95.0,40000,31929,0.3382
FC-001619,MH,MH-Western,Rice,Kharif,0.77,Black,1002.1,Drip,62180,3,0,66.3,40000,31436,0.3662
FC-001620,BR,BR-Gangetic,Maize,Kharif,0.62,Alluvial,1068.2,Canal,89824,3,0,80.7,40000,12609,0.6685
FC-001621,TN,TN-Delta,Rice,Kharif,6.58,Laterite,1200.8,Rainfed,541600,5,0,38.3,361901,11171,0.3563
FC-001622,KA,KA-North,Rice,Rabi,0.54,Red,589.3,Drip,61987,3,0,81.4,40000,77120,0.6881
FC-001623,UP,UP-Western,Sugarcane,Rabi,7.3,Laterite,995.4,Tubewell,693610,3,0,100.0,700000,31509,0.1205
FC-001624,HR,HR-West,Pulses,Kharif,1.74,Alluvial,698.1,Canal,130117,1,0,69.7,41224,74252,0.8076
FC-001625,MP,MP-Malwa,Maize,Rabi,1.72,ClayLoam,855.2,Canal,122523,1,0,96.0,81551,0,0.2586
FC-001626,UP,UP-Central,Cotton,Kharif,1.29,Alluvial,986.9,Canal,141442,1,0,86.6,100635,17353,0.2891
FC-001627,TG,TG-North,Sugarcane,Rabi,0.38,Black,904.8,Drip,77259,2,0,85.3,66059,47436,0.4456
FC-001628,PB,PB-Doaba,Wheat,Rabi,1.14,Alluvial,746.0,Rainfed,119564,4,0,59.5,60173,7383,0.4701
FC-001629,MH,MH-Konkan,Cotton,Kharif,0.37,Laterite,768.1,Drip,58125,4,0,65.0,40000,22211,0.4833
FC-001630,TN,TN-Delta,Rice,Kharif,6.29,Black,1246.2,Canal,530605,2,0,91.6,478346,267086,0.1556
FC-001631,MH,MH-Marathwada,Rice,Kharif,0.2,Black,900.5,Tubewell,36414,1,0,85.7,40000,0,0.1926
FC-001632,MP,MP-Chambal,Maize,Kharif,0.64,ClayLoam,928.5,Canal,79729,1,1,42.6,40000,51038,0.8775
FC-001633,HR,HR-West,Pulses,Rabi,0.67,Alluvial,412.3,Rainfed,67573,7,0,67.7,40000,19045,0.5386
FC-001634,MH,MH-Marathwada,Pulses,Rabi,0.55,Black,1054.2,Tubewell,84014,0,0,76.6,40000,47605,0.7475
FC-001635,TN,TN-South,Rice,Rabi,2.04,Laterite,509.5,Tubewell,171898,4,0,83.5,101119,8640,0.4982
FC-001636,MP,MP-Chambal,Cotton,Kharif,0.95,Red,968.3,Canal,113083,2,0,91.3,68102,60524,0.5935
FC-001637,KA,KA-Coastal,Groundnut,Rabi,1.49,Black,623.4,Tubewell,104598,2,0,72.7,59212,0,0.314
FC-001638,BR,BR-North,Rice,Kharif,1.47,Alluvial,974.6,Canal,97589,2,0,75.0,81326,0,0.2136
FC-001639,TN,TN-Delta,Groundnut,Kharif,2.23,Laterite,600.5,Tubewell,212577,2,0,72.6,91692,84112,0.6593
FC-001640,KA,KA-Coastal,Millet,Kharif,3.76,Red,834.6,Rainfed,172202,2,0,75.8,78520,87987,0.7044
FC-001641,UP,UP-Eastern,Wheat,Rabi,0.35,Sandy,1262.0,Canal,37719,2,0,97.9,40000,0,0.2299
FC-001642,HR,HR-East,Rice,Rabi,0.45,Alluvial,391.2,Rainfed,41296,4,1,40.4,40000,15460,0.799
FC-001643,KA,KA-South,Sugarcane,Kharif,1.18,Red,519.3,Tubewell,73793,4,0,97.3,99661,53340,0.1845
FC-001644,MH,MH-Vidarbha,Rice,Rabi,1.09,Black,616.3,Rainfed,83786,4,0,64.1,53952,15095,0.7166
FC-001645,MH,MH-Vidarbha,Soybean,Kharif,0.43,Laterite,601.3,Drip,59888,4,0,83.5,40000,53253,0.4875
FC-001646,KA,KA-Coastal,Maize,Kharif,2.44,Laterite,1438.3,Rainfed,139729,0,0,64.4,99735,22728,0.3334
FC-001647,UP,UP-Western,Sugarcane,Kharif,3.42,Alluvial,1192.2,Canal,303951,2,0,90.0,626137,19458,0.0757
FC-001648,MH,MH-Vidarbha,Pulses,Rabi,1.62,Black,951.1,Tubewell,99586,4,0,62.4,54367,61709,0.5616
FC-001649,UP,UP-Bundelkhand,Pulses,Rabi,0.7,Alluvial,1089.6,Tubewell,63396,3,0,73.5,40000,26948,0.3646
FC-001650,KA,KA-South,Maize,Kharif,0.4,ClayLoam,1242.6,Canal,61680,1,0,65.0,40000,5247,0.407
FC-001651,RJ,RJ-Shekhawati,Pulses,Kharif,0.76,Sandy,517.8,Rainfed,82174,1,0,62.5,40000,8239,0.4452
FC-001652,BR,BR-North,Maize,Kharif,0.72,Alluvial,1055.3,Canal,67472,2,0,71.9,40000,0,0.5342
FC-001653,MH,MH-Vidarbha,Pulses,Rabi,0.26,Red,971.4,Canal,63940,1,1,52.2,40000,78232,0.8753
FC-001654,KA,KA-South,Millet,Kharif,0.21,ClayLoam,1887.9,Rainfed,34220,1,0,71.5,40000,79253,0.5113
FC-001655,RJ,RJ-Hadoti,Mustard,Rabi,1.33,Sandy,456.9,Canal,88402,4,0,65.3,60866,0,0.1737
FC-001656,UP,UP-Bundelkhand,Wheat,Rabi,2.39,ClayLoam,919.8,Canal,169425,3,0,66.1,160020,0,0.1648
FC-001657,KA,KA-Central,Rice,Rabi,0.48,Black,703.5,Tubewell,68561,4,0,73.3,40000,3988,0.3791
FC-001658,UP,UP-Western,Sugarcane,Rabi,0.76,Alluvial,1188.3,Rainfed,105920,4,0,79.1,141183,91630,0.1839
FC-001659,KA,KA-South,Wheat,Rabi,1.5,Laterite,1295.1,Tubewell,88022,4,0,78.0,40000,15154,0.3978
FC-001660,HR,HR-West,Cotton,Kharif,0.66,Sandy,648.5,Rainfed,71860,3,0,100.0,57208,9903,0.2217
FC-001661,UP,UP-Western,Wheat,Rabi,0.3,Sandy,1035.2,Tubewell,44534,3,0,74.7,40000,0,0.1416
FC-001662,UP,UP-Western,Rice,Rabi,0.91,Alluvial,830.0,Tubewell,113594,4,1,67.1,55139,104923,0.8139
FC-001663,MH,MH-Marathwada,Soybean,Kharif,4.31,Black,553.4,Tubewell,200509,3,0,62.3,178592,195260,0.4544
FC-001664,KA,KA-Coastal,Rice,Kharif,0.7,Sandy,1526.9,Rainfed,67503,2,0,78.9,40000,0,0.3647
FC-001665,UP,UP-Eastern,Rice,Kharif,1.82,Alluvial,873.7,Rainfed,162148,2,0,74.1,56128,23083,0.7204
FC-001666,PB,PB-Majha,Mustard,Rabi,0.77,Alluvial,676.2,Drip,58134,1,0,79.5,48662,26838,0.3399
FC-001667,AP,AP-Coastal,Maize,Kharif,0.57,Alluvial,975.0,Rainfed,82936,2,0,84.1,40000,26468,0.6442
FC-001668,BR,BR-Gangetic,Wheat,Rabi,1.98,Sandy,569.6,Tubewell,98173,3,0,97.2,55658,15000,0.3668
FC-001669,HR,HR-South,Cotton,Kharif,0.43,Alluvial,575.1,Tubewell,66494,2,0,76.8,40000,0,0.365
FC-001670,TG,TG-North,Cotton,Kharif,2.18,Red,1160.0,Tubewell,122746,0,0,88.8,72618,27773,0.234
FC-001671,PB,PB-Doaba,Rice,Kharif,2.34,Alluvial,701.9,Canal,229453,3,0,87.8,182185,39114,0.2707
FC-001672,UP,UP-Bundelkhand,Wheat,Rabi,4.96,Alluvial,1129.9,Tubewell,359523,2,0,100.0,201032,8931,0.2462
FC-001673,UP,UP-Eastern,Sugarcane,Kharif,1.09,ClayLoam,770.2,Rainfed,108284,1,0,64.8,101325,132230,0.6769
FC-001674,MP,MP-Malwa,Rice,Rabi,1.24,Black,1132.5,Rainfed,113369,2,0,67.8,65937,11949,0.3834
FC-001675,GJ,GJ-North,Cotton,Kharif,1.07,Sandy,630.0,Tubewell,124204,5,0,86.3,82172,9234,0.3656
FC-001676,MH,MH-Konkan,Wheat,Rabi,0.65,Black,715.2,Drip,50725,2,0,86.0,43692,49241,0.3775
FC-001677,KA,KA-Coastal,Maize,Rabi,1.57,ClayLoam,651.3,Canal,120533,2,0,59.0,70220,42133,0.5254
FC-001678,TG,TG-South,Sugarcane,Kharif,0.6,Red,814.4,Rainfed,96129,4,0,68.9,107054,80365,0.5047
FC-001679,BR,BR-South,Rice,Kharif,0.93,Alluvial,1277.5,Canal,109830,1,0,80.5,60832,10881,0.3821
FC-001680,HR,HR-East,Wheat,Rabi,1.29,ClayLoam,470.6,Canal,96978,0,0,79.3,69300,33732,0.321
FC-001681,MH,MH-Konkan,Soybean,Kharif,0.4,Black,1190.7,Rainfed,49488,4,0,61.1,40000,79247,0.7538
FC-001682,UP,UP-Eastern,Cotton,Kharif,0.43,Alluvial,556.4,Rainfed,54969,4,0,68.1,40000,0,0.747
FC-001683,MP,MP-Bundelkhand,Maize,Kharif,2.66,Black,988.5,Rainfed,205801,3,0,83.8,102330,9317,0.3479
FC-001684,TN,TN-South,Rice,Rabi,1.31,Laterite,1049.1,Rainfed,99697,4,0,70.6,54950,0,0.3573
FC-001685,GJ,GJ-Saurashtra,Groundnut,Rabi,0.67,Alluvial,922.1,Canal,61101,3,0,100.0,40000,3206,0.2171
FC-001686,GJ,GJ-South,Wheat,Rabi,0.46,Black,986.9,Canal,42893,3,0,55.0,40000,0,0.161
FC-001687,BR,BR-Gangetic,Wheat,Rabi,1.12,ClayLoam,989.2,Drip,146941,1,0,66.0,105496,7452,0.2517
FC-001688,BR,BR-South,Pulses,Rabi,1.86,ClayLoam,1233.8,Rainfed,107784,1,0,82.3,40000,0,0.4104
FC-001689,PB,PB-Majha,Pulses,Kharif,1.26,Alluvial,597.8,Rainfed,131558,1,1,43.8,40000,23612,0.7928
FC-001690,RJ,RJ-Shekhawati,Mustard,Rabi,0.49,Sandy,250.0,Rainfed,41950,1,0,74.6,40000,19653,0.4206
FC-001691,BR,BR-North,Rice,Kharif,1.12,Alluvial,1297.8,Rainfed,121147,2,0,67.7,79513,12884,0.3958
FC-001692,PB,PB-Malwa,Cotton,Kharif,1.7,Sandy,554.8,Tubewell,153554,0,0,81.3,87638,121188,0.5493
FC-001693,KA,KA-Central,Sugarcane,Kharif,2.56,Red,1416.5,Rainfed,273059,1,0,93.9,313550,130603,0.2936
FC-001694,TG,TG-South,Soybean,Kharif,1.36,Alluvial,866.0,Tubewell,130410,1,1,56.4,43709,46118,0.8435
FC-001695,BR,BR-South,Wheat,Rabi,2.34,Red,1538.6,Canal,114746,3,0,77.0,111815,4977,0.1449
FC-001696,GJ,GJ-Saurashtra,Wheat,Rabi,0.8,Sandy,876.1,Tubewell,58054,1,0,51.6,40000,47630,0.6472
FC-001697,BR,BR-Gangetic,Rice,Kharif,2.27,Alluvial,1225.8,Rainfed,195892,5,0,71.3,82092,19952,0.5374
FC-001698,AP,AP-Coastal,Maize,Rabi,0.76,Alluvial,1003.9,Tubewell,59197,5,0,53.9,43886,2580,0.3801
FC-001699,UP,UP-Central,Wheat,Rabi,6.3,Alluvial,823.2,Drip,417943,3,0,67.4,362311,3478,0.2624
FC-001700,TG,TG-South,Cotton,Kharif,2.23,Black,983.7,Canal,178458,4,0,76.6,202636,3077,0.1442
FC-001701,HR,HR-West,Pulses,Kharif,1.23,Sandy,300.2,Tubewell,115797,3,0,68.1,40000,41784,0.7773
FC-001702,PB,PB-Majha,Cotton,Kharif,1.52,Alluvial,651.6,Rainfed,90137,4,0,88.3,136628,31473,0.105
FC-001703,HR,HR-West,Mustard,Rabi,3.26,Alluvial,545.9,Tubewell,187172,2,0,79.6,120723,110064,0.2472
FC-001704,PB,PB-Majha,Wheat,Rabi,0.74,Alluvial,435.8,Drip,61319,5,0,65.8,40000,13706,0.3062
FC-001705,KA,KA-Coastal,Sugarcane,Rabi,1.37,Black,702.8,Tubewell,187155,3,0,100.0,194246,105825,0.2649
FC-001706,PB,PB-Doaba,Pulses,Rabi,1.01,Alluvial,717.9,Tubewell,83759,2,0,92.9,42885,9797,0.2075
FC-001707,MH,MH-Vidarbha,Cotton,Kharif,3.09,ClayLoam,726.7,Tubewell,175352,2,0,73.9,209494,3973,0.3849
FC-001708,MP,MP-Bundelkhand,Pulses,Rabi,1.93,Red,1198.2,Drip,166588,5,0,71.5,76314,9394,0.3896
FC-001709,GJ,GJ-South,Maize,Kharif,5.46,Red,1092.7,Rainfed,471965,1,0,88.4,297460,400000,0.3617
FC-001710,TN,TN-West,Maize,Kharif,4.57,Alluvial,697.5,Canal,390837,2,0,87.4,158774,0,0.3875
FC-001711,UP,UP-Central,Sugarcane,Rabi,0.57,ClayLoam,890.6,Tubewell,47475,1,0,92.9,68085,0,0.1674
FC-001712,AP,AP-Rayalaseema,Rice,Rabi,0.45,Black,890.4,Canal,39347,0,0,53.8,40000,3308,0.2452
FC-001713,MH,MH-Konkan,Cotton,Kharif,1.5,Black,1009.6,Drip,151721,3,0,74.4,86340,18809,0.298
FC-001714,MP,MP-Chambal,Maize,Kharif,0.53,ClayLoam,1256.5,Rainfed,67974,2,0,62.9,40000,42568,0.5701
FC-001715,HR,HR-South,Cotton,Kharif,0.37,Alluvial,523.7,Canal,47862,2,0,85.2,40000,24804,0.2482
FC-001716,MP,MP-Malwa,Soybean,Kharif,0.65,ClayLoam,797.6,Rainfed,75287,4,0,75.4,40000,7885,0.5532
FC-001717,GJ,GJ-Central,Groundnut,Kharif,0.63,Alluvial,250.0,Drip,64914,1,0,84.5,40000,0,0.4815
FC-001718,MH,MH-Western,Rice,Kharif,1.1,Black,1004.0,Rainfed,67551,2,0,84.5,85290,173367,0.3918
FC-001719,UP,UP-Western,Rice,Kharif,1.96,ClayLoam,1001.5,Rainfed,157249,3,0,68.1,122129,10864,0.1956
FC-001720,RJ,RJ-Shekhawati,Pulses,Kharif,3.28,Alluvial,716.3,Drip,185215,2,0,82.7,116183,37358,0.3553
FC-001721,MH,MH-Konkan,Soybean,Kharif,2.71,Red,810.3,Tubewell,188425,0,0,95.2,103455,49273,0.3396
FC-001722,PB,PB-Malwa,Wheat,Rabi,0.76,Alluvial,593.6,Rainfed,52956,2,0,90.7,41024,0,0.2001
FC-001723,TG,TG-South,Soybean,Kharif,2.34,Black,1180.6,Rainfed,122735,0,0,68.5,107044,19340,0.3532
FC-001724,GJ,GJ-Saurashtra,Maize,Kharif,1.25,Alluvial,250.0,Tubewell,77160,4,0,89.6,63008,36644,0.3425
FC-001725,MP,MP-Bundelkhand,Soybean,Kharif,0.92,Red,910.8,Drip,77235,2,0,89.7,41224,126819,0.6706
FC-001726,RJ,RJ-Mewar,Mustard,Rabi,1.2,Sandy,523.9,Drip,130390,0,0,81.3,73967,30286,0.3217
FC-001727,GJ,GJ-North,Maize,Kharif,2.2,Laterite,837.4,Rainfed,210638,2,0,62.7,164345,0,0.255
FC-001728,TG,TG-Central,Pulses,Kharif,0.95,Black,806.2,Tubewell,91895,3,0,63.2,40000,887,0.6849
FC-001729,TG,TG-Central,Cotton,Kharif,1.76,Laterite,506.1,Canal,168787,1,0,46.9,84591,31616,0.3714
FC-001730,UP,UP-Bundelkhand,Pulses,Kharif,1.13,Red,983.5,Canal,121333,2,0,62.1,40000,16561,0.7535
FC-001731,UP,UP-Bundelkhand,Sugarcane,Kharif,0.79,Alluvial,1109.6,Rainfed,156080,1,0,81.1,199090,171196,0.2877
FC-001732,MP,MP-Bundelkhand,Pulses,Kharif,2.21,Black,958.3,Rainfed,133256,1,0,71.9,68027,208262,0.8246
FC-001733,UP,UP-Bundelkhand,Sugarcane,Kharif,1.03,Alluvial,848.3,Drip,106688,3,0,74.5,136531,0,0.2618
FC-001734,UP,UP-Eastern,Wheat,Rabi,1.65,ClayLoam,1032.6,Drip,109852,4,0,80.4,84423,82011,0.3199
FC-001735,BR,BR-South,Rice,Kharif,1.93,ClayLoam,1121.5,Canal,136440,2,0,77.5,115961,18700,0.2622
FC-001736,TG,TG-North,Rice,Rabi,3.86,ClayLoam,1007.0,Canal,259143,1,0,76.9,230746,0,0.1845
FC-001737,TN,TN-South,Rice,Kharif,2.55,Red,823.6,Canal,190639,1,0,88.7,199341,96349,0.2269
FC-001738,HR,HR-East,Wheat,Rabi,0.84,Black,750.3,Rainfed,90087,2,0,69.6,57658,0,0.3584
FC-001739,KA,KA-South,Maize,Kharif,4.46,Black,1679.7,Canal,322603,1,0,84.0,157120,0,0.2709
FC-001740,AP,AP-Rayalaseema,Maize,Rabi,1.0,Alluvial,1260.6,Rainfed,96599,0,0,66.5,57320,40350,0.502
FC-001741,GJ,GJ-North,Cotton,Kharif,2.0,Alluvial,1190.9,Tubewell,119663,3,0,54.3,131036,190271,0.5141
FC-001742,TG,TG-North,Soybean,Kharif,2.7,Red,899.1,Canal,124534,3,0,64.5,122802,76776,0.1866
FC-001743,PB,PB-Majha,Rice,Kharif,1.41,ClayLoam,461.1,Rainfed,89156,1,0,67.2,43257,0,0.6671
FC-001744,GJ,GJ-Central,Cotton,Kharif,1.09,Alluvial,1009.8,Rainfed,78303,3,0,77.7,70225,44583,0.341
FC-001745,AP,AP-Coastal,Pulses,Rabi,2.5,Red,1142.4,Canal,122045,1,0,64.4,40000,64820,0.5897
FC-001746,MH,MH-Marathwada,Maize,Kharif,0.34,Red,748.4,Rainfed,35094,3,1,60.6,40000,400000,0.812
FC-001747,HR,HR-West,Sugarcane,Rabi,2.24,Alluvial,566.5,Rainfed,275333,2,0,87.5,400844,11969,0.1854
FC-001748,PB,PB-Malwa,Maize,Rabi,2.0,Alluvial,754.2,Drip,171050,0,0,79.5,54745,13797,0.5088
FC-001749,MH,MH-Vidarbha,Wheat,Rabi,0.36,Laterite,1217.5,Canal,43676,3,0,60.5,40000,20772,0.2677
FC-001750,PB,PB-Majha,Wheat,Rabi,1.78,Alluvial,713.3,Rainfed,105263,5,0,77.3,82178,4196,0.1827
FC-001751,UP,UP-Eastern,Maize,Rabi,1.21,Alluvial,1033.7,Rainfed,106564,2,0,53.0,49600,5575,0.4625
FC-001752,BR,BR-North,Sugarcane,Kharif,0.2,Alluvial,1517.8,Canal,60635,3,1,44.2,40000,35066,0.8182
FC-001753,GJ,GJ-North,Rice,Rabi,0.96,Black,442.1,Rainfed,108179,2,0,88.8,65198,164926,0.9418
FC-001754,MP,MP-Malwa,Soybean,Kharif,0.81,Red,771.0,Canal,64440,1,0,82.7,40000,14044,0.2994
FC-001755,RJ,RJ-Mewar,Millet,Kharif,0.42,Sandy,560.4,Tubewell,77226,5,0,66.3,40000,23568,0.5546
FC-001756,AP,AP-Rayalaseema,Maize,Rabi,1.47,Black,732.9,Canal,89846,0,0,79.2,53806,92509,0.6358
FC-001757,UP,UP-Eastern,Wheat,Rabi,1.03,Alluvial,828.6,Canal,72502,1,0,52.2,49348,241578,0.6463
FC-001758,MP,MP-Chambal,Soybean,Kharif,3.67,Black,815.4,Rainfed,167317,2,0,61.1,123750,75167,0.4544
FC-001759,MH,MH-Konkan,Soybean,Kharif,3.14,Alluvial,839.4,Rainfed,204372,3,0,77.2,97617,5437,0.3392
FC-001760,BR,BR-North,Maize,Rabi,0.56,Alluvial,1005.8,Rainfed,47115,3,0,69.7,40000,23298,0.4435
FC-001761,TN,TN-Delta,Pulses,Rabi,1.57,Alluvial,1067.6,Canal,124705,2,0,79.6,50446,0,0.3749
FC-001762,MH,MH-Konkan,Cotton,Kharif,0.64,Red,1268.3,Canal,80185,2,0,95.2,40000,39603,0.3753
FC-001763,TN,TN-North,Pulses,Rabi,0.59,Red,935.0,Drip,62009,1,0,78.2,40000,112700,0.8328
FC-001764,KA,KA-South,Pulses,Kharif,0.38,Red,1222.9,Canal,36654,4,0,55.7,40000,151698,0.8266
FC-001765,MP,MP-Mahakoshal,Soybean,Kharif,2.02,Alluvial,1028.6,Canal,174521,2,1,67.1,72799,231566,0.829
FC-001766,RJ,RJ-Shekhawati,Millet,Kharif,0.37,Alluvial,540.1,Rainfed,47365,1,1,40.5,40000,85803,0.8087
FC-001767,RJ,RJ-Shekhawati,Mustard,Rabi,0.48,Sandy,618.4,Tubewell,64021,3,0,75.3,40000,21089,0.4938
FC-001768,UP,UP-Central,Maize,Kharif,2.57,Alluvial,1099.6,Drip,197209,2,0,63.6,93262,61622,0.4596
FC-001769,RJ,RJ-Hadoti,Wheat,Rabi,1.28,Alluvial,252.8,Tubewell,96019,2,0,86.2,67187,8119,0.3037
FC-001770,RJ,RJ-Mewar,Mustard,Rabi,3.83,Black,703.7,Canal,171155,0,0,75.9,127911,26897,0.1531
FC-001771,UP,UP-Bundelkhand,Pulses,Kharif,1.2,Alluvial,677.0,Tubewell,123168,0,0,69.6,40000,4824,0.6865
FC-001772,KA,KA-North,Maize,Rabi,2.22,Red,1261.8,Tubewell,105543,3,0,64.8,98924,87206,0.6056
FC-001773,MH,MH-Vidarbha,Cotton,Kharif,0.58,Black,653.1,Canal,48856,2,0,64.3,40000,67039,0.7955
FC-001774,AP,AP-Coastal,Cotton,Kharif,3.36,Black,1243.5,Tubewell,190618,2,0,67.2,135615,20132,0.3069
FC-001775,UP,UP-Eastern,Maize,Kharif,1.38,Sandy,807.5,Drip,85094,4,0,54.1,49296,16409,0.4924
FC-001776,UP,UP-Eastern,Wheat,Rabi,0.73,Alluvial,890.0,Canal,67195,2,0,78.9,40888,82195,0.6012
FC-001777,RJ,RJ-Mewar,Millet,Kharif,5.65,Red,369.1,Rainfed,431267,0,0,80.8,111999,50382,0.8725
FC-001778,TG,TG-North,Maize,Kharif,1.0,ClayLoam,863.6,Canal,95095,1,1,38.5,49912,289363,0.8729
FC-001779,MP,MP-Malwa,Soybean,Kharif,1.19,Black,1018.7,Rainfed,109947,2,0,53.1,70751,23294,0.3537
FC-001780,MH,MH-Konkan,Wheat,Rabi,2.38,Black,730.2,Drip,165408,1,0,77.8,128219,38812,0.3829
FC-001781,HR,HR-South,Mustard,Rabi,1.11,Alluvial,290.2,Rainfed,72325,0,0,71.2,51222,5855,0.3239
FC-001782,BR,BR-Gangetic,Maize,Kharif,1.08,Alluvial,1325.0,Rainfed,95687,0,1,32.8,47462,105226,0.9136
FC-001783,MP,MP-Chambal,Rice,Rabi,1.75,Black,930.4,Drip,180092,3,0,92.9,102895,7998,0.2927
FC-001784,RJ,RJ-Shekhawati,Millet,Kharif,1.41,ClayLoam,679.5,Tubewell,121232,2,1,26.9,40000,83891,0.7879
FC-001785,UP,UP-Central,Sugarcane,Rabi,1.1,ClayLoam,1168.4,Canal,117142,3,0,80.1,219396,71270,0.2047
FC-001786,UP,UP-Central,Sugarcane,Rabi,2.83,Alluvial,844.0,Rainfed,334165,2,0,94.0,381467,8982,0.3379
FC-001787,UP,UP-Bundelkhand,Pulses,Kharif,4.5,Sandy,909.7,Canal,352315,2,0,88.2,167132,168045,0.5452
FC-001788,KA,KA-Coastal,Groundnut,Rabi,1.0,Red,755.8,Canal,109301,3,0,73.0,68726,10270,0.2839
FC-001789,BR,BR-South,Maize,Rabi,1.16,Alluvial,1134.7,Canal,94427,1,0,73.3,40000,23374,0.6888
FC-001790,UP,UP-Eastern,Sugarcane,Rabi,0.7,Alluvial,894.3,Drip,134161,0,0,88.3,151636,28266,0.161
FC-001791,GJ,GJ-South,Mustard,Rabi,1.14,ClayLoam,371.2,Tubewell,71016,2,0,92.0,71971,24245,0.1748
FC-001792,TG,TG-Central,Rice,Kharif,2.33,Red,600.7,Canal,171666,0,0,46.8,116781,12604,0.3015
FC-001793,MP,MP-Chambal,Soybean,Kharif,1.21,Black,805.3,Canal,77727,4,0,92.3,63669,76525,0.3201
FC-001794,BR,BR-South,Maize,Kharif,1.31,Alluvial,1090.9,Rainfed,90413,6,0,86.3,40000,20475,0.57
FC-001795,TN,TN-North,Rice,Kharif,2.79,Red,812.6,Canal,269347,2,0,70.0,183707,61828,0.3945
FC-001796,TG,TG-Central,Cotton,Kharif,1.0,Red,846.7,Canal,83803,1,0,71.4,76467,30040,0.2606
FC-001797,TG,TG-Central,Cotton,Kharif,0.38,Red,1156.9,Rainfed,42617,1,0,78.1,40000,0,0.2735
FC-001798,AP,AP-Upland,Rice,Rabi,0.63,Alluvial,759.3,Rainfed,70540,3,0,65.5,40000,121135,0.9402
FC-001799,UP,UP-Central,Pulses,Rabi,1.42,Sandy,1112.3,Rainfed,133291,4,0,62.9,44462,7305,0.6875
FC-001800,MP,MP-Bundelkhand,Soybean,Kharif,1.12,Black,977.0,Rainfed,91050,3,0,96.7,60976,30296,0.2545
FC-001801,RJ,RJ-Mewar,Pulses,Rabi,0.68,Sandy,587.1,Canal,53086,2,0,65.0,40000,0,0.2479
FC-001802,HR,HR-West,Wheat,Rabi,6.89,Alluvial,442.6,Tubewell,560801,3,0,87.7,221922,0,0.4101
FC-001803,GJ,GJ-South,Wheat,Rabi,0.91,Red,996.5,Rainfed,66100,1,0,98.3,62604,14389,0.2173
FC-001804,MH,MH-Konkan,Sugarcane,Kharif,1.12,Black,711.0,Tubewell,125841,4,0,49.4,160842,41894,0.3951
FC-001805,MP,MP-Mahakoshal,Soybean,Kharif,1.68,ClayLoam,1209.3,Drip,125159,0,0,68.0,70404,24945,0.4391
FC-001806,RJ,RJ-Hadoti,Groundnut,Rabi,0.73,Laterite,430.4,Tubewell,80341,0,0,58.3,48310,15838,0.4951
FC-001807,TN,TN-South,Groundnut,Kharif,1.01,ClayLoam,914.2,Tubewell,118149,3,0,88.0,54398,3985,0.2934
FC-001808,TN,TN-South,Millet,Kharif,1.38,Laterite,870.1,Tubewell,90504,2,0,66.9,40000,0,0.4062
FC-001809,UP,UP-Central,Sugarcane,Rabi,0.23,Alluvial,1212.4,Rainfed,61655,1,0,90.1,40000,17926,0.5956
FC-001810,GJ,GJ-Saurashtra,Maize,Rabi,2.03,Alluvial,781.4,Drip,138734,2,0,50.4,100249,110495,0.5825
FC-001811,MH,MH-Konkan,Cotton,Kharif,1.65,ClayLoam,1186.1,Tubewell,111366,3,0,60.0,126268,29822,0.2325
FC-001812,HR,HR-East,Rice,Rabi,0.54,Sandy,322.6,Canal,46306,1,0,52.2,40000,16778,0.5443
FC-001813,KA,KA-North,Cotton,Kharif,0.29,Black,572.8,Tubewell,52470,1,0,45.2,40000,79740,0.9212
FC-001814,MH,MH-Vidarbha,Soybean,Kharif,2.18,Black,826.0,Rainfed,177018,3,0,61.5,91209,15006,0.5518
FC-001815,PB,PB-Doaba,Cotton,Kharif,3.86,Alluvial,590.7,Tubewell,299565,2,0,56.9,259118,10498,0.2824
FC-001816,GJ,GJ-Central,Cotton,Kharif,0.79,Black,394.8,Rainfed,100605,4,0,57.9,40000,7154,0.8488
FC-001817,KA,KA-South,Groundnut,Kharif,2.66,Black,739.7,Rainfed,277753,2,0,80.0,207878,237095,0.4404
FC-001818,TG,TG-Central,Cotton,Kharif,3.99,Red,623.5,Canal,211430,4,0,60.0,234606,20433,0.2042
FC-001819,MH,MH-Marathwada,Pulses,Rabi,1.37,Laterite,582.3,Canal,105765,4,0,77.8,40000,0,0.523
FC-001820,TG,TG-Central,Rice,Rabi,1.28,Sandy,1249.3,Canal,150611,4,0,85.3,87935,64735,0.46
FC-001821,MH,MH-Vidarbha,Soybean,Kharif,0.59,Black,886.1,Tubewell,49434,3,0,100.0,40000,4035,0.1285
FC-001822,PB,PB-Doaba,Rice,Rabi,0.68,Alluvial,719.6,Canal,85542,2,0,83.2,49581,8178,0.4152
FC-001823,AP,AP-Coastal,Groundnut,Kharif,0.61,Red,894.6,Canal,52364,4,0,100.0,54278,33262,0.1496
FC-001824,MH,MH-Konkan,Wheat,Rabi,1.76,Black,1344.0,Tubewell,136829,2,0,62.0,60653,0,0.3173
FC-001825,KA,KA-Coastal,Rice,Kharif,1.0,Laterite,1342.8,Canal,80669,2,0,48.6,51188,0,0.3367
FC-001826,AP,AP-Rayalaseema,Groundnut,Kharif,0.53,Alluvial,977.3,Canal,44730,2,0,86.2,40000,15439,0.3461
FC-001827,GJ,GJ-Saurashtra,Cotton,Kharif,2.47,Alluvial,1195.9,Rainfed,132098,1,0,65.9,153018,58226,0.2044
FC-001828,AP,AP-Upland,Cotton,Kharif,1.17,Red,972.1,Canal,114446,1,0,85.7,132734,235464,0.3985
FC-001829,MP,MP-Bundelkhand,Pulses,Rabi,0.97,Alluvial,860.4,Tubewell,55306,2,1,35.8,40000,98316,0.8531
FC-001830,AP,AP-Upland,Rice,Kharif,1.64,Sandy,908.4,Rainfed,160591,1,0,86.1,129199,13858,0.2223
FC-001831,UP,UP-Western,Sugarcane,Rabi,0.54,Alluvial,1034.3,Rainfed,65916,2,0,80.4,70637,48622,0.387
FC-001832,TG,TG-North,Groundnut,Kharif,2.25,Red,738.8,Rainfed,140634,0,0,71.3,90949,5708,0.285
FC-001833,MH,MH-Vidarbha,Cotton,Kharif,0.73,ClayLoam,1087.6,Canal,57612,4,0,53.6,64403,88554,0.5157
FC-001834,PB,PB-Malwa,Wheat,Rabi,0.96,Alluvial,459.5,Canal,84671,2,0,73.9,40000,111728,0.7493
FC-001835,KA,KA-Coastal,Sugarcane,Kharif,0.75,Black,1125.7,Rainfed,113358,1,0,54.9,175343,81623,0.23
FC-001836,TN,TN-North,Millet,Kharif,0.78,Black,943.6,Rainfed,98900,2,0,87.4,40000,64285,0.7487
FC-001837,RJ,RJ-Mewar,Wheat,Rabi,0.44,Alluvial,586.8,Tubewell,58908,0,0,75.9,40000,10682,0.3514
FC-001838,MH,MH-Vidarbha,Rice,Kharif,0.47,Black,729.7,Drip,46964,4,0,58.4,40000,21402,0.3578
FC-001839,RJ,RJ-Hadoti,Cotton,Kharif,0.54,Sandy,608.1,Canal,42071,0,0,73.7,40000,37473,0.3994
FC-001840,BR,BR-South,Rice,Rabi,1.65,Alluvial,1127.7,Rainfed,171838,1,0,50.3,97174,40134,0.5744
FC-001841,TG,TG-South,Sugarcane,Kharif,1.79,Red,921.4,Rainfed,136636,5,0,89.2,191424,8068,0.1951
FC-001842,GJ,GJ-Central,Cotton,Kharif,5.03,Sandy,444.3,Tubewell,274537,0,1,72.9,71879,62618,0.8123
FC-001843,MP,MP-Bundelkhand,Groundnut,Rabi,1.64,Black,1368.4,Tubewell,175142,1,0,63.9,92008,25559,0.4573
FC-001844,MH,MH-Vidarbha,Wheat,Rabi,0.82,Black,833.7,Tubewell,79341,3,0,77.2,77064,35680,0.2902
FC-001845,GJ,GJ-Saurashtra,Cotton,Kharif,1.19,Alluvial,726.2,Drip,86277,1,0,39.9,123626,19926,0.2626
FC-001846,KA,KA-North,Groundnut,Rabi,1.0,Black,1580.7,Canal,96398,4,0,67.3,60330,113909,0.8375
FC-001847,TN,TN-North,Rice,Kharif,1.28,ClayLoam,1129.5,Drip,132632,2,0,56.6,75461,10400,0.3975
FC-001848,PB,PB-Malwa,Rice,Rabi,1.32,Alluvial,564.0,Rainfed,107667,1,0,59.7,68958,10619,0.3949
FC-001849,GJ,GJ-South,Cotton,Kharif,1.41,Alluvial,801.3,Rainfed,115026,3,0,79.3,71005,51848,0.4739
FC-001850,PB,PB-Malwa,Rice,Kharif,0.26,Alluvial,745.2,Drip,47844,2,0,85.9,40000,50833,0.6306
FC-001851,MH,MH-Marathwada,Rice,Rabi,1.29,Alluvial,660.0,Rainfed,93534,5,0,88.3,40903,0,0.5144
FC-001852,BR,BR-South,Pulses,Kharif,1.69,ClayLoam,1292.8,Canal,152337,3,0,60.9,40000,28337,0.8402
FC-001853,AP,AP-Coastal,Cotton,Kharif,3.73,Red,1126.7,Tubewell,330705,1,0,62.6,333226,9645,0.4388
FC-001854,AP,AP-Rayalaseema,Rice,Kharif,4.73,Alluvial,998.4,Canal,431489,4,0,85.3,269240,5760,0.1961
FC-001855,UP,UP-Bundelkhand,Maize,Kharif,1.5,Alluvial,1053.5,Rainfed,148340,0,0,81.3,116300,14682,0.3038
FC-001856,UP,UP-Bundelkhand,Rice,Kharif,0.93,Alluvial,1004.8,Canal,94249,4,0,100.0,40000,0,0.3838
FC-001857,AP,AP-Rayalaseema,Maize,Rabi,0.35,Alluvial,1132.8,Tubewell,70057,3,0,76.5,40000,10886,0.478
FC-001858,UP,UP-Central,Wheat,Rabi,2.26,Alluvial,814.4,Canal,173575,3,0,69.2,74831,30287,0.5522
FC-001859,TN,TN-West,Pulses,Rabi,0.9,ClayLoam,704.6,Rainfed,88464,3,0,72.0,40000,22815,0.5772
FC-001860,MH,MH-Western,Groundnut,Kharif,1.13,Black,1239.1,Tubewell,94639,4,0,65.4,76975,49547,0.2372
FC-001861,UP,UP-Western,Sugarcane,Kharif,4.71,Black,729.4,Drip,403488,1,0,87.2,700000,22805,0.1381
FC-001862,UP,UP-Central,Pulses,Kharif,1.83,Alluvial,677.0,Rainfed,160757,2,1,51.8,53613,0,0.8163
FC-001863,TN,TN-West,Groundnut,Kharif,1.0,Red,762.8,Tubewell,67897,0,0,83.1,46585,36512,0.4986
FC-001864,HR,HR-West,Wheat,Rabi,1.05,Alluvial,417.5,Drip,82167,4,0,88.1,47626,3237,0.2019
FC-001865,UP,UP-Bundelkhand,Wheat,Rabi,9.17,ClayLoam,720.5,Canal,681763,1,0,100.0,467700,17973,0.1613
FC-001866,MH,MH-Vidarbha,Maize,Kharif,0.28,Black,721.4,Drip,48182,2,0,74.6,40000,13992,0.4854
FC-001867,PB,PB-Malwa,Wheat,Rabi,1.1,Alluvial,716.0,Canal,73538,2,0,78.2,77793,28058,0.258
FC-001868,RJ,RJ-Hadoti,Groundnut,Rabi,2.43,ClayLoam,278.5,Tubewell,115527,2,0,69.0,108626,11163,0.179
FC-001869,MP,MP-Mahakoshal,Mustard,Rabi,1.74,Red,851.2,Rainfed,136408,1,0,93.0,67332,64341,0.5175
FC-001870,MH,MH-Vidarbha,Sugarcane,Kharif,1.42,Black,641.3,Tubewell,168955,0,0,64.3,162710,10308,0.2969
FC-001871,KA,KA-North,Pulses,Kharif,0.42,Red,1506.8,Tubewell,60780,2,0,47.5,40000,11287,0.6331
FC-001872,RJ,RJ-Shekhawati,Mustard,Rabi,1.09,Alluvial,250.0,Rainfed,105833,3,0,53.4,62718,157122,0.878
FC-001873,BR,BR-South,Rice,Kharif,10.0,ClayLoam,1064.8,Tubewell,590657,1,0,80.6,700000,23190,0.2292
FC-001874,KA,KA-North,Groundnut,Kharif,1.63,Black,914.1,Drip,162267,2,0,92.3,105307,10754,0.275
FC-001875,PB,PB-Malwa,Wheat,Rabi,3.45,Alluvial,720.8,Rainfed,337596,2,0,63.2,212898,40704,0.3659
FC-001876,AP,AP-Rayalaseema,Cotton,Kharif,0.87,Red,908.0,Tubewell,92892,2,0,76.0,80076,86800,0.5048
FC-001877,KA,KA-North,Cotton,Kharif,0.78,ClayLoam,769.4,Tubewell,58020,2,0,76.2,40000,4471,0.309
FC-001878,MH,MH-Western,Rice,Kharif,2.32,Red,872.5,Rainfed,142118,1,0,96.0,127406,20873,0.2183
FC-001879,AP,AP-Rayalaseema,Sugarcane,Rabi,0.47,Red,965.2,Canal,45935,2,0,70.4,69096,35887,0.2384
FC-001880,MH,MH-Western,Sugarcane,Rabi,1.65,Black,741.6,Tubewell,244237,3,0,69.7,337123,12589,0.3622
FC-001881,KA,KA-Central,Mustard,Rabi,1.2,Alluvial,804.7,Canal,75505,0,0,80.7,40000,59713,0.7097
FC-001882,HR,HR-East,Rice,Kharif,0.67,Alluvial,504.5,Canal,69130,2,0,73.2,56436,0,0.3159
FC-001883,AP,AP-Coastal,Cotton,Kharif,0.82,Red,1228.0,Rainfed,102618,5,0,72.3,57029,47742,0.5934
FC-001884,GJ,GJ-North,Groundnut,Kharif,1.14,Black,1061.0,Rainfed,94647,3,0,74.4,56602,4503,0.2555
FC-001885,BR,BR-South,Rice,Kharif,0.24,Alluvial,1258.7,Rainfed,45613,2,0,65.0,40000,12244,0.2757
FC-001886,BR,BR-South,Wheat,Rabi,0.39,Alluvial,1491.8,Canal,40196,2,0,61.5,40000,9199,0.2267
FC-001887,PB,PB-Malwa,Maize,Kharif,0.71,ClayLoam,729.2,Tubewell,84909,1,0,78.0,40000,65908,0.811
FC-001888,BR,BR-Gangetic,Pulses,Kharif,1.12,Alluvial,1138.8,Rainfed,106752,2,0,84.7,45224,18647,0.5138
FC-001889,HR,HR-South,Rice,Rabi,0.82,Alluvial,462.3,Rainfed,69939,7,0,56.7,40829,12261,0.7224
FC-001890,UP,UP-Eastern,Sugarcane,Rabi,0.32,Alluvial,1173.9,Canal,58604,3,0,61.9,55330,6503,0.3039
FC-001891,RJ,RJ-Shekhawati,Millet,Kharif,1.22,Alluvial,590.1,Tubewell,96704,1,0,100.0,40000,0,0.3111
FC-001892,RJ,RJ-Marwar,Mustard,Rabi,0.9,Sandy,659.2,Canal,106298,1,0,78.8,44568,55516,0.6746
FC-001893,GJ,GJ-South,Mustard,Rabi,0.29,Alluvial,815.3,Canal,40194,3,0,69.6,40000,17890,0.3072
FC-001894,RJ,RJ-Marwar,Wheat,Rabi,0.58,Red,300.9,Tubewell,79349,2,0,86.8,40000,17199,0.62
FC-001895,UP,UP-Western,Wheat,Rabi,0.96,Alluvial,896.2,Rainfed,62039,0,0,67.8,69625,0,0.2108
FC-001896,MH,MH-Konkan,Millet,Kharif,1.72,ClayLoam,1291.0,Canal,109119,0,0,88.0,40000,22448,0.3809
FC-001897,KA,KA-Coastal,Cotton,Kharif,0.7,Red,631.1,Drip,76371,3,0,86.1,66744,16265,0.3791
FC-001898,BR,BR-North,Pulses,Kharif,0.38,Alluvial,1400.1,Rainfed,57441,2,1,51.0,40000,226243,0.8955
FC-001899,RJ,RJ-Shekhawati,Soybean,Kharif,2.57,ClayLoam,404.1,Tubewell,172833,2,0,52.1,122620,0,0.347
FC-001900,MP,MP-Chambal,Soybean,Kharif,0.82,Alluvial,1044.0,Tubewell,96880,0,0,100.0,42121,4455,0.3718
FC-001901,UP,UP-Central,Wheat,Rabi,6.32,Alluvial,975.6,Tubewell,525002,4,0,100.0,580897,19491,0.1899
FC-001902,MP,MP-Bundelkhand,Soybean,Kharif,1.49,Red,1279.7,Rainfed,124957,4,0,69.9,100277,11973,0.3839
FC-001903,TG,TG-South,Sugarcane,Rabi,0.49,Red,1041.0,Rainfed,86931,0,0,67.1,117773,0,0.2273
FC-001904,GJ,GJ-Central,Wheat,Rabi,1.07,Red,890.0,Tubewell,74780,3,0,81.6,40000,31882,0.3567
FC-001905,RJ,RJ-Shekhawati,Cotton,Kharif,1.84,Sandy,395.2,Drip,195648,3,0,89.6,193315,8012,0.2562
FC-001906,MP,MP-Bundelkhand,Rice,Kharif,3.46,ClayLoam,983.5,Drip,191600,3,0,82.6,265088,56962,0.2118
FC-001907,PB,PB-Doaba,Wheat,Rabi,1.22,Sandy,543.1,Canal,127359,3,0,86.9,40000,0,0.643
FC-001908,MP,MP-Mahakoshal,Groundnut,Kharif,0.93,Red,843.0,Drip,67587,2,0,66.6,80900,20321,0.2674
FC-001909,TN,TN-North,Rice,Rabi,0.76,Black,1061.8,Rainfed,75382,2,0,66.8,40000,54084,0.6227
FC-001910,RJ,RJ-Marwar,Millet,Kharif,1.06,Sandy,380.1,Tubewell,80912,2,0,84.3,40000,78293,0.6279
FC-001911,BR,BR-North,Maize,Rabi,0.74,Sandy,890.7,Canal,90793,4,0,94.0,40000,40502,0.7026
FC-001912,BR,BR-North,Cotton,Kharif,0.46,Alluvial,1263.2,Rainfed,61267,4,0,63.9,40000,27725,0.4851
FC-001913,BR,BR-South,Rice,Rabi,0.81,Alluvial,883.6,Tubewell,88741,2,0,62.1,54210,29438,0.6149
FC-001914,BR,BR-North,Rice,Rabi,0.85,Alluvial,874.2,Rainfed,82579,0,0,59.3,40000,33961,0.7711
FC-001915,PB,PB-Doaba,Wheat,Rabi,1.2,Alluvial,578.0,Canal,103071,3,0,78.8,61707,0,0.2832
FC-001916,TG,TG-Central,Cotton,Kharif,1.44,Black,828.2,Tubewell,166341,3,0,73.6,105499,0,0.3004
FC-001917,MH,MH-Konkan,Pulses,Kharif,1.17,Black,788.9,Tubewell,71579,0,0,58.6,40000,31678,0.5466
FC-001918,UP,UP-Central,Sugarcane,Kharif,0.67,Alluvial,760.2,Tubewell,91937,0,0,93.1,103604,6639,0.1894
FC-001919,AP,AP-Rayalaseema,Groundnut,Kharif,1.21,Red,862.5,Drip,151336,3,0,63.5,111608,13353,0.1583
FC-001920,KA,KA-North,Rice,Rabi,1.38,Red,951.6,Rainfed,128590,1,0,77.2,90920,68062,0.4674
FC-001921,PB,PB-Doaba,Wheat,Rabi,4.44,Alluvial,797.6,Tubewell,324493,1,0,80.9,288640,165744,0.1497
FC-001922,PB,PB-Majha,Wheat,Rabi,0.68,Alluvial,704.1,Canal,78929,2,0,60.9,40000,13614,0.5607
FC-001923,MH,MH-Marathwada,Rice,Kharif,0.58,Red,835.6,Rainfed,76971,1,0,100.0,40744,0,0.3478
FC-001924,UP,UP-Bundelkhand,Rice,Rabi,0.86,Alluvial,895.1,Tubewell,96362,1,0,46.7,50709,51022,0.7397
FC-001925,AP,AP-Rayalaseema,Cotton,Kharif,1.47,Red,898.8,Drip,116268,1,0,83.1,138515,27719,0.1483
FC-001926,TN,TN-Delta,Rice,Rabi,0.64,Red,744.8,Tubewell,62154,5,0,75.7,54701,68604,0.731
FC-001927,BR,BR-Gangetic,Rice,Rabi,0.89,Sandy,1332.1,Canal,74533,0,0,89.3,40822,3182,0.2605
FC-001928,RJ,RJ-Hadoti,Millet,Kharif,1.04,Sandy,526.4,Rainfed,103451,2,1,47.2,40000,155067,0.7787
FC-001929,MH,MH-Vidarbha,Rice,Kharif,9.95,Black,508.9,Canal,748508,2,0,92.0,700000,17775,0.2647
FC-001930,MP,MP-Chambal,Soybean,Kharif,0.44,Red,1207.0,Canal,38374,5,0,59.5,40000,44834,0.5368
FC-001931,TN,TN-Delta,Maize,Kharif,1.74,Alluvial,592.8,Tubewell,146892,3,0,79.7,64930,0,0.5076
FC-001932,UP,UP-Eastern,Pulses,Rabi,0.2,Sandy,612.4,Rainfed,46070,2,0,48.5,40000,12890,0.673
FC-001933,PB,PB-Majha,Mustard,Rabi,0.72,Sandy,619.9,Tubewell,97465,2,0,93.1,60471,39663,0.454
FC-001934,TN,TN-Delta,Rice,Rabi,1.99,Black,1191.5,Drip,189318,2,0,77.1,113761,32023,0.272
FC-001935,AP,AP-Upland,Sugarcane,Rabi,4.59,ClayLoam,933.8,Rainfed,273435,1,0,71.0,600433,55058,0.1836
FC-001936,MH,MH-Vidarbha,Soybean,Kharif,1.78,Black,668.6,Rainfed,142559,1,1,41.9,57873,6484,0.7829
FC-001937,PB,PB-Malwa,Wheat,Rabi,0.66,Alluvial,498.0,Rainfed,56982,3,0,59.6,44402,29544,0.6371
FC-001938,BR,BR-Gangetic,Rice,Rabi,0.61,ClayLoam,1379.3,Drip,76199,3,0,61.6,46252,98087,0.6943
FC-001939,UP,UP-Western,Sugarcane,Rabi,2.14,Alluvial,980.0,Canal,297699,5,0,74.2,474886,20081,0.0914
FC-001940,MP,MP-Mahakoshal,Wheat,Rabi,3.56,Red,1022.4,Drip,173080,5,0,100.0,138700,0,0.1023
FC-001941,TG,TG-North,Cotton,Kharif,0.65,Red,731.5,Tubewell,73706,0,0,88.0,40000,7279,0.2342
FC-001942,HR,HR-East,Rice,Rabi,0.64,Alluvial,366.8,Tubewell,54940,3,0,77.8,40000,35920,0.5521
FC-001943,KA,KA-Coastal,Sugarcane,Kharif,0.54,Laterite,1126.7,Tubewell,70335,0,0,68.9,45785,0,0.475
FC-001944,MP,MP-Chambal,Soybean,Kharif,0.5,Red,1041.1,Rainfed,68975,4,0,64.7,40000,6768,0.4206
FC-001945,MP,MP-Mahakoshal,Soybean,Kharif,0.85,Black,911.2,Canal,59044,1,0,73.2,43129,70841,0.6835
FC-001946,AP,AP-Rayalaseema,Rice,Rabi,4.82,Red,1002.6,Canal,283120,4,0,62.8,224071,5385,0.2838
FC-001947,MP,MP-Bundelkhand,Soybean,Kharif,2.37,ClayLoam,991.6,Canal,137715,3,0,60.6,88061,24956,0.2399
FC-001948,AP,AP-Rayalaseema,Cotton,Kharif,0.89,Black,841.2,Drip,78977,2,0,65.9,62663,0,0.2866
FC-001949,MP,MP-Mahakoshal,Millet,Kharif,0.38,Red,1104.7,Rainfed,74182,4,0,75.9,40000,20880,0.5707
FC-001950,MH,MH-Konkan,Soybean,Kharif,0.64,Alluvial,576.6,Canal,69320,1,0,80.2,40000,107752,0.8736
FC-001951,TN,TN-North,Sugarcane,Kharif,0.32,Laterite,551.2,Drip,43289,2,0,82.2,40890,6826,0.2836
FC-001952,TN,TN-North,Sugarcane,Kharif,0.64,ClayLoam,1136.1,Canal,63834,4,0,54.5,97183,20552,0.169
FC-001953,MH,MH-Western,Soybean,Kharif,2.5,Alluvial,744.5,Drip,214785,3,1,45.4,74696,15498,0.7856
FC-001954,PB,PB-Doaba,Wheat,Rabi,1.73,Alluvial,571.9,Rainfed,97011,3,0,81.7,77321,0,0.2955
FC-001955,RJ,RJ-Shekhawati,Wheat,Rabi,0.54,Sandy,600.5,Drip,81810,1,0,54.7,40000,101908,0.7798
FC-001956,UP,UP-Western,Wheat,Rabi,0.3,Alluvial,1241.2,Tubewell,50962,1,1,23.3,40000,58326,0.8041
FC-001957,AP,AP-Rayalaseema,Cotton,Kharif,1.17,Alluvial,596.9,Rainfed,103316,2,0,77.8,47448,22350,0.7617
FC-001958,RJ,RJ-Marwar,Millet,Kharif,2.52,Sandy,588.6,Canal,178413,0,0,57.5,59047,27088,0.7332
FC-001959,GJ,GJ-North,Millet,Kharif,1.38,Alluvial,250.0,Rainfed,138730,4,1,47.9,40000,117866,0.8744
FC-001960,MP,MP-Bundelkhand,Rice,Kharif,3.43,Alluvial,1112.3,Canal,173919,4,0,69.4,176034,22267,0.1521
FC-001961,HR,HR-South,Mustard,Rabi,0.69,Sandy,579.1,Rainfed,94190,4,0,72.4,40000,16466,0.3986
FC-001962,MP,MP-Malwa,Soybean,Kharif,2.5,ClayLoam,601.7,Drip,120476,2,0,100.0,115343,3311,0.1907
FC-001963,BR,BR-South,Rice,Rabi,0.34,Alluvial,791.7,Canal,36509,5,0,81.8,40000,0,0.3391
FC-001964,MH,MH-Vidarbha,Soybean,Kharif,0.74,Red,1258.6,Canal,64490,3,1,40.4,40000,114307,0.8382
FC-001965,KA,KA-Coastal,Millet,Kharif,1.49,ClayLoam,1465.3,Tubewell,136428,0,0,64.2,40000,0,0.5858
FC-001966,AP,AP-Rayalaseema,Rice,Kharif,2.84,ClayLoam,1132.5,Canal,224012,4,0,95.9,203473,77185,0.2338
FC-001967,UP,UP-Eastern,Pulses,Rabi,1.63,Alluvial,1057.2,Canal,85233,3,0,66.8,46831,68660,0.6829
FC-001968,HR,HR-East,Wheat,Rabi,1.69,Alluvial,582.8,Canal,94320,0,0,100.0,93148,6339,0.171
FC-001969,PB,PB-Majha,Wheat,Rabi,1.32,Sandy,402.1,Rainfed,88331,1,0,85.6,68268,15448,0.2695
FC-001970,MH,MH-Vidarbha,Soybean,Kharif,1.04,Alluvial,721.0,Drip,95784,1,0,59.7,40000,0,0.5184
FC-001971,UP,UP-Central,Groundnut,Rabi,1.02,ClayLoam,582.9,Rainfed,107646,1,0,44.1,40000,130270,0.9371
FC-001972,MH,MH-Western,Maize,Kharif,2.2,Black,1182.7,Tubewell,196618,1,0,70.1,92131,40983,0.5875
FC-001973,RJ,RJ-Shekhawati,Cotton,Kharif,1.1,Sandy,446.2,Rainfed,69857,2,0,100.0,55351,2550,0.1818
FC-001974,UP,UP-Eastern,Sugarcane,Rabi,0.55,Alluvial,1254.2,Canal,94132,4,0,52.0,106638,34830,0.2151
FC-001975,AP,AP-Upland,Rice,Kharif,0.45,Laterite,949.5,Rainfed,49203,2,0,77.1,40000,8423,0.3293
FC-001976,UP,UP-Central,Maize,Rabi,1.03,Black,974.1,Drip,104326,3,1,12.4,54325,48579,0.7849
FC-001977,KA,KA-Coastal,Rice,Rabi,0.59,Black,624.9,Tubewell,65450,3,0,70.2,40000,17433,0.5606
FC-001978,TN,TN-Delta,Maize,Kharif,0.97,Alluvial,1056.9,Canal,64253,3,0,52.1,40000,10951,0.5108
FC-001979,KA,KA-North,Maize,Rabi,0.38,Laterite,1453.9,Canal,75273,2,1,44.5,40000,34473,0.8091
FC-001980,BR,BR-North,Rice,Kharif,0.99,ClayLoam,1267.4,Rainfed,73618,4,0,83.3,79617,14839,0.2991
FC-001981,BR,BR-North,Rice,Rabi,1.85,Alluvial,1114.1,Rainfed,176650,1,0,73.1,90786,8522,0.4199
FC-001982,MH,MH-Western,Rice,Rabi,0.78,Alluvial,1031.1,Canal,100486,2,0,90.6,64154,38185,0.301
FC-001983,HR,HR-South,Rice,Rabi,0.64,Alluvial,679.5,Rainfed,76704,2,0,69.4,40000,20381,0.592
FC-001984,MP,MP-Bundelkhand,Soybean,Kharif,1.82,Black,862.8,Canal,88723,3,0,74.8,40000,11016,0.3888
FC-001985,GJ,GJ-South,Rice,Kharif,1.04,Alluvial,1009.5,Rainfed,100278,1,0,99.9,60211,8160,0.336
FC-001986,BR,BR-North,Wheat,Rabi,0.62,Alluvial,1435.4,Canal,50856,4,0,75.4,47939,19166,0.2231
FC-001987,MP,MP-Mahakoshal,Soybean,Kharif,1.18,Alluvial,1127.5,Rainfed,89949,2,0,80.0,54777,0,0.1907
FC-001988,KA,KA-Coastal,Pulses,Rabi,1.43,Red,958.5,Canal,128702,3,0,58.5,40000,20862,0.7405
FC-001989,MH,MH-Konkan,Maize,Rabi,1.25,Black,822.8,Rainfed,103698,0,0,62.5,48328,12215,0.4346
FC-001990,GJ,GJ-South,Groundnut,Kharif,0.35,Black,370.9,Rainfed,40188,2,0,61.6,40000,6758,0.587
FC-001991,MH,MH-Vidarbha,Rice,Kharif,1.06,Black,643.6,Canal,98771,2,0,67.5,57188,0,0.5868
FC-001992,BR,BR-South,Wheat,Rabi,1.95,ClayLoam,1079.9,Tubewell,202037,4,0,100.0,110626,75124,0.441
FC-001993,PB,PB-Doaba,Mustard,Rabi,1.11,Alluvial,517.5,Rainfed,60918,2,0,100.0,46636,46200,0.3944
FC-001994,KA,KA-South,Millet,Kharif,3.63,Alluvial,663.8,Rainfed,193784,1,0,63.0,87456,0,0.5538
FC-001995,GJ,GJ-North,Cotton,Kharif,0.77,Alluvial,482.2,Rainfed,63428,1,0,82.1,45933,0,0.4967
FC-001996,MP,MP-Malwa,Maize,Kharif,0.41,ClayLoam,1228.8,Tubewell,39879,0,0,87.0,40000,76435,0.4838
FC-001997,GJ,GJ-South,Cotton,Kharif,0.62,Alluvial,893.1,Canal,67397,1,1,38.9,40000,150921,0.9015
FC-001998,AP,AP-Upland,Rice,Kharif,6.63,Alluvial,825.3,Tubewell,345477,0,0,100.0,363027,20464,0.0832
FC-001999,RJ,RJ-Shekhawati,Wheat,Rabi,1.58,Sandy,458.8,Drip,143139,3,1,24.3,40000,3919,0.8801
FC-002000,BR,BR-South,Pulses,Rabi,3.66,ClayLoam,1522.3,Rainfed,318007,3,0,67.7,142314,0,0.4874
FC-002001,HR,HR-South,Wheat,Rabi,2.58,ClayLoam,439.3,Rainfed,172148,3,0,67.8,172117,5667,0.2156
FC-002002,TN,TN-West,Pulses,Kharif,0.83,Black,850.4,Tubewell,70389,0,0,88.3,40000,202810,0.7849
FC-002003,AP,AP-Upland,Pulses,Kharif,1.79,Black,957.5,Drip,140192,2,0,81.2,49864,12988,0.4415
FC-002004,BR,BR-North,Sugarcane,Rabi,0.97,Alluvial,1060.8,Rainfed,98427,2,0,53.1,158675,0,0.257
FC-002005,TG,TG-Central,Groundnut,Rabi,0.27,Sandy,1232.8,Canal,62409,5,0,76.4,40000,24125,0.5426
FC-002006,RJ,RJ-Marwar,Wheat,Rabi,3.86,Sandy,595.0,Rainfed,294616,1,0,100.0,276214,82000,0.1503
FC-002007,TG,TG-Central,Millet,Kharif,1.02,Red,974.9,Drip,103663,1,1,49.4,40000,64063,0.7937
FC-002008,MH,MH-Western,Sugarcane,Rabi,4.47,Black,754.2,Rainfed,379535,1,0,79.4,511161,11344,0.1755
FC-002009,BR,BR-Gangetic,Pulses,Rabi,0.9,Alluvial,1131.3,Canal,92670,0,1,19.9,40000,86167,0.8265
FC-002010,BR,BR-Gangetic,Maize,Kharif,0.41,Alluvial,949.6,Canal,59536,3,0,100.0,40000,7895,0.2145
FC-002011,UP,UP-Western,Rice,Rabi,0.73,Alluvial,1080.9,Rainfed,73724,2,0,75.5,42593,9742,0.2817
FC-002012,KA,KA-South,Mustard,Rabi,0.32,ClayLoam,882.5,Rainfed,40723,3,0,69.1,40000,17206,0.4633
FC-002013,RJ,RJ-Hadoti,Groundnut,Kharif,4.92,Alluvial,347.2,Drip,203151,1,0,64.6,162212,40385,0.285
FC-002014,TN,TN-North,Cotton,Kharif,1.63,Laterite,1050.0,Canal,107813,1,0,62.8,108043,343117,0.7704
FC-002015,KA,KA-North,Mustard,Rabi,0.36,Red,1506.1,Tubewell,72930,4,0,55.4,40000,15694,0.5849
FC-002016,BR,BR-Gangetic,Wheat,Rabi,2.12,Alluvial,1105.5,Rainfed,141012,3,0,70.9,162072,142129,0.3637
FC-002017,RJ,RJ-Mewar,Millet,Kharif,0.3,Red,387.4,Rainfed,46662,3,0,59.4,40000,31272,0.5233
FC-002018,BR,BR-South,Rice,Rabi,0.89,Red,1360.6,Tubewell,86499,2,0,57.3,61929,28722,0.4309
FC-002019,RJ,RJ-Hadoti,Wheat,Rabi,0.74,ClayLoam,521.3,Rainfed,53992,2,0,88.7,41223,21326,0.2874
FC-002020,MH,MH-Western,Sugarcane,Rabi,0.59,ClayLoam,1162.4,Canal,54277,1,0,80.0,100249,240738,0.6853
FC-002021,KA,KA-South,Sugarcane,Kharif,0.79,Red,1342.0,Rainfed,100993,3,0,93.3,108047,0,0.163
FC-002022,PB,PB-Majha,Rice,Kharif,2.41,Alluvial,747.1,Canal,181853,1,0,62.0,168555,7944,0.2531
FC-002023,PB,PB-Malwa,Wheat,Rabi,0.67,ClayLoam,794.7,Canal,50964,1,0,71.6,40481,11326,0.2234
FC-002024,TG,TG-Central,Rice,Kharif,2.36,Black,759.4,Canal,232915,3,0,60.0,141609,193722,0.5787
FC-002025,HR,HR-South,Mustard,Rabi,2.49,Alluvial,491.6,Tubewell,200179,3,0,81.7,130170,104224,0.4595
FC-002026,UP,UP-Western,Groundnut,Kharif,0.49,Alluvial,1027.1,Drip,53493,5,0,62.3,40000,9463,0.1998
FC-002027,PB,PB-Malwa,Cotton,Kharif,2.82,Alluvial,779.8,Tubewell,138418,1,0,81.3,156001,0,0.0986
FC-002028,UP,UP-Central,Sugarcane,Rabi,1.8,Red,499.0,Tubewell,132998,1,0,100.0,204872,43266,0.1098
FC-002029,KA,KA-North,Rice,Kharif,1.93,Black,1416.7,Rainfed,185544,3,0,88.1,150176,118411,0.2522
FC-002030,AP,AP-Rayalaseema,Pulses,Rabi,2.07,Red,1142.2,Rainfed,137441,3,0,47.0,74881,88916,0.5647
FC-002031,MH,MH-Vidarbha,Soybean,Kharif,0.65,Black,936.6,Canal,72472,2,0,70.6,40000,0,0.4281
FC-002032,TG,TG-North,Sugarcane,Kharif,1.58,Alluvial,937.1,Drip,215212,4,0,77.5,289490,41899,0.2135
FC-002033,TN,TN-South,Rice,Rabi,1.25,Red,880.2,Tubewell,78178,3,0,55.8,101220,62362,0.3577
FC-002034,KA,KA-Central,Mustard,Rabi,0.81,Alluvial,1476.4,Rainfed,83942,2,0,84.3,40000,77659,0.8623
FC-002035,TG,TG-North,Sugarcane,Rabi,0.56,Alluvial,944.4,Tubewell,67320,0,0,68.3,74805,16678,0.1228
FC-002036,MH,MH-Western,Pulses,Rabi,0.69,Laterite,964.9,Canal,64336,4,0,69.2,40000,95375,0.6984
FC-002037,TG,TG-North,Rice,Rabi,0.93,Black,528.5,Tubewell,90670,2,0,90.3,73903,48936,0.6472
FC-002038,KA,KA-Central,Rice,Rabi,0.67,Laterite,1575.1,Drip,79630,4,1,53.3,40000,128288,0.8012
FC-002039,KA,KA-North,Pulses,Kharif,3.33,Sandy,646.1,Canal,211603,4,0,72.5,110444,244695,0.7119
FC-002040,AP,AP-Upland,Rice,Rabi,0.83,Alluvial,1160.7,Canal,72911,0,0,92.6,40000,39852,0.336
FC-002041,RJ,RJ-Mewar,Millet,Kharif,1.04,Alluvial,531.1,Canal,104086,3,0,64.3,40000,3878,0.5649
FC-002042,PB,PB-Doaba,Sugarcane,Rabi,1.1,Alluvial,793.7,Drip,113340,0,0,86.9,144235,46798,0.0738
FC-002043,MH,MH-Western,Sugarcane,Kharif,2.99,Black,480.5,Canal,363631,5,0,73.3,382789,0,0.3579
FC-002044,TG,TG-South,Rice,Kharif,1.15,ClayLoam,978.5,Canal,106999,2,0,80.8,54988,90971,0.6297
FC-002045,TN,TN-North,Groundnut,Rabi,0.34,Laterite,1123.1,Drip,68549,1,0,70.1,40000,0,0.3059
FC-002046,KA,KA-Central,Cotton,Kharif,2.41,Red,933.3,Drip,194799,2,0,95.5,186018,25118,0.2369
FC-002047,UP,UP-Eastern,Rice,Kharif,0.92,Alluvial,1087.3,Canal,119232,1,0,81.4,70063,9643,0.3627
FC-002048,MH,MH-Vidarbha,Groundnut,Kharif,1.71,Black,832.2,Rainfed,135506,3,0,92.2,107224,134294,0.5606
FC-002049,MH,MH-Vidarbha,Cotton,Kharif,0.63,Black,879.7,Tubewell,45813,2,0,94.6,47672,17127,0.1572
FC-002050,TG,TG-South,Millet,Kharif,1.22,ClayLoam,1808.7,Canal,85390,0,0,95.0,40000,0,0.4102
FC-002051,AP,AP-Upland,Rice,Kharif,2.8,Red,478.6,Rainfed,198573,5,0,79.4,61070,5905,0.9098
FC-002052,GJ,GJ-Central,Maize,Kharif,1.03,Alluvial,1273.5,Canal,57212,2,0,85.3,40000,151121,0.559
FC-002053,PB,PB-Majha,Rice,Kharif,0.37,ClayLoam,553.9,Tubewell,43399,4,0,76.5,40000,15482,0.3829
FC-002054,GJ,GJ-North,Maize,Kharif,0.51,Black,710.3,Drip,55273,1,0,100.0,40000,35967,0.3503
FC-002055,TN,TN-Delta,Sugarcane,Kharif,0.59,Red,808.2,Canal,64533,0,0,75.4,106612,15527,0.1093
FC-002056,UP,UP-Central,Pulses,Kharif,1.19,ClayLoam,1041.7,Rainfed,90570,1,0,64.6,40000,0,0.4014
FC-002057,MH,MH-Konkan,Wheat,Rabi,1.24,Black,431.4,Tubewell,87954,3,0,67.1,40000,7932,0.4865
FC-002058,KA,KA-Central,Maize,Kharif,2.15,Sandy,1157.9,Tubewell,131947,4,0,100.0,114575,0,0.1018
FC-002059,RJ,RJ-Mewar,Cotton,Kharif,1.63,Laterite,602.5,Tubewell,148297,2,0,56.7,137666,85727,0.3588
FC-002060,HR,HR-West,Cotton,Kharif,0.43,Alluvial,552.7,Drip,47304,5,0,75.0,40000,89100,0.6647
FC-002061,MP,MP-Malwa,Pulses,Kharif,0.38,Black,770.0,Canal,72208,4,0,77.4,40000,96029,0.8401
FC-002062,AP,AP-Coastal,Cotton,Kharif,2.47,ClayLoam,493.7,Canal,203459,4,0,76.9,161864,31881,0.3495
FC-002063,UP,UP-Bundelkhand,Cotton,Kharif,1.63,Alluvial,1011.8,Canal,105785,3,0,67.5,108269,20760,0.1922
FC-002064,BR,BR-Gangetic,Mustard,Rabi,0.57,ClayLoam,790.6,Canal,60548,2,0,89.4,40000,24973,0.3639
FC-002065,TN,TN-North,Soybean,Kharif,2.02,Sandy,648.5,Tubewell,143489,4,0,70.1,60041,0,0.4985
FC-002066,KA,KA-Central,Groundnut,Rabi,0.94,Laterite,834.7,Drip,117244,3,0,94.1,62784,9805,0.3702
FC-002067,MP,MP-Bundelkhand,Soybean,Kharif,0.41,Red,1221.3,Tubewell,38500,2,0,78.4,40000,30966,0.2015
FC-002068,GJ,GJ-South,Cotton,Kharif,0.34,Laterite,577.9,Drip,39980,0,0,78.1,40000,11159,0.2071
FC-002069,KA,KA-Central,Maize,Kharif,2.22,Alluvial,1046.5,Rainfed,238486,1,0,75.0,162981,39022,0.23
FC-002070,TN,TN-Delta,Rice,Rabi,1.2,Red,839.1,Rainfed,64295,4,0,64.4,42987,57012,0.6339
FC-002071,UP,UP-Bundelkhand,Maize,Rabi,2.71,Alluvial,560.9,Tubewell,164237,4,0,49.9,110427,119743,0.6562
FC-002072,PB,PB-Majha,Rice,Kharif,1.34,Alluvial,577.2,Drip,142651,2,0,83.3,58833,23479,0.425
FC-002073,AP,AP-Coastal,Rice,Rabi,0.85,ClayLoam,1335.5,Tubewell,69273,4,0,86.4,40000,0,0.2486
FC-002074,TG,TG-North,Groundnut,Kharif,1.28,ClayLoam,328.5,Rainfed,84154,2,0,73.1,52355,24902,0.6603
FC-002075,UP,UP-Bundelkhand,Wheat,Rabi,0.67,Alluvial,670.8,Canal,84551,1,0,43.0,48712,88398,0.6886
FC-002076,RJ,RJ-Marwar,Mustard,Rabi,2.68,Alluvial,431.6,Rainfed,198234,3,0,100.0,183352,31251,0.2124
FC-002077,GJ,GJ-Central,Groundnut,Kharif,0.66,Sandy,750.2,Canal,79391,2,0,71.1,40000,31891,0.7046
FC-002078,MP,MP-Mahakoshal,Wheat,Rabi,0.99,Alluvial,440.5,Rainfed,90415,3,0,50.2,40000,3189,0.8323
FC-002079,UP,UP-Eastern,Wheat,Rabi,0.66,Alluvial,968.5,Tubewell,60177,1,0,69.5,54496,22858,0.3023
FC-002080,MH,MH-Konkan,Soybean,Kharif,0.77,Black,956.7,Drip,74085,2,0,63.1,40000,8048,0.5193
FC-002081,KA,KA-Coastal,Groundnut,Rabi,1.75,Black,1499.4,Tubewell,150052,2,0,50.2,101736,2414,0.2887
FC-002082,KA,KA-South,Maize,Rabi,1.12,Red,1062.4,Rainfed,103106,1,0,56.9,65308,69119,0.6112
FC-002083,MH,MH-Western,Soybean,Kharif,1.15,Black,982.3,Rainfed,117791,0,0,87.6,49864,5588,0.3699
FC-002084,TN,TN-West,Maize,Kharif,3.26,Black,986.6,Tubewell,237846,1,0,85.6,120105,27084,0.2115
FC-002085,AP,AP-Upland,Rice,Kharif,0.68,ClayLoam,873.6,Drip,64308,4,0,71.7,40000,0,0.3745
FC-002086,HR,HR-East,Wheat,Rabi,4.11,Alluvial,376.5,Canal,247116,5,0,63.5,191741,11615,0.348
FC-002087,BR,BR-North,Rice,Kharif,0.57,Alluvial,1286.5,Tubewell,77147,2,0,84.9,40000,49559,0.6272
FC-002088,TN,TN-North,Pulses,Kharif,2.73,Alluvial,818.9,Canal,133154,1,0,91.8,80420,0,0.3088
FC-002089,MP,MP-Malwa,Soybean,Kharif,5.07,Red,776.6,Tubewell,320882,3,0,59.4,268935,88832,0.5278
FC-002090,AP,AP-Upland,Rice,Kharif,2.74,Sandy,879.0,Canal,221907,5,0,84.9,120671,4807,0.3306
FC-002091,GJ,GJ-South,Cotton,Kharif,0.93,ClayLoam,647.3,Tubewell,103651,3,0,67.4,58482,33874,0.5376
FC-002092,TN,TN-West,Rice,Kharif,1.15,Laterite,958.3,Rainfed,125887,2,0,71.5,56495,12764,0.6008
FC-002093,MP,MP-Chambal,Pulses,Kharif,3.7,Alluvial,717.3,Rainfed,269963,1,0,96.0,144740,20201,0.3747
FC-002094,HR,HR-West,Wheat,Rabi,1.15,ClayLoam,494.9,Rainfed,116645,1,0,75.6,55006,64582,0.6485
FC-002095,MH,MH-Vidarbha,Pulses,Kharif,1.07,Black,1297.4,Canal,79824,7,0,55.0,40000,26024,0.5074
FC-002096,MH,MH-Western,Soybean,Kharif,3.37,Red,805.2,Canal,187555,2,0,83.4,113235,0,0.3853
FC-002097,UP,UP-Western,Wheat,Rabi,2.14,Sandy,915.2,Rainfed,111972,3,0,85.0,91465,45200,0.3082
FC-002098,AP,AP-Rayalaseema,Millet,Kharif,0.64,Red,849.6,Tubewell,64500,2,0,56.7,40000,0,0.3735
FC-002099,PB,PB-Malwa,Wheat,Rabi,1.85,Alluvial,634.7,Tubewell,127014,4,0,100.0,75651,4730,0.2947
FC-002100,PB,PB-Malwa,Wheat,Rabi,0.36,Alluvial,415.6,Tubewell,57596,3,0,96.9,40000,0,0.3235
FC-002101,MP,MP-Malwa,Cotton,Kharif,0.73,Black,1003.0,Drip,64710,1,0,64.4,58278,9131,0.2576
FC-002102,HR,HR-West,Rice,Rabi,0.64,Alluvial,673.2,Tubewell,89393,1,0,82.4,40000,19824,0.5518
FC-002103,PB,PB-Doaba,Wheat,Rabi,0.45,Alluvial,776.7,Tubewell,56199,1,0,85.1,40000,16598,0.3633
FC-002104,PB,PB-Majha,Rice,Kharif,0.86,Alluvial,579.5,Canal,85173,3,0,74.1,46105,108917,0.7801
FC-002105,AP,AP-Coastal,Sugarcane,Rabi,0.55,Alluvial,1035.7,Canal,74552,1,0,50.1,106499,54974,0.3942
FC-002106,GJ,GJ-North,Rice,Rabi,0.82,Alluvial,868.7,Tubewell,54089,1,0,59.4,55917,5169,0.3899
FC-002107,KA,KA-South,Maize,Rabi,1.38,Black,1015.7,Tubewell,105161,1,0,68.3,87940,26789,0.2289
FC-002108,TG,TG-Central,Millet,Kharif,1.0,Sandy,578.9,Drip,93367,2,0,81.8,40000,11986,0.4604
FC-002109,GJ,GJ-South,Maize,Kharif,0.57,Red,1038.8,Rainfed,86894,1,0,99.9,40000,0,0.4672
FC-002110,HR,HR-South,Cotton,Kharif,0.2,Alluvial,250.0,Drip,57785,2,0,100.0,40000,0,0.381
FC-002111,MP,MP-Malwa,Wheat,Rabi,0.25,Black,667.0,Drip,55529,3,0,68.2,40000,44787,0.6233
FC-002112,TN,TN-South,Rice,Rabi,1.16,Laterite,695.8,Tubewell,94373,2,0,57.9,40715,16741,0.6989
FC-002113,MP,MP-Mahakoshal,Soybean,Kharif,0.63,Sandy,1019.3,Canal,81640,3,0,68.9,40000,0,0.465
FC-002114,KA,KA-North,Sugarcane,Rabi,0.81,Red,742.4,Rainfed,108758,0,0,56.3,57071,133911,0.9566
FC-002115,GJ,GJ-South,Maize,Rabi,2.08,Alluvial,744.4,Rainfed,200733,1,0,66.7,129019,99270,0.504
FC-002116,MP,MP-Malwa,Soybean,Kharif,0.54,Red,1503.9,Canal,75386,2,0,61.0,40000,6682,0.343
FC-002117,TG,TG-South,Maize,Kharif,0.73,Alluvial,1036.3,Canal,53230,5,0,91.6,40000,0,0.142
FC-002118,PB,PB-Majha,Rice,Kharif,1.29,Alluvial,693.5,Tubewell,106123,1,0,83.4,121702,0,0.1075
FC-002119,MH,MH-Western,Wheat,Rabi,2.2,ClayLoam,624.3,Canal,157663,3,0,50.2,109668,30102,0.4156
FC-002120,UP,UP-Bundelkhand,Mustard,Rabi,3.08,Alluvial,807.9,Tubewell,183042,2,0,86.8,174525,12333,0.1605
FC-002121,KA,KA-Central,Maize,Kharif,0.78,Red,932.7,Rainfed,66811,4,0,94.3,40000,0,0.2598
FC-002122,MH,MH-Konkan,Rice,Rabi,0.93,ClayLoam,382.8,Canal,71682,7,0,86.8,40000,8673,0.5377
FC-002123,MP,MP-Mahakoshal,Pulses,Rabi,0.68,ClayLoam,974.0,Drip,81950,4,0,80.5,40000,41228,0.6669
FC-002124,UP,UP-Bundelkhand,Rice,Kharif,3.52,ClayLoam,931.5,Canal,272942,2,0,82.5,230526,144246,0.2728
FC-002125,MH,MH-Vidarbha,Cotton,Kharif,0.74,ClayLoam,1033.2,Tubewell,73566,1,0,84.1,45043,0,0.259
FC-002126,BR,BR-North,Rice,Kharif,1.97,Alluvial,742.9,Canal,136612,0,0,62.9,91186,19377,0.3025
FC-002127,GJ,GJ-Saurashtra,Groundnut,Rabi,0.86,Black,600.8,Tubewell,75158,3,0,52.2,54137,15518,0.2651
FC-002128,TG,TG-North,Pulses,Kharif,0.66,Red,790.3,Tubewell,62441,3,0,57.5,40000,0,0.2882
FC-002129,GJ,GJ-Central,Millet,Kharif,0.54,ClayLoam,1011.7,Rainfed,80284,3,1,34.8,40000,45977,0.8181
FC-002130,MP,MP-Malwa,Cotton,Kharif,2.1,Black,1192.9,Canal,138664,3,0,80.9,141470,16032,0.2135
FC-002131,KA,KA-Coastal,Sugarcane,Rabi,1.6,Red,1169.6,Rainfed,150924,2,0,71.3,307796,4188,0.1694
FC-002132,PB,PB-Majha,Wheat,Rabi,1.85,ClayLoam,662.9,Rainfed,100508,1,0,73.2,95982,47968,0.2934
FC-002133,AP,AP-Coastal,Rice,Rabi,1.1,Black,1060.3,Rainfed,69327,0,0,76.8,49893,45468,0.4796
FC-002134,MP,MP-Chambal,Wheat,Rabi,1.03,Red,1047.9,Canal,83279,1,0,77.3,52539,232569,0.773
FC-002135,MH,MH-Vidarbha,Sugarcane,Rabi,0.31,Laterite,965.9,Canal,60139,1,0,51.4,40000,0,0.4752
FC-002136,TG,TG-North,Pulses,Kharif,2.51,Red,1172.5,Canal,162880,4,1,41.5,66897,47438,0.7988
FC-002137,UP,UP-Western,Pulses,Rabi,0.86,Alluvial,837.1,Canal,54139,4,0,95.8,50076,78384,0.3917
FC-002138,GJ,GJ-Central,Pulses,Kharif,0.86,ClayLoam,846.4,Tubewell,87247,3,0,89.7,40000,0,0.4438
FC-002139,PB,PB-Malwa,Rice,Kharif,1.12,ClayLoam,731.2,Rainfed,68574,0,0,89.3,59225,0,0.2173
FC-002140,MP,MP-Chambal,Soybean,Kharif,1.39,Sandy,954.6,Rainfed,74195,2,0,88.7,40000,10850,0.2478
FC-002141,PB,PB-Majha,Wheat,Rabi,1.38,ClayLoam,643.7,Tubewell,122675,0,0,70.9,97360,150544,0.5254
FC-002142,AP,AP-Rayalaseema,Rice,Rabi,0.88,Red,805.2,Rainfed,59740,2,0,70.0,40000,11262,0.3552
FC-002143,BR,BR-North,Rice,Kharif,0.63,ClayLoam,1459.4,Canal,86917,6,0,100.0,40000,0,0.2084
FC-002144,PB,PB-Doaba,Wheat,Rabi,3.69,Alluvial,811.7,Canal,246089,1,0,66.4,222001,34080,0.1596
FC-002145,TN,TN-North,Pulses,Rabi,3.18,Red,832.7,Rainfed,150608,3,0,73.8,91819,7238,0.2277
FC-002146,RJ,RJ-Marwar,Pulses,Kharif,1.48,Sandy,399.9,Rainfed,112103,2,1,42.2,40000,63987,0.8398
FC-002147,KA,KA-North,Cotton,Kharif,4.19,Red,921.0,Canal,338505,2,0,61.9,303083,6260,0.2582
FC-002148,MP,MP-Chambal,Soybean,Kharif,1.24,Black,1058.3,Canal,125347,2,0,62.4,40000,19639,0.6585
FC-002149,GJ,GJ-South,Rice,Kharif,3.32,Alluvial,709.2,Tubewell,323177,2,0,87.9,262119,51239,0.3509
FC-002150,BR,BR-North,Mustard,Rabi,0.94,Alluvial,1073.6,Drip,74479,4,0,81.1,42462,45534,0.5936
FC-002151,BR,BR-Gangetic,Mustard,Rabi,1.21,Alluvial,1077.6,Drip,127289,2,0,67.4,74579,0,0.197
FC-002152,TG,TG-South,Millet,Kharif,1.73,Red,733.4,Canal,115458,3,0,65.1,44125,7934,0.5265
FC-002153,GJ,GJ-North,Mustard,Rabi,1.09,Black,755.0,Canal,80984,1,0,90.3,44191,10437,0.2816
FC-002154,TN,TN-North,Millet,Kharif,1.79,Alluvial,838.2,Tubewell,153206,2,0,60.5,40970,44775,0.7186
FC-002155,RJ,RJ-Mewar,Mustard,Rabi,0.38,Sandy,425.9,Rainfed,56048,1,0,62.2,40000,18037,0.4562
FC-002156,TN,TN-South,Pulses,Kharif,1.38,Red,1484.6,Rainfed,130822,4,0,76.8,70415,43374,0.4838
FC-002157,MH,MH-Western,Sugarcane,Rabi,2.29,Red,1206.8,Tubewell,155209,1,0,37.9,288893,14315,0.1733
FC-002158,KA,KA-Central,Cotton,Kharif,0.69,ClayLoam,1437.2,Canal,49073,1,0,74.5,40000,19130,0.275
FC-002159,MH,MH-Konkan,Pulses,Rabi,2.91,Alluvial,602.4,Rainfed,182303,0,0,100.0,93444,19445,0.4415
FC-002160,UP,UP-Bundelkhand,Sugarcane,Rabi,0.5,Alluvial,1033.4,Rainfed,72432,2,0,64.4,85922,26576,0.2998
FC-002161,GJ,GJ-North,Wheat,Rabi,0.49,ClayLoam,1058.2,Drip,53896,2,0,87.7,44215,26783,0.3541
FC-002162,MP,MP-Bundelkhand,Wheat,Rabi,0.67,Red,641.6,Tubewell,65348,3,0,89.3,40000,64245,0.5392
FC-002163,GJ,GJ-Central,Groundnut,Kharif,0.42,Alluvial,982.7,Rainfed,49003,2,1,56.9,45893,247769,0.8592
FC-002164,TN,TN-South,Rice,Rabi,0.72,Red,795.8,Canal,83997,1,0,69.4,40000,8964,0.456
FC-002165,AP,AP-Coastal,Rice,Kharif,5.18,Red,1151.5,Rainfed,414056,2,0,62.2,428958,25939,0.2529
FC-002166,UP,UP-Eastern,Pulses,Rabi,2.91,Alluvial,943.5,Tubewell,124502,1,0,95.8,75604,96008,0.5223
FC-002167,MP,MP-Chambal,Millet,Kharif,1.76,Red,831.6,Drip,150171,3,0,74.6,56396,16919,0.4757
FC-002168,AP,AP-Rayalaseema,Groundnut,Kharif,1.35,Alluvial,1127.0,Tubewell,127990,1,0,66.6,101610,41187,0.5097
FC-002169,BR,BR-Gangetic,Rice,Kharif,1.98,Alluvial,938.3,Canal,225173,1,0,78.8,170474,10859,0.4157
FC-002170,RJ,RJ-Hadoti,Groundnut,Kharif,1.41,Sandy,545.7,Rainfed,134312,2,0,46.8,92627,96869,0.5122
FC-002171,BR,BR-South,Wheat,Rabi,0.85,Alluvial,988.8,Tubewell,102282,3,0,67.2,51577,50646,0.6303
FC-002172,AP,AP-Coastal,Cotton,Kharif,1.05,Alluvial,1315.9,Tubewell,104626,2,0,87.2,79398,4055,0.236
FC-002173,MH,MH-Western,Sugarcane,Kharif,1.64,Black,1009.5,Canal,200085,2,0,79.4,402311,25060,0.1262
FC-002174,RJ,RJ-Shekhawati,Wheat,Rabi,0.97,Black,359.0,Tubewell,79234,0,0,41.7,40000,12863,0.677
FC-002175,GJ,GJ-South,Millet,Kharif,2.5,Black,923.2,Tubewell,211243,1,0,97.6,73247,10665,0.4546
FC-002176,PB,PB-Malwa,Wheat,Rabi,1.05,Alluvial,506.8,Tubewell,82038,1,0,75.5,63488,54494,0.48
FC-002177,RJ,RJ-Mewar,Pulses,Rabi,2.33,ClayLoam,419.1,Rainfed,217115,3,0,55.3,83745,7128,0.6233
FC-002178,TG,TG-South,Cotton,Kharif,0.93,Red,1326.0,Rainfed,93703,1,0,100.0,99211,8438,0.1222
FC-002179,MP,MP-Bundelkhand,Wheat,Rabi,0.56,Black,908.2,Drip,79232,1,0,59.8,44721,3329,0.4439
FC-002180,HR,HR-South,Cotton,Kharif,1.33,Alluvial,441.8,Rainfed,122784,4,0,72.3,70761,124237,0.787
FC-002181,MH,MH-Vidarbha,Maize,Rabi,0.65,Black,1181.8,Tubewell,88480,2,0,53.9,40000,61951,0.7635
FC-002182,KA,KA-Central,Maize,Kharif,0.6,ClayLoam,637.0,Rainfed,85534,3,0,88.8,40000,14490,0.6208
FC-002183,PB,PB-Malwa,Rice,Rabi,1.02,Alluvial,601.4,Canal,104994,1,0,56.9,65573,117433,0.6216
FC-002184,PB,PB-Doaba,Mustard,Rabi,0.58,Alluvial,752.0,Rainfed,74726,2,0,60.7,40000,16650,0.5289
FC-002185,MH,MH-Vidarbha,Cotton,Kharif,1.06,Alluvial,1348.1,Rainfed,81709,4,0,88.8,44192,81187,0.6856
FC-002186,MP,MP-Bundelkhand,Cotton,Kharif,1.91,Red,1083.4,Canal,170075,4,0,84.8,40000,143560,0.651
FC-002187,GJ,GJ-North,Rice,Kharif,0.51,ClayLoam,691.1,Drip,50692,1,0,90.3,40000,11375,0.3899
FC-002188,HR,HR-West,Maize,Rabi,0.57,Alluvial,530.1,Tubewell,86325,2,0,72.6,40000,0,0.6215
FC-002189,TG,TG-North,Pulses,Kharif,0.2,Red,941.2,Canal,55956,0,0,87.4,40000,12797,0.4
FC-002190,UP,UP-Bundelkhand,Wheat,Rabi,1.07,ClayLoam,877.4,Tubewell,113921,2,0,92.6,77929,34849,0.3335
FC-002191,RJ,RJ-Shekhawati,Millet,Kharif,1.4,Sandy,342.9,Rainfed,139093,2,0,100.0,40000,11317,0.652
FC-002192,GJ,GJ-North,Pulses,Kharif,2.35,Alluvial,422.1,Tubewell,114096,2,0,79.4,49633,7104,0.4464
FC-002193,AP,AP-Coastal,Millet,Kharif,0.42,Red,1242.1,Tubewell,57295,1,0,76.5,40000,40451,0.4773
FC-002194,MH,MH-Konkan,Maize,Kharif,2.94,Black,924.4,Canal,236527,4,0,68.5,89601,51643,0.6146
FC-002195,PB,PB-Majha,Wheat,Rabi,0.57,Alluvial,781.1,Drip,67397,2,0,59.9,41912,88465,0.8005
FC-002196,RJ,RJ-Shekhawati,Millet,Kharif,1.12,Red,378.4,Tubewell,117414,3,0,63.6,40000,0,0.5209
FC-002197,UP,UP-Central,Mustard,Rabi,0.39,Alluvial,889.8,Rainfed,71095,0,0,98.9,40000,26719,0.5638
FC-002198,UP,UP-Eastern,Wheat,Rabi,1.86,ClayLoam,884.1,Canal,156389,1,0,79.2,123340,0,0.169
FC-002199,MH,MH-Konkan,Pulses,Rabi,1.16,Red,766.5,Tubewell,88517,2,0,71.9,42243,0,0.3906
FC-002200,GJ,GJ-North,Cotton,Kharif,0.4,Sandy,714.4,Drip,71075,1,0,35.1,40000,44482,0.6851
FC-002201,BR,BR-South,Rice,Kharif,1.62,Alluvial,1053.0,Drip,126178,0,0,92.6,110883,0,0.1222
FC-002202,UP,UP-Eastern,Wheat,Rabi,1.27,Alluvial,547.0,Rainfed,79818,2,0,79.9,40402,0,0.5424
FC-002203,RJ,RJ-Marwar,Millet,Kharif,0.91,Sandy,535.6,Rainfed,57615,1,0,72.0,40000,70272,0.7059
FC-002204,UP,UP-Eastern,Pulses,Rabi,1.58,Alluvial,671.6,Canal,112597,2,0,73.0,41937,0,0.3655
FC-002205,KA,KA-North,Maize,Rabi,1.6,Black,1189.5,Tubewell,154240,2,0,84.0,104095,4906,0.2901
FC-002206,AP,AP-Coastal,Sugarcane,Rabi,5.22,Red,974.3,Tubewell,583133,3,0,61.4,700000,14679,0.1755
FC-002207,MP,MP-Chambal,Pulses,Rabi,1.04,Black,1016.6,Canal,111570,5,0,59.3,43932,25682,0.5663
FC-002208,MH,MH-Konkan,Soybean,Kharif,1.75,Black,872.2,Rainfed,137208,0,0,55.6,47753,28306,0.509
FC-002209,TN,TN-South,Pulses,Kharif,0.58,Alluvial,729.6,Rainfed,58006,1,1,52.2,40000,64731,0.8146
FC-002210,HR,HR-East,Cotton,Kharif,1.54,Alluvial,569.6,Tubewell,116616,0,0,91.8,54629,5098,0.1612
FC-002211,MH,MH-Konkan,Soybean,Kharif,1.26,Black,947.1,Canal,130313,1,0,79.5,50743,5547,0.3231
FC-002212,KA,KA-Coastal,Millet,Kharif,1.26,ClayLoam,615.7,Drip,106769,1,1,39.3,40000,36483,0.8307
FC-002213,RJ,RJ-Mewar,Wheat,Rabi,6.84,Red,437.4,Canal,579743,4,0,70.3,327693,67062,0.2082
FC-002214,GJ,GJ-South,Rice,Rabi,0.31,Alluvial,640.5,Tubewell,40676,4,0,70.0,40000,45941,0.5276
FC-002215,MH,MH-Konkan,Cotton,Kharif,0.54,Laterite,620.7,Tubewell,51454,2,0,67.0,40000,0,0.401
FC-002216,RJ,RJ-Hadoti,Millet,Kharif,1.73,ClayLoam,438.7,Tubewell,108720,0,0,61.1,40000,2526,0.5006
FC-002217,TN,TN-South,Rice,Kharif,1.73,Alluvial,528.1,Rainfed,126540,3,1,45.0,63373,0,0.7824
FC-002218,PB,PB-Doaba,Rice,Kharif,1.2,ClayLoam,483.7,Rainfed,130795,1,0,63.5,55483,88678,0.9487
FC-002219,MP,MP-Chambal,Pulses,Rabi,1.05,Red,1091.3,Drip,86528,5,0,96.8,44253,11535,0.3191
FC-002220,MH,MH-Vidarbha,Wheat,Rabi,2.79,Black,789.3,Rainfed,247317,4,0,78.9,82189,6602,0.6169
FC-002221,MP,MP-Bundelkhand,Maize,Rabi,3.01,Alluvial,926.3,Canal,205609,3,0,100.0,103195,8140,0.2203
FC-002222,MH,MH-Vidarbha,Sugarcane,Rabi,1.12,Black,934.5,Rainfed,92627,2,0,56.1,166515,32925,0.2407
FC-002223,MH,MH-Vidarbha,Cotton,Kharif,1.24,Red,536.0,Rainfed,64615,3,0,60.8,44151,51699,0.8461
FC-002224,TN,TN-West,Millet,Kharif,2.32,Alluvial,722.9,Drip,191782,2,0,69.8,83302,44082,0.5562
FC-002225,BR,BR-South,Rice,Kharif,1.41,Alluvial,1319.3,Canal,113411,1,0,97.2,100276,29959,0.2362
FC-002226,TG,TG-Central,Pulses,Kharif,0.2,Black,745.8,Rainfed,49290,1,0,100.0,40000,44299,0.6552
FC-002227,BR,BR-Gangetic,Maize,Kharif,1.37,Alluvial,1248.1,Canal,109629,1,0,67.8,40000,31326,0.7045
FC-002228,KA,KA-Coastal,Rice,Kharif,1.26,Laterite,1636.0,Drip,99048,5,0,93.4,62239,62184,0.3028
FC-002229,MH,MH-Western,Cotton,Kharif,0.33,Black,997.9,Drip,43973,1,0,82.7,40000,0,0.2886
FC-002230,GJ,GJ-Central,Cotton,Kharif,0.81,Black,1147.1,Canal,110956,2,0,70.9,97561,10382,0.2199
FC-002231,MP,MP-Chambal,Mustard,Rabi,1.81,Black,1388.9,Tubewell,133994,2,0,91.4,102789,48758,0.2387
FC-002232,UP,UP-Bundelkhand,Millet,Kharif,0.65,Alluvial,704.3,Tubewell,56311,1,0,76.5,40000,4873,0.3705
FC-002233,AP,AP-Coastal,Soybean,Kharif,0.4,Red,610.1,Rainfed,55022,1,0,84.7,40000,12476,0.5297
FC-002234,MH,MH-Konkan,Soybean,Kharif,0.6,Black,489.0,Rainfed,85211,2,0,62.3,40000,42058,0.9104
FC-002235,UP,UP-Central,Sugarcane,Rabi,0.61,ClayLoam,1016.1,Canal,100075,3,0,70.7,109340,0,0.1972
FC-002236,HR,HR-South,Rice,Rabi,0.99,Sandy,655.6,Tubewell,98847,7,0,75.8,56327,30721,0.5403
FC-002237,BR,BR-Gangetic,Rice,Rabi,1.63,Alluvial,1362.8,Canal,156674,1,0,62.7,99990,21238,0.2607
FC-002238,PB,PB-Malwa,Wheat,Rabi,0.41,Alluvial,836.3,Tubewell,53070,2,0,55.1,40000,51524,0.6122
FC-002239,TN,TN-North,Rice,Rabi,0.37,Alluvial,955.2,Tubewell,64325,1,0,40.0,40000,25406,0.6496
FC-002240,RJ,RJ-Shekhawati,Pulses,Kharif,1.21,Sandy,594.6,Canal,78397,3,0,73.7,40000,0,0.3217
FC-002241,MH,MH-Konkan,Soybean,Kharif,0.55,Red,1018.9,Rainfed,44756,2,0,79.5,40000,26510,0.1877
FC-002242,AP,AP-Coastal,Cotton,Kharif,3.27,Red,1063.5,Rainfed,314134,0,0,75.4,194988,0,0.3074
FC-002243,MP,MP-Malwa,Maize,Kharif,2.69,Black,1090.4,Canal,159519,3,0,70.5,86761,8247,0.3827
FC-002244,RJ,RJ-Hadoti,Cotton,Kharif,1.05,Alluvial,428.5,Tubewell,110904,1,0,70.3,69940,14400,0.4274
FC-002245,GJ,GJ-South,Pulses,Kharif,0.85,Sandy,1132.4,Tubewell,93535,1,0,62.0,40000,2787,0.53
FC-002246,UP,UP-Western,Rice,Kharif,0.71,Alluvial,1178.0,Tubewell,71927,1,0,88.0,40000,37569,0.5278
FC-002247,MH,MH-Vidarbha,Rice,Rabi,0.77,Black,671.1,Canal,85124,4,0,63.6,50855,48105,0.5111
FC-002248,TG,TG-Central,Rice,Rabi,7.65,ClayLoam,808.6,Tubewell,689768,3,0,85.6,700000,47986,0.1334
FC-002249,MP,MP-Bundelkhand,Soybean,Kharif,0.57,Black,1014.6,Rainfed,58996,3,0,66.5,40000,7374,0.3244
FC-002250,TN,TN-South,Groundnut,Kharif,1.76,Red,1002.8,Canal,139438,3,0,79.2,147768,56576,0.129
FC-002251,BR,BR-North,Wheat,Rabi,0.98,Alluvial,671.7,Rainfed,75744,5,1,33.3,48840,91547,0.8981
FC-002252,MH,MH-Konkan,Wheat,Rabi,0.51,Red,675.1,Tubewell,67424,4,0,80.0,40000,0,0.5066
FC-002253,UP,UP-Western,Rice,Kharif,1.74,Alluvial,794.5,Tubewell,95553,2,0,71.5,88795,0,0.2352
FC-002254,GJ,GJ-North,Cotton,Kharif,0.71,Alluvial,1035.0,Canal,67651,2,0,100.0,48308,85856,0.3764
FC-002255,PB,PB-Doaba,Rice,Kharif,2.32,ClayLoam,773.9,Rainfed,147002,4,0,88.3,98013,9302,0.2144
FC-002256,MH,MH-Marathwada,Soybean,Kharif,0.85,Alluvial,632.2,Rainfed,81641,1,0,86.1,40000,29331,0.6823
FC-002257,MH,MH-Vidarbha,Soybean,Kharif,1.07,Sandy,962.9,Canal,96995,4,0,78.3,40000,24825,0.7025
FC-002258,HR,HR-East,Wheat,Rabi,0.51,ClayLoam,578.0,Drip,59940,0,0,64.6,40000,0,0.2336
FC-002259,MH,MH-Marathwada,Soybean,Kharif,5.01,Black,967.8,Rainfed,294579,2,0,73.1,308484,0,0.1603
FC-002260,MH,MH-Marathwada,Sugarcane,Kharif,0.88,Black,779.6,Tubewell,84816,1,0,61.5,159174,10155,0.1896
FC-002261,MH,MH-Marathwada,Soybean,Kharif,1.77,Laterite,1030.7,Canal,137723,1,0,63.3,75410,5342,0.3069
FC-002262,UP,UP-Central,Mustard,Rabi,2.8,Alluvial,983.9,Drip,263627,3,0,87.0,135275,0,0.3332
FC-002263,AP,AP-Coastal,Maize,Kharif,0.53,Black,923.7,Drip,62017,2,0,100.0,40000,0,0.2106
FC-002264,MP,MP-Mahakoshal,Soybean,Kharif,1.18,Black,823.7,Rainfed,120047,5,0,83.6,40000,5126,0.6461
FC-002265,MH,MH-Vidarbha,Wheat,Rabi,0.39,Black,1191.4,Canal,44732,4,0,63.6,40000,147623,0.6821
FC-002266,TG,TG-Central,Pulses,Rabi,1.64,Black,794.2,Tubewell,132137,1,0,96.9,70456,16980,0.3071
FC-002267,UP,UP-Central,Wheat,Rabi,0.59,Alluvial,993.3,Rainfed,59434,4,0,79.7,40000,9658,0.2138
FC-002268,TN,TN-West,Rice,Rabi,2.05,Laterite,1250.7,Rainfed,190925,6,0,62.2,89863,9570,0.3713
FC-002269,KA,KA-Coastal,Rice,Rabi,1.92,Red,506.4,Canal,157897,1,0,73.3,93558,58292,0.6482
FC-002270,MP,MP-Chambal,Pulses,Rabi,3.7,Black,1106.8,Rainfed,306654,6,1,49.3,81046,0,0.8087
FC-002271,MP,MP-Bundelkhand,Soybean,Kharif,0.74,Black,1085.9,Drip,85269,1,0,64.4,42696,26052,0.4517
FC-002272,GJ,GJ-South,Groundnut,Rabi,3.22,Alluvial,565.0,Tubewell,186533,1,0,81.1,216216,16626,0.1859
FC-002273,MP,MP-Chambal,Rice,Rabi,1.24,ClayLoam,1237.5,Rainfed,99774,3,0,82.9,82766,29268,0.229
FC-002274,RJ,RJ-Mewar,Cotton,Kharif,1.39,Alluvial,367.4,Tubewell,123582,1,0,100.0,88273,21764,0.2139
FC-002275,TN,TN-South,Sugarcane,Kharif,1.06,Red,901.4,Drip,97692,2,0,59.5,125262,13674,0.194
FC-002276,RJ,RJ-Hadoti,Wheat,Rabi,1.22,Red,289.7,Rainfed,116917,6,0,97.3,52291,14214,0.512
FC-002277,HR,HR-West,Rice,Rabi,0.2,Alluvial,730.9,Drip,45067,0,0,54.0,40000,0,0.3174
FC-002278,TG,TG-Central,Cotton,Kharif,0.96,Laterite,776.0,Rainfed,80390,2,0,91.8,95369,0,0.2071
FC-002279,MP,MP-Mahakoshal,Pulses,Kharif,2.11,Black,929.3,Rainfed,150384,0,0,60.4,58565,0,0.5631
FC-002280,UP,UP-Western,Sugarcane,Rabi,2.32,Red,973.7,Rainfed,324076,2,0,100.0,426436,0,0.1564
FC-002281,UP,UP-Western,Cotton,Kharif,0.75,ClayLoam,1122.8,Tubewell,97881,2,0,66.4,91161,23591,0.2227
FC-002282,UP,UP-Eastern,Groundnut,Rabi,0.51,Alluvial,969.2,Rainfed,64885,1,0,85.5,41729,49388,0.5153
FC-002283,KA,KA-Central,Soybean,Kharif,2.18,Sandy,906.1,Canal,146215,0,0,67.8,115744,36526,0.2466
FC-002284,KA,KA-South,Groundnut,Kharif,0.46,Black,812.2,Rainfed,64470,2,0,64.0,40000,17687,0.6545
FC-002285,MH,MH-Marathwada,Wheat,Rabi,1.75,Black,865.3,Tubewell,127209,4,0,49.3,97474,8144,0.2147
FC-002286,TN,TN-Delta,Rice,Rabi,1.86,ClayLoam,687.1,Rainfed,111863,4,0,95.5,118982,28376,0.4831
FC-002287,RJ,RJ-Hadoti,Pulses,Kharif,0.37,Sandy,534.9,Rainfed,66383,4,0,72.6,40000,121210,0.8556
FC-002288,MH,MH-Western,Wheat,Rabi,0.82,Red,1193.0,Tubewell,64206,5,0,76.2,47648,0,0.1263
FC-002289,AP,AP-Upland,Rice,Rabi,0.27,Black,986.6,Canal,49429,3,0,48.8,40000,22137,0.4263
FC-002290,UP,UP-Eastern,Cotton,Kharif,0.7,Sandy,845.1,Rainfed,75140,4,0,92.1,40000,23640,0.6864
FC-002291,GJ,GJ-Central,Wheat,Rabi,1.48,Black,414.3,Rainfed,90180,2,0,51.4,69612,55306,0.6742
FC-002292,UP,UP-Central,Mustard,Rabi,1.77,Sandy,676.7,Drip,150508,1,0,56.6,40000,10059,0.725
FC-002293,MH,MH-Konkan,Sugarcane,Rabi,0.83,Red,352.5,Rainfed,51227,1,0,64.0,40000,31423,0.8372
FC-002294,KA,KA-South,Pulses,Rabi,1.3,Red,1469.4,Rainfed,69589,1,0,72.2,60046,39834,0.2147
FC-002295,AP,AP-Coastal,Rice,Kharif,0.61,Red,906.2,Drip,78924,3,1,36.4,40000,86998,0.8607
FC-002296,MH,MH-Marathwada,Pulses,Kharif,1.95,Red,485.3,Rainfed,148657,4,1,52.1,66442,53543,0.7808
FC-002297,AP,AP-Rayalaseema,Cotton,Kharif,0.66,Black,578.6,Rainfed,69852,1,1,29.3,40000,94654,0.971
FC-002298,MH,MH-Konkan,Wheat,Rabi,0.78,Black,988.8,Canal,54785,0,0,58.8,46577,76736,0.511
FC-002299,GJ,GJ-Saurashtra,Groundnut,Rabi,2.08,Black,579.5,Drip,128388,3,0,86.1,64705,37049,0.4796
FC-002300,TN,TN-South,Sugarcane,Rabi,0.54,Laterite,721.1,Rainfed,56874,6,0,98.2,67256,44220,0.4921
FC-002301,GJ,GJ-South,Mustard,Rabi,0.98,Sandy,900.4,Rainfed,76216,1,0,68.9,42200,86599,0.7367
FC-002302,MH,MH-Marathwada,Cotton,Kharif,0.57,Red,763.0,Canal,55181,4,0,96.6,58108,20661,0.1835
FC-002303,KA,KA-Central,Sugarcane,Rabi,1.2,Red,1677.8,Drip,100867,2,0,91.4,230200,0,0.0748
FC-002304,TG,TG-South,Cotton,Kharif,1.3,Red,953.3,Drip,118168,6,0,72.5,109401,34145,0.238
FC-002305,AP,AP-Coastal,Cotton,Kharif,2.63,Red,1042.5,Tubewell,156813,1,0,85.8,182253,24419,0.1376
FC-002306,PB,PB-Malwa,Wheat,Rabi,2.73,Alluvial,739.9,Tubewell,258949,1,0,46.4,205815,160001,0.4543
FC-002307,TG,TG-South,Cotton,Kharif,1.66,Sandy,617.3,Canal,181094,2,0,78.8,117264,0,0.3839
FC-002308,MP,MP-Mahakoshal,Soybean,Kharif,2.12,Alluvial,1217.3,Tubewell,144067,2,0,64.4,80799,7914,0.4311
FC-002309,MP,MP-Malwa,Soybean,Kharif,1.32,Black,1255.0,Rainfed,106290,0,0,100.0,40000,0,0.2597
FC-002310,RJ,RJ-Shekhawati,Mustard,Rabi,0.94,Red,500.6,Canal,79876,3,0,82.6,40000,12411,0.2574
FC-002311,BR,BR-Gangetic,Rice,Kharif,1.33,Alluvial,1502.1,Rainfed,124622,0,0,83.7,75865,3609,0.3934
FC-002312,RJ,RJ-Marwar,Millet,Kharif,2.08,Black,519.1,Canal,126940,4,0,91.4,48724,10770,0.3724
FC-002313,UP,UP-Western,Pulses,Rabi,0.64,Alluvial,1145.6,Drip,89038,3,0,55.1,40000,0,0.654
FC-002314,TG,TG-South,Rice,Rabi,3.3,Alluvial,715.0,Drip,237433,3,0,76.5,146386,0,0.1524
FC-002315,AP,AP-Upland,Rice,Kharif,0.51,Sandy,991.7,Tubewell,77716,0,0,71.6,40000,0,0.2597
FC-002316,TG,TG-South,Pulses,Kharif,2.49,ClayLoam,1075.0,Canal,176460,0,0,68.6,53247,40234,0.6557
FC-002317,PB,PB-Majha,Rice,Rabi,2.92,Alluvial,615.8,Rainfed,235476,1,0,82.7,155552,11819,0.2874
FC-002318,PB,PB-Doaba,Maize,Rabi,1.38,Alluvial,915.3,Drip,145534,2,0,84.9,87186,0,0.2431
FC-002319,MP,MP-Malwa,Groundnut,Kharif,2.53,Black,913.7,Drip,194118,2,0,70.4,154409,9282,0.1376
FC-002320,PB,PB-Doaba,Rice,Rabi,1.03,Alluvial,473.9,Drip,76226,2,0,72.7,76897,21712,0.1762
FC-002321,HR,HR-West,Rice,Kharif,0.81,Alluvial,605.3,Canal,92106,1,0,91.8,50573,57708,0.6426
FC-002322,KA,KA-South,Cotton,Kharif,0.95,Black,1397.6,Canal,85311,2,0,87.1,94286,16726,0.1731
FC-002323,UP,UP-Bundelkhand,Rice,Kharif,3.17,Black,991.4,Rainfed,346571,1,0,77.8,286755,86491,0.2496
FC-002324,KA,KA-South,Cotton,Kharif,0.57,Red,505.0,Canal,64039,0,0,68.6,40000,0,0.5001
FC-002325,PB,PB-Doaba,Rice,Kharif,1.48,Alluvial,803.7,Drip,109503,5,0,73.4,109733,10522,0.2588
FC-002326,HR,HR-South,Rice,Rabi,1.93,Alluvial,561.2,Drip,188735,3,0,84.6,102469,28216,0.3064
FC-002327,BR,BR-South,Pulses,Kharif,0.63,Sandy,1507.3,Drip,81014,0,0,78.2,40000,41968,0.7535
FC-002328,MH,MH-Konkan,Groundnut,Kharif,1.26,Black,843.0,Rainfed,122376,2,0,66.9,64732,22149,0.4494
FC-002329,KA,KA-Central,Millet,Kharif,1.23,Red,1127.1,Rainfed,116732,4,0,79.2,40000,47560,0.6868
FC-002330,MH,MH-Konkan,Cotton,Kharif,2.22,ClayLoam,853.6,Rainfed,141034,3,0,47.5,178308,359795,0.759
FC-002331,TN,TN-Delta,Rice,Rabi,0.64,Laterite,954.6,Drip,63519,0,0,100.0,43533,3904,0.1145
FC-002332,RJ,RJ-Shekhawati,Mustard,Rabi,1.78,Alluvial,258.6,Tubewell,182914,5,0,100.0,93647,25427,0.2459
FC-002333,BR,BR-North,Wheat,Rabi,0.72,Alluvial,973.6,Canal,84678,4,0,45.6,40000,29035,0.56
FC-002334,BR,BR-North,Wheat,Rabi,1.43,Alluvial,1229.9,Tubewell,147173,3,0,72.6,110978,7205,0.189
FC-002335,GJ,GJ-South,Groundnut,Rabi,2.36,ClayLoam,575.5,Drip,156035,3,0,53.3,116690,13384,0.2565
FC-002336,TN,TN-Delta,Rice,Kharif,1.54,Laterite,807.7,Rainfed,129445,4,0,63.2,65464,93221,0.8355
FC-002337,GJ,GJ-Saurashtra,Cotton,Kharif,0.39,ClayLoam,691.4,Tubewell,66078,1,0,74.0,40000,0,0.392
FC-002338,UP,UP-Bundelkhand,Rice,Rabi,1.35,Alluvial,944.1,Rainfed,91557,3,0,58.0,77277,25687,0.4538
FC-002339,MH,MH-Vidarbha,Soybean,Kharif,1.27,Black,384.1,Tubewell,80384,4,0,58.3,40000,6989,0.5989
FC-002340,BR,BR-Gangetic,Rice,Kharif,1.97,ClayLoam,1488.3,Canal,101719,1,0,85.1,92794,13505,0.1891
FC-002341,UP,UP-Central,Wheat,Rabi,0.84,ClayLoam,1073.6,Drip,79666,3,0,80.5,80250,78133,0.2368
FC-002342,KA,KA-South,Groundnut,Kharif,1.23,Black,806.8,Tubewell,111964,2,0,53.5,57256,8909,0.4727
FC-002343,UP,UP-Eastern,Wheat,Rabi,1.38,Black,1012.0,Canal,146443,2,0,60.5,98098,158272,0.6556
FC-002344,TG,TG-South,Maize,Rabi,1.0,Red,1024.4,Tubewell,83955,2,0,71.2,78499,0,0.2876
FC-002345,HR,HR-South,Wheat,Rabi,1.31,Alluvial,608.2,Canal,74959,3,0,84.3,89601,33117,0.1473
FC-002346,AP,AP-Coastal,Rice,Kharif,0.47,Black,1002.1,Tubewell,47062,2,0,83.6,40000,12291,0.1784
FC-002347,BR,BR-North,Wheat,Rabi,1.53,Alluvial,1273.8,Tubewell,104501,1,0,73.5,86850,0,0.285
FC-002348,AP,AP-Upland,Maize,Rabi,1.16,Black,1026.5,Canal,100649,2,0,97.0,52936,27384,0.288
FC-002349,AP,AP-Upland,Sugarcane,Rabi,0.99,Black,887.0,Tubewell,118016,1,0,94.5,186447,10150,0.1296
FC-002350,AP,AP-Coastal,Rice,Rabi,0.35,ClayLoam,902.0,Rainfed,68147,0,1,42.8,40000,72719,0.9115
FC-002351,HR,HR-East,Mustard,Rabi,0.46,Alluvial,746.2,Canal,41055,2,0,68.4,40000,84592,0.5936
FC-002352,MH,MH-Konkan,Wheat,Rabi,0.5,Black,769.3,Rainfed,83123,0,0,79.1,40000,151217,0.9097
FC-002353,PB,PB-Majha,Mustard,Rabi,0.64,Alluvial,633.2,Canal,51152,3,0,88.2,42148,6791,0.1755
FC-002354,RJ,RJ-Shekhawati,Millet,Kharif,0.84,Black,408.4,Canal,66685,3,0,54.3,40000,11833,0.2985
FC-002355,BR,BR-North,Rice,Kharif,2.36,Alluvial,1045.8,Tubewell,166783,0,0,60.1,136561,41343,0.3844
FC-002356,UP,UP-Central,Rice,Kharif,0.84,Alluvial,902.9,Rainfed,90311,3,0,64.9,40000,0,0.4928
FC-002357,RJ,RJ-Hadoti,Millet,Kharif,0.47,Black,255.8,Rainfed,74039,2,0,72.3,40000,5266,0.5335
FC-002358,HR,HR-West,Cotton,Kharif,1.18,Sandy,843.7,Tubewell,81576,1,0,76.5,118324,0,0.1061
FC-002359,HR,HR-East,Wheat,Rabi,0.35,Sandy,604.7,Canal,39819,4,0,90.3,40000,17157,0.2653
FC-002360,TN,TN-West,Rice,Rabi,0.43,Red,1444.5,Rainfed,45818,1,1,34.4,40000,18717,0.799
FC-002361,UP,UP-Western,Wheat,Rabi,2.14,Black,470.0,Canal,117084,1,0,90.5,138058,49242,0.3206
FC-002362,RJ,RJ-Shekhawati,Mustard,Rabi,4.95,ClayLoam,625.3,Tubewell,301454,1,0,64.8,135570,114631,0.5969
FC-002363,TN,TN-Delta,Groundnut,Rabi,1.88,Sandy,948.9,Canal,119190,2,0,73.3,99521,96637,0.3095
FC-002364,AP,AP-Rayalaseema,Maize,Rabi,0.93,Black,1231.0,Rainfed,72572,2,0,65.3,59067,26242,0.3054
FC-002365,HR,HR-East,Sugarcane,Rabi,3.42,Alluvial,550.7,Drip,332277,3,0,82.6,577352,59817,0.1212
FC-002366,AP,AP-Upland,Rice,Kharif,1.48,Red,984.1,Canal,154318,4,0,89.4,107143,43588,0.2911
FC-002367,BR,BR-Gangetic,Rice,Kharif,0.57,Alluvial,909.5,Rainfed,68205,2,0,57.7,40000,8571,0.6746
FC-002368,RJ,RJ-Marwar,Pulses,Rabi,0.79,Sandy,509.2,Rainfed,65566,3,0,82.2,40000,75717,0.6734
FC-002369,MP,MP-Bundelkhand,Soybean,Kharif,2.74,Red,1336.5,Drip,198092,3,0,70.9,99804,55889,0.5073
FC-002370,AP,AP-Coastal,Pulses,Kharif,1.23,Alluvial,843.9,Canal,72084,1,0,52.3,40000,101729,0.8183
FC-002371,RJ,RJ-Shekhawati,Mustard,Rabi,1.44,Sandy,406.3,Tubewell,119184,2,0,87.9,59282,48660,0.5603
FC-002372,RJ,RJ-Marwar,Millet,Kharif,0.95,ClayLoam,250.0,Drip,74232,1,0,67.4,40000,24316,0.4723
FC-002373,TG,TG-Central,Rice,Kharif,0.88,Black,941.7,Rainfed,95855,1,0,83.8,56134,14748,0.5465
FC-002374,MP,MP-Mahakoshal,Soybean,Kharif,0.79,Black,903.4,Drip,86854,4,0,94.2,40000,7095,0.2774
FC-002375,BR,BR-South,Maize,Kharif,1.53,Alluvial,1259.3,Tubewell,134178,0,0,94.0,61952,0,0.3852
FC-002376,AP,AP-Coastal,Cotton,Kharif,1.26,ClayLoam,1042.7,Rainfed,101841,3,0,97.4,123284,49590,0.2326
FC-002377,RJ,RJ-Hadoti,Wheat,Rabi,1.71,ClayLoam,438.3,Tubewell,92049,2,0,78.6,53627,45582,0.3646
FC-002378,MH,MH-Marathwada,Maize,Rabi,3.5,Laterite,671.5,Canal,263572,2,0,73.6,102193,24486,0.4768
FC-002379,PB,PB-Doaba,Wheat,Rabi,0.8,Alluvial,586.1,Tubewell,97320,1,0,56.3,48345,43091,0.585
FC-002380,UP,UP-Western,Maize,Kharif,1.2,Alluvial,1110.5,Tubewell,68554,1,0,55.3,74185,0,0.25
FC-002381,HR,HR-East,Rice,Rabi,0.77,Alluvial,574.6,Tubewell,70746,1,0,77.5,49858,7188,0.1815
FC-002382,MH,MH-Konkan,Cotton,Kharif,3.41,Alluvial,1095.6,Drip,328883,3,0,48.6,321863,29690,0.1496
FC-002383,MH,MH-Konkan,Wheat,Rabi,1.1,Red,664.6,Tubewell,100836,2,0,84.7,49929,11158,0.3467
FC-002384,TG,TG-North,Sugarcane,Rabi,0.66,Black,613.0,Tubewell,57970,2,0,100.0,82012,11094,0.1894
FC-002385,KA,KA-Central,Maize,Kharif,1.38,Red,1063.5,Drip,142533,2,0,92.1,84616,21508,0.2803
FC-002386,TG,TG-Central,Cotton,Kharif,0.48,Sandy,1002.5,Drip,44849,2,0,97.2,49444,5313,0.198
FC-002387,MP,MP-Bundelkhand,Soybean,Kharif,1.0,Red,950.0,Tubewell,110245,4,0,100.0,40000,400000,0.756
FC-002388,RJ,RJ-Marwar,Wheat,Rabi,3.69,Black,649.9,Tubewell,333107,3,0,41.0,350490,0,0.2363
FC-002389,BR,BR-Gangetic,Pulses,Rabi,1.48,Alluvial,1248.2,Canal,110379,0,0,57.4,66493,0,0.4594
FC-002390,UP,UP-Bundelkhand,Sugarcane,Rabi,0.57,ClayLoam,778.2,Canal,69068,3,0,80.0,98855,49070,0.256
FC-002391,UP,UP-Western,Mustard,Rabi,6.73,Alluvial,888.4,Tubewell,506554,3,0,100.0,381560,10591,0.1459
FC-002392,MP,MP-Malwa,Maize,Kharif,3.17,ClayLoam,1222.7,Rainfed,241953,3,0,93.7,175954,50423,0.2981
FC-002393,RJ,RJ-Shekhawati,Millet,Kharif,2.37,ClayLoam,480.5,Canal,143329,0,0,81.5,54299,45821,0.6868
FC-002394,RJ,RJ-Hadoti,Groundnut,Kharif,2.09,Sandy,529.7,Rainfed,212175,0,0,73.2,117954,26629,0.3092
FC-002395,HR,HR-South,Cotton,Kharif,1.28,Sandy,566.8,Tubewell,140425,4,0,55.5,98643,41644,0.577
FC-002396,MH,MH-Marathwada,Cotton,Kharif,0.67,Red,1301.8,Tubewell,46858,2,0,85.5,42887,24483,0.2095
FC-002397,HR,HR-West,Rice,Kharif,1.78,Alluvial,764.8,Canal,186799,2,0,62.8,134041,89628,0.4434
FC-002398,MP,MP-Bundelkhand,Cotton,Kharif,0.35,Red,1381.3,Canal,62311,2,0,57.1,40000,33897,0.6313
FC-002399,HR,HR-West,Pulses,Rabi,0.68,Alluvial,342.7,Tubewell,53753,5,0,39.7,40000,0,0.413
FC-002400,TG,TG-North,Cotton,Kharif,0.71,Laterite,939.0,Drip,73458,0,0,60.2,40014,5022,0.4736
FC-002401,MP,MP-Mahakoshal,Wheat,Rabi,1.39,Red,577.8,Canal,125257,2,0,71.7,64785,16072,0.526
FC-002402,TN,TN-Delta,Sugarcane,Kharif,1.07,ClayLoam,647.7,Rainfed,129368,1,0,88.3,99079,0,0.5161
FC-002403,AP,AP-Coastal,Rice,Rabi,0.36,Alluvial,741.6,Rainfed,47324,0,0,78.7,40000,26293,0.5035
FC-002404,MP,MP-Mahakoshal,Pulses,Kharif,1.96,Black,1170.7,Canal,94739,2,0,74.9,85043,35593,0.2098
FC-002405,TG,TG-Central,Rice,Rabi,2.03,Red,958.7,Rainfed,142055,3,0,76.8,140245,43887,0.2563
FC-002406,TN,TN-South,Maize,Rabi,1.81,Red,1026.5,Drip,167558,5,0,100.0,80125,36602,0.2634
FC-002407,RJ,RJ-Marwar,Groundnut,Rabi,1.65,Alluvial,473.9,Rainfed,110687,0,0,51.8,139138,44292,0.2722
FC-002408,RJ,RJ-Shekhawati,Wheat,Rabi,0.58,Laterite,585.0,Tubewell,78940,1,0,58.2,40000,13458,0.6332
FC-002409,RJ,RJ-Marwar,Pulses,Rabi,2.05,Sandy,405.4,Tubewell,120067,2,0,83.1,60662,25366,0.2873
FC-002410,BR,BR-Gangetic,Pulses,Kharif,1.2,Sandy,748.5,Tubewell,104473,4,0,75.4,40000,6794,0.5919
FC-002411,PB,PB-Doaba,Maize,Kharif,4.65,Alluvial,573.4,Tubewell,323987,2,0,74.9,271411,29365,0.2914
FC-002412,UP,UP-Western,Millet,Kharif,0.91,Alluvial,1025.8,Tubewell,57946,3,0,55.5,40000,22939,0.5138
FC-002413,UP,UP-Eastern,Rice,Kharif,2.56,Alluvial,584.0,Tubewell,175416,2,0,76.6,179215,0,0.3036
FC-002414,BR,BR-North,Rice,Rabi,0.57,Alluvial,1229.4,Tubewell,49082,2,0,75.8,41367,39220,0.2984
FC-002415,TG,TG-South,Groundnut,Kharif,0.95,Black,1072.7,Canal,96293,2,0,67.1,56484,7804,0.5571
FC-002416,UP,UP-Eastern,Rice,Rabi,2.01,ClayLoam,808.4,Rainfed,176286,2,0,74.7,136633,0,0.396
FC-002417,BR,BR-North,Sugarcane,Rabi,1.64,ClayLoam,1436.1,Rainfed,189290,1,0,100.0,241572,2394,0.1165
FC-002418,TN,TN-South,Cotton,Kharif,2.11,Alluvial,707.6,Canal,211566,3,0,81.8,117965,17280,0.2976
FC-002419,GJ,GJ-South,Groundnut,Kharif,0.42,Alluvial,806.4,Canal,39026,3,0,85.5,40000,35292,0.3561
FC-002420,RJ,RJ-Mewar,Mustard,Rabi,0.58,Sandy,250.0,Rainfed,51350,3,0,76.6,40000,10954,0.3072
FC-002421,MP,MP-Mahakoshal,Wheat,Rabi,1.4,Black,1006.2,Tubewell,144718,1,0,79.7,100440,14361,0.3253
FC-002422,RJ,RJ-Marwar,Mustard,Rabi,1.08,Black,329.4,Rainfed,95482,2,0,77.7,40000,41519,0.7431
FC-002423,MH,MH-Western,Cotton,Kharif,2.05,Laterite,1048.5,Tubewell,128221,2,0,77.1,125171,5989,0.1354
FC-002424,BR,BR-North,Rice,Rabi,1.12,Alluvial,1289.1,Rainfed,70828,2,0,83.8,99693,0,0.2253
FC-002425,TN,TN-South,Rice,Rabi,0.53,Black,805.8,Canal,77773,4,0,61.6,40000,7466,0.5847
FC-002426,RJ,RJ-Shekhawati,Cotton,Kharif,0.74,ClayLoam,371.2,Canal,71277,1,0,65.4,72501,4955,0.2827
FC-002427,RJ,RJ-Mewar,Mustard,Rabi,0.37,Alluvial,261.2,Rainfed,43409,0,0,75.4,40000,3463,0.2706
FC-002428,MP,MP-Bundelkhand,Maize,Kharif,0.93,Alluvial,978.2,Canal,59060,4,0,99.3,56863,13304,0.1486
FC-002429,HR,HR-South,Rice,Kharif,0.4,Alluvial,453.8,Rainfed,64826,5,0,100.0,40000,400000,0.8437
FC-002430,HR,HR-South,Cotton,Kharif,5.81,Alluvial,514.7,Tubewell,294735,3,0,84.1,399239,19787,0.1307
FC-002431,UP,UP-Western,Wheat,Rabi,0.89,Alluvial,865.6,Tubewell,107566,1,0,70.3,52676,72332,0.7831
FC-002432,PB,PB-Malwa,Wheat,Rabi,2.2,Alluvial,595.0,Rainfed,127278,2,0,66.8,111318,10508,0.1536
FC-002433,BR,BR-North,Pulses,Kharif,0.84,Alluvial,1157.9,Canal,70961,4,1,47.5,40000,94531,0.821
FC-002434,PB,PB-Doaba,Wheat,Rabi,0.36,Alluvial,543.0,Rainfed,65116,7,0,56.6,40000,5227,0.6607
FC-002435,BR,BR-South,Pulses,Rabi,0.88,Alluvial,1296.3,Canal,75961,1,0,72.3,40000,46255,0.6227
FC-002436,UP,UP-Bundelkhand,Sugarcane,Rabi,4.31,ClayLoam,595.7,Canal,414686,2,0,56.7,700000,65057,0.292
FC-002437,KA,KA-South,Groundnut,Kharif,1.05,Red,1415.9,Tubewell,112676,1,0,75.8,40000,6941,0.6573
FC-002438,UP,UP-Bundelkhand,Pulses,Kharif,0.76,Alluvial,948.3,Canal,78027,2,0,81.4,40000,42539,0.6364
FC-002439,MH,MH-Western,Soybean,Kharif,0.52,Black,996.8,Tubewell,55396,2,0,99.4,40000,17221,0.3435
FC-002440,GJ,GJ-Central,Wheat,Rabi,0.63,Sandy,250.0,Tubewell,56164,4,0,63.6,40000,35617,0.7013
FC-002441,GJ,GJ-South,Millet,Kharif,0.62,Alluvial,739.1,Tubewell,60601,1,1,7.4,40000,97870,0.8318
FC-002442,MP,MP-Bundelkhand,Mustard,Rabi,0.63,Alluvial,1036.9,Rainfed,46444,2,0,98.1,40000,16689,0.2956
FC-002443,TN,TN-Delta,Groundnut,Kharif,0.42,Red,1138.0,Rainfed,75302,4,0,70.9,40000,54540,0.6499
FC-002444,RJ,RJ-Hadoti,Pulses,Rabi,0.95,Sandy,698.1,Rainfed,61727,2,0,68.8,40000,79508,0.6549
FC-002445,TN,TN-North,Rice,Kharif,1.3,Red,1042.6,Drip,116331,2,0,78.0,51722,15298,0.4521
FC-002446,TG,TG-South,Pulses,Rabi,3.28,Red,730.3,Tubewell,215168,3,0,18.7,113449,20691,0.4679
FC-002447,UP,UP-Western,Wheat,Rabi,2.03,Alluvial,789.1,Canal,183273,2,0,73.1,108994,19369,0.3671
FC-002448,MP,MP-Malwa,Soybean,Kharif,0.26,Black,973.1,Tubewell,39359,3,0,63.2,40000,9231,0.3297
FC-002449,UP,UP-Central,Sugarcane,Rabi,0.4,Alluvial,973.0,Canal,59775,1,0,61.3,95211,47628,0.3036
FC-002450,RJ,RJ-Shekhawati,Mustard,Rabi,0.88,ClayLoam,576.2,Rainfed,88482,2,0,63.8,40733,24549,0.5026
FC-002451,HR,HR-West,Wheat,Rabi,1.44,Alluvial,402.0,Drip,109433,3,0,45.1,61695,34464,0.6313
FC-002452,HR,HR-South,Mustard,Rabi,0.56,Alluvial,586.1,Drip,84826,1,0,100.0,40000,0,0.2663
FC-002453,MP,MP-Bundelkhand,Wheat,Rabi,0.76,Red,1010.6,Rainfed,65197,3,0,80.0,40000,19145,0.3504
FC-002454,HR,HR-West,Rice,Rabi,1.07,Alluvial,934.3,Rainfed,109142,3,0,66.0,59899,58682,0.62
FC-002455,TN,TN-Delta,Cotton,Kharif,0.59,Black,1236.7,Drip,75103,1,0,57.5,40000,13902,0.5278
FC-002456,GJ,GJ-Central,Cotton,Kharif,0.69,Black,591.3,Rainfed,76069,1,0,63.4,40000,339444,0.9054
FC-002457,BR,BR-South,Rice,Kharif,0.32,Alluvial,1381.8,Drip,42550,1,0,44.5,40000,21609,0.3858
FC-002458,MP,MP-Bundelkhand,Wheat,Rabi,0.92,Red,1202.3,Canal,92685,4,0,67.6,66990,54703,0.2749
FC-002459,TN,TN-South,Sugarcane,Kharif,2.33,ClayLoam,1028.3,Rainfed,311422,2,0,79.6,343544,101428,0.2144
FC-002460,MH,MH-Vidarbha,Rice,Rabi,0.55,Alluvial,1167.5,Rainfed,65111,5,0,71.0,45665,31215,0.4761
FC-002461,TG,TG-South,Pulses,Kharif,0.67,Red,1042.6,Drip,55213,1,0,59.8,40000,4996,0.2942
FC-002462,KA,KA-South,Soybean,Kharif,2.14,Red,835.1,Rainfed,123422,2,0,84.3,53759,33050,0.6306
FC-002463,AP,AP-Coastal,Rice,Rabi,1.31,Red,1033.1,Canal,118611,0,0,67.2,94416,2750,0.2451
FC-002464,UP,UP-Eastern,Rice,Kharif,2.39,Alluvial,929.0,Drip,197530,5,0,100.0,152719,0,0.1274
FC-002465,MP,MP-Malwa,Rice,Kharif,0.67,Red,830.4,Tubewell,93671,1,0,100.0,40904,117754,0.8199
FC-002466,BR,BR-North,Rice,Rabi,1.13,Alluvial,1047.4,Canal,75269,2,0,71.2,56903,0,0.1818
FC-002467,MH,MH-Western,Rice,Rabi,1.91,Black,473.5,Tubewell,157276,0,0,63.0,66564,4736,0.7296
FC-002468,MH,MH-Konkan,Soybean,Kharif,1.29,Sandy,920.0,Rainfed,81542,2,0,69.7,40000,14804,0.5176
FC-002469,AP,AP-Coastal,Sugarcane,Kharif,1.18,Black,939.1,Tubewell,170891,0,0,95.5,177986,0,0.1762
FC-002470,BR,BR-South,Rice,Rabi,1.97,Alluvial,1378.7,Tubewell,109750,0,0,80.0,67878,39696,0.2494
FC-002471,UP,UP-Bundelkhand,Wheat,Rabi,0.3,Black,1126.8,Rainfed,47925,1,0,42.5,40000,64104,0.6599
FC-002472,GJ,GJ-South,Cotton,Kharif,0.38,Sandy,736.4,Tubewell,42939,1,0,71.5,40000,29935,0.5336
FC-002473,MP,MP-Bundelkhand,Groundnut,Rabi,0.98,Black,1017.8,Canal,75400,2,1,37.4,43143,88322,0.8901
FC-002474,GJ,GJ-South,Maize,Rabi,0.24,Sandy,906.5,Drip,35497,0,0,99.3,40000,0,0.2314
FC-002475,KA,KA-North,Rice,Kharif,4.81,Black,399.7,Tubewell,447585,3,0,70.8,288974,241857,0.3763
FC-002476,GJ,GJ-North,Rice,Kharif,0.72,Sandy,767.9,Rainfed,70401,0,0,100.0,54574,0,0.2471
FC-002477,GJ,GJ-Central,Maize,Kharif,0.68,Red,1029.2,Tubewell,65071,3,0,75.9,40000,22861,0.4152
FC-002478,TN,TN-North,Rice,Kharif,1.69,Red,901.1,Rainfed,137982,2,0,74.6,93673,28503,0.2772
FC-002479,PB,PB-Malwa,Wheat,Rabi,0.73,Sandy,701.6,Canal,50561,2,0,84.7,40000,31485,0.4962
FC-002480,MH,MH-Marathwada,Cotton,Kharif,0.85,Black,658.4,Canal,76832,1,0,73.8,55850,10635,0.2742
FC-002481,MH,MH-Konkan,Sugarcane,Rabi,1.06,Black,1340.8,Tubewell,152633,2,0,75.5,152149,0,0.1767
FC-002482,AP,AP-Rayalaseema,Rice,Rabi,1.06,Black,922.6,Tubewell,96411,2,0,68.1,91843,10482,0.1838
FC-002483,TG,TG-North,Maize,Kharif,0.41,Red,1371.1,Canal,58256,3,0,61.5,40000,17813,0.2939
FC-002484,MP,MP-Bundelkhand,Soybean,Kharif,0.81,Sandy,868.6,Canal,99749,1,1,48.1,40000,35978,0.8308
FC-002485,KA,KA-Central,Maize,Rabi,2.9,Black,1247.8,Rainfed,211232,5,0,67.7,69998,38267,0.6276
FC-002486,AP,AP-Rayalaseema,Rice,Rabi,2.64,Red,857.8,Drip,248859,3,0,76.5,125487,0,0.4679
FC-002487,MH,MH-Marathwada,Sugarcane,Kharif,1.98,Red,1226.2,Rainfed,169032,0,0,74.6,385592,102054,0.1667
FC-002488,BR,BR-South,Sugarcane,Rabi,0.47,Alluvial,1071.6,Drip,64888,2,0,73.9,92364,10332,0.3096
FC-002489,UP,UP-Eastern,Cotton,Kharif,1.96,Alluvial,813.3,Tubewell,99642,1,0,69.9,88094,51094,0.3228
FC-002490,UP,UP-Bundelkhand,Rice,Rabi,1.19,Alluvial,1027.6,Rainfed,96634,1,0,59.6,70391,58328,0.5798
FC-002491,UP,UP-Western,Wheat,Rabi,1.29,Alluvial,1261.7,Tubewell,113519,1,0,73.4,71894,69431,0.3243
FC-002492,MH,MH-Vidarbha,Rice,Rabi,1.97,Laterite,682.9,Rainfed,141508,2,0,100.0,98521,44814,0.3714
FC-002493,PB,PB-Majha,Wheat,Rabi,1.3,Alluvial,930.2,Canal,113033,1,0,61.7,64763,2586,0.3426
FC-002494,GJ,GJ-Central,Mustard,Rabi,1.74,Sandy,849.5,Drip,119271,4,0,75.2,86554,6946,0.2486
FC-002495,UP,UP-Western,Rice,Rabi,0.89,ClayLoam,780.6,Rainfed,72345,3,0,68.8,49695,34293,0.6506
FC-002496,MH,MH-Vidarbha,Soybean,Kharif,0.76,Red,847.1,Tubewell,72730,2,0,63.0,40000,60361,0.6468
FC-002497,UP,UP-Central,Millet,Kharif,0.87,Alluvial,1037.4,Rainfed,59832,3,1,60.0,40000,214896,0.8653
FC-002498,GJ,GJ-North,Cotton,Kharif,0.65,ClayLoam,953.4,Drip,105394,2,0,59.9,77878,0,0.2686
FC-002499,MP,MP-Bundelkhand,Groundnut,Kharif,1.43,ClayLoam,1160.9,Drip,116245,2,0,82.6,59450,39612,0.3994
FC-002500,MH,MH-Marathwada,Cotton,Kharif,1.6,Black,667.8,Tubewell,104498,0,0,46.9,48347,3520,0.52
FC-002501,MP,MP-Chambal,Rice,Rabi,1.11,Alluvial,1084.3,Canal,122151,2,0,95.2,61825,26421,0.2124
FC-002502,MH,MH-Marathwada,Wheat,Rabi,1.56,Black,962.4,Rainfed,150634,2,0,59.5,120254,10789,0.2728
FC-002503,RJ,RJ-Marwar,Wheat,Rabi,1.25,Black,754.2,Tubewell,106165,4,0,66.0,64567,5306,0.4505
FC-002504,UP,UP-Eastern,Sugarcane,Rabi,3.39,Alluvial,1047.0,Canal,321796,4,0,64.3,605556,3879,0.1723
FC-002505,TG,TG-North,Rice,Rabi,0.7,Alluvial,1096.3,Tubewell,58715,4,0,86.6,43261,6391,0.2969
FC-002506,UP,UP-Western,Groundnut,Kharif,2.83,Sandy,1087.8,Canal,183854,1,0,88.3,119863,12430,0.1597
FC-002507,MH,MH-Konkan,Pulses,Rabi,1.02,Red,805.6,Rainfed,111969,2,0,94.3,40000,0,0.356
FC-002508,AP,AP-Rayalaseema,Sugarcane,Kharif,1.59,Red,1121.7,Tubewell,162439,3,0,81.0,284159,10819,0.1862
FC-002509,AP,AP-Rayalaseema,Groundnut,Kharif,1.71,Black,793.0,Rainfed,106168,5,0,54.9,54302,29596,0.6797
FC-002510,TG,TG-Central,Sugarcane,Rabi,1.04,Alluvial,598.7,Canal,127129,3,0,58.9,153781,0,0.3448
FC-002511,UP,UP-Eastern,Rice,Rabi,0.78,Alluvial,809.2,Rainfed,70581,2,0,96.2,47296,56450,0.5818
FC-002512,PB,PB-Doaba,Rice,Kharif,0.51,Alluvial,727.7,Canal,51260,1,0,58.0,40000,39306,0.3433
FC-002513,MH,MH-Konkan,Cotton,Kharif,1.94,Sandy,940.8,Rainfed,116843,4,0,68.7,78183,0,0.1648
FC-002514,KA,KA-North,Rice,Kharif,1.66,Laterite,1636.5,Canal,150644,4,0,100.0,90772,0,0.2605
FC-002515,UP,UP-Bundelkhand,Sugarcane,Rabi,3.72,Alluvial,1060.8,Canal,420025,4,0,77.9,604113,21660,0.1731
FC-002516,MP,MP-Malwa,Maize,Rabi,0.96,Black,949.2,Tubewell,113178,2,1,34.0,40000,10946,0.7789
FC-002517,KA,KA-North,Groundnut,Kharif,0.31,Black,909.4,Canal,53373,0,0,50.9,40000,12911,0.4937
FC-002518,KA,KA-North,Sugarcane,Rabi,5.88,Black,1552.6,Drip,526957,3,0,100.0,700000,0,0.0841
FC-002519,RJ,RJ-Mewar,Groundnut,Kharif,1.81,Red,250.0,Drip,198970,4,0,85.9,129441,15584,0.2726
FC-002520,UP,UP-Central,Cotton,Kharif,1.62,Alluvial,1130.9,Canal,148637,0,0,84.7,62220,181763,0.7929
FC-002521,MP,MP-Malwa,Soybean,Kharif,1.29,Black,1234.3,Canal,89862,2,0,61.3,56793,100598,0.6158
FC-002522,KA,KA-Central,Wheat,Rabi,0.75,Laterite,722.4,Tubewell,85502,1,1,58.4,40000,67855,0.8269
FC-002523,TG,TG-North,Cotton,Kharif,8.39,Laterite,986.5,Rainfed,423984,2,0,62.2,671899,16178,0.1638
FC-002524,AP,AP-Upland,Groundnut,Kharif,2.73,Black,645.8,Canal,271624,6,0,76.4,189904,31987,0.3922
FC-002525,RJ,RJ-Mewar,Wheat,Rabi,1.95,ClayLoam,522.4,Drip,151804,1,0,77.6,154408,39397,0.1393
FC-002526,RJ,RJ-Hadoti,Millet,Kharif,0.36,Sandy,423.4,Tubewell,66153,1,0,86.1,40000,4140,0.2035
FC-002527,HR,HR-West,Rice,Kharif,3.9,Alluvial,732.9,Canal,236032,3,0,73.8,266896,31872,0.0978
FC-002528,RJ,RJ-Mewar,Groundnut,Rabi,0.87,Sandy,487.1,Drip,86365,2,0,59.5,72598,41995,0.2899
FC-002529,UP,UP-Western,Wheat,Rabi,2.47,Alluvial,1002.8,Rainfed,211580,5,0,61.9,130173,25534,0.5487
FC-002530,GJ,GJ-Central,Wheat,Rabi,2.5,Sandy,307.0,Rainfed,140931,3,0,52.8,45205,4689,0.8523
FC-002531,PB,PB-Majha,Wheat,Rabi,0.96,Alluvial,736.6,Tubewell,79420,2,1,47.9,40000,97730,0.8476
FC-002532,KA,KA-South,Sugarcane,Rabi,0.53,Red,1263.2,Rainfed,107302,4,0,87.3,112614,0,0.1998
FC-002533,MP,MP-Mahakoshal,Wheat,Rabi,1.09,Red,829.0,Canal,126706,2,0,51.7,63911,30078,0.4157
FC-002534,MH,MH-Konkan,Sugarcane,Kharif,1.0,Black,820.6,Tubewell,86942,4,0,85.8,123122,7147,0.1472
FC-002535,UP,UP-Western,Wheat,Rabi,0.73,ClayLoam,708.7,Canal,71903,1,0,81.0,48957,19691,0.4521
FC-002536,UP,UP-Eastern,Rice,Kharif,1.12,Black,624.8,Tubewell,106990,2,0,69.1,44843,24019,0.8431
FC-002537,UP,UP-Bundelkhand,Rice,Kharif,1.08,Alluvial,926.4,Tubewell,105680,1,0,100.0,79009,56691,0.2575
FC-002538,GJ,GJ-South,Groundnut,Kharif,0.74,Sandy,469.3,Drip,55675,1,0,54.2,57981,78610,0.6174
FC-002539,BR,BR-South,Mustard,Rabi,2.03,ClayLoam,1248.1,Tubewell,180980,3,0,100.0,101323,13848,0.2397
FC-002540,HR,HR-South,Rice,Rabi,2.42,Sandy,821.8,Drip,163043,0,0,76.6,134231,0,0.2363
FC-002541,KA,KA-Central,Groundnut,Rabi,1.01,Alluvial,970.4,Rainfed,88583,2,0,60.2,56111,8043,0.3885
FC-002542,TN,TN-Delta,Soybean,Kharif,0.79,Red,750.8,Tubewell,92552,3,1,36.2,40000,14052,0.7936
FC-002543,MH,MH-Marathwada,Maize,Rabi,1.53,Black,1027.0,Tubewell,142576,1,0,79.0,64651,66315,0.5278
FC-002544,AP,AP-Rayalaseema,Groundnut,Kharif,1.33,Black,644.6,Rainfed,140779,0,0,82.6,83279,129276,0.6598
FC-002545,PB,PB-Doaba,Wheat,Rabi,0.52,Alluvial,676.5,Rainfed,79351,3,0,63.2,44140,42686,0.5944
FC-002546,BR,BR-North,Wheat,Rabi,0.85,Alluvial,1564.3,Tubewell,53319,2,0,87.3,40000,14376,0.3247
FC-002547,AP,AP-Rayalaseema,Millet,Kharif,0.45,Black,844.2,Tubewell,48157,2,0,75.8,40000,9750,0.2614
FC-002548,UP,UP-Central,Soybean,Kharif,1.03,ClayLoam,913.4,Canal,96356,0,0,72.6,40000,6043,0.3044
FC-002549,MH,MH-Vidarbha,Maize,Rabi,1.52,Alluvial,842.4,Tubewell,74676,3,0,81.3,52600,0,0.2086
FC-002550,MP,MP-Mahakoshal,Wheat,Rabi,1.92,ClayLoam,994.9,Drip,104606,4,0,67.0,141390,39255,0.1675
FC-002551,GJ,GJ-South,Cotton,Kharif,1.17,Sandy,817.0,Tubewell,118791,3,1,61.9,55063,251721,0.7912
FC-002552,MH,MH-Konkan,Pulses,Kharif,1.06,Black,851.4,Canal,108588,3,0,75.4,40000,34849,0.6273
FC-002553,GJ,GJ-Saurashtra,Sugarcane,Rabi,0.51,Alluvial,763.9,Tubewell,49692,0,0,68.8,75883,56315,0.3184
FC-002554,MP,MP-Mahakoshal,Soybean,Kharif,3.42,Red,598.1,Rainfed,169915,4,0,76.6,135086,20527,0.3979
FC-002555,MH,MH-Konkan,Wheat,Rabi,1.04,Black,866.5,Tubewell,90163,4,0,65.2,59305,16923,0.5798
FC-002556,TN,TN-North,Maize,Rabi,3.79,Red,917.0,Rainfed,284730,2,0,90.0,170700,6958,0.3112
FC-002557,GJ,GJ-Central,Rice,Kharif,0.55,Sandy,1013.4,Canal,76333,2,0,73.3,40000,44031,0.5688
FC-002558,BR,BR-South,Rice,Kharif,1.03,ClayLoam,1180.7,Drip,95133,6,0,92.3,116545,0,0.1044
FC-002559,TG,TG-South,Groundnut,Rabi,0.59,Sandy,1408.4,Drip,55681,3,1,50.9,40000,165976,0.7988
FC-002560,UP,UP-Eastern,Pulses,Rabi,2.04,ClayLoam,470.3,Canal,98158,2,0,75.3,40000,0,0.537
FC-002561,AP,AP-Coastal,Sugarcane,Rabi,3.44,Black,781.7,Canal,492841,1,0,99.9,671506,0,0.2126
FC-002562,MH,MH-Marathwada,Sugarcane,Kharif,1.15,Black,756.3,Rainfed,147257,2,0,62.3,222499,0,0.2846
FC-002563,GJ,GJ-South,Cotton,Kharif,1.66,Alluvial,536.5,Tubewell,106704,1,1,59.5,54044,80447,0.8034
FC-002564,MP,MP-Malwa,Pulses,Rabi,1.16,ClayLoam,1143.2,Drip,126561,1,0,82.7,45237,3790,0.4795
FC-002565,TG,TG-North,Groundnut,Rabi,3.68,Red,827.5,Rainfed,365571,1,0,79.0,289320,1651,0.326
FC-002566,HR,HR-East,Rice,Rabi,1.68,Alluvial,476.0,Rainfed,134910,1,0,73.6,112544,18034,0.2531
FC-002567,KA,KA-Coastal,Rice,Rabi,2.29,ClayLoam,1116.3,Canal,148927,1,0,100.0,152140,5032,0.1209
FC-002568,MH,MH-Marathwada,Cotton,Kharif,4.4,ClayLoam,1491.4,Rainfed,271977,3,0,86.6,278676,50036,0.3099
FC-002569,MH,MH-Vidarbha,Wheat,Rabi,1.09,Black,810.8,Tubewell,79851,3,0,70.1,64578,2529,0.2727
FC-002570,TG,TG-South,Sugarcane,Kharif,0.76,Red,940.9,Rainfed,119924,6,0,97.3,132660,50137,0.1618
FC-002571,UP,UP-Central,Rice,Kharif,0.81,ClayLoam,956.3,Canal,57578,0,0,89.3,63373,0,0.1668
FC-002572,UP,UP-Eastern,Wheat,Rabi,1.47,Alluvial,886.6,Rainfed,88501,3,0,69.9,83942,0,0.2127
FC-002573,BR,BR-North,Rice,Rabi,0.86,Alluvial,1246.8,Drip,72308,2,0,100.0,80284,24487,0.1499
FC-002574,MH,MH-Marathwada,Maize,Rabi,3.39,Laterite,1208.5,Drip,183098,3,0,84.9,147401,35648,0.1239
FC-002575,MP,MP-Malwa,Rice,Kharif,0.34,Alluvial,939.9,Canal,56012,0,0,100.0,40000,15565,0.3605
FC-002576,RJ,RJ-Shekhawati,Wheat,Rabi,0.59,Sandy,471.0,Tubewell,88140,2,0,69.5,40000,13158,0.6203
FC-002577,TN,TN-West,Groundnut,Rabi,6.76,Black,745.0,Rainfed,539585,3,1,50.4,238906,130824,0.8331
FC-002578,TN,TN-South,Pulses,Kharif,2.42,Red,897.6,Tubewell,177065,7,0,54.4,76889,0,0.6201
FC-002579,GJ,GJ-Saurashtra,Maize,Rabi,1.18,Black,762.7,Drip,127440,3,0,65.3,40000,139670,0.7134
FC-002580,MP,MP-Malwa,Pulses,Rabi,0.61,Red,980.6,Rainfed,63026,3,1,5.0,40000,32096,0.8272
FC-002581,UP,UP-Eastern,Mustard,Rabi,1.23,ClayLoam,898.0,Rainfed,112459,2,0,85.6,40000,11205,0.4426
FC-002582,PB,PB-Majha,Rice,Rabi,3.19,Alluvial,786.0,Tubewell,258237,1,0,74.8,118423,3137,0.515
FC-002583,TG,TG-North,Pulses,Rabi,2.36,Red,1001.4,Canal,166194,4,0,81.6,74619,35084,0.5339
FC-002584,MH,MH-Konkan,Millet,Kharif,1.01,Black,799.5,Rainfed,88185,4,0,85.4,40000,0,0.3828
FC-002585,HR,HR-South,Wheat,Rabi,0.4,ClayLoam,529.0,Canal,58284,0,0,62.7,40000,0,0.4282
FC-002586,BR,BR-Gangetic,Wheat,Rabi,0.35,Alluvial,1209.1,Rainfed,39327,2,0,72.9,40000,4951,0.295
FC-002587,BR,BR-North,Maize,Rabi,0.58,ClayLoam,840.7,Canal,71247,4,0,84.7,40000,58469,0.7285
FC-002588,UP,UP-Bundelkhand,Sugarcane,Kharif,1.25,Alluvial,702.7,Canal,166423,2,0,79.7,185509,6691,0.2333
FC-002589,GJ,GJ-Central,Cotton,Kharif,1.19,ClayLoam,1125.2,Tubewell,129743,1,0,71.4,65030,39542,0.5517
FC-002590,KA,KA-South,Pulses,Kharif,1.18,Red,796.0,Rainfed,96149,5,0,52.1,40000,14063,0.6515
FC-002591,AP,AP-Upland,Pulses,Rabi,0.41,Alluvial,797.4,Tubewell,68029,3,0,63.1,40000,0,0.4588
FC-002592,MP,MP-Malwa,Mustard,Rabi,1.46,ClayLoam,1044.4,Canal,106611,1,0,78.1,48412,29689,0.2624
FC-002593,TG,TG-North,Maize,Rabi,0.85,Black,1079.9,Canal,79208,0,0,70.9,40000,8141,0.3677
FC-002594,BR,BR-North,Rice,Rabi,0.53,Alluvial,1317.5,Rainfed,58689,3,0,67.4,40000,79985,0.7169
FC-002595,UP,UP-Western,Wheat,Rabi,0.92,Alluvial,918.1,Rainfed,66021,2,0,68.2,41512,10465,0.3613
FC-002596,MP,MP-Mahakoshal,Pulses,Rabi,0.61,Red,917.5,Rainfed,90490,5,0,70.3,40000,15082,0.5416
FC-002597,MH,MH-Marathwada,Pulses,Kharif,2.15,Black,1290.9,Drip,109822,2,0,62.4,67514,41900,0.2822
FC-002598,UP,UP-Central,Sugarcane,Rabi,2.14,ClayLoam,1055.1,Drip,270738,0,0,62.6,432523,0,0.2115
FC-002599,BR,BR-Gangetic,Wheat,Rabi,1.16,Alluvial,1375.2,Drip,128985,0,0,55.7,68635,19536,0.5635
FC-002600,HR,HR-East,Millet,Kharif,0.47,Alluvial,675.1,Drip,61810,2,0,69.7,40000,0,0.2704
FC-002601,PB,PB-Malwa,Cotton,Kharif,1.41,Alluvial,866.0,Drip,130663,2,0,59.7,96480,32447,0.2528
FC-002602,BR,BR-North,Wheat,Rabi,0.75,Alluvial,1041.1,Drip,65659,2,0,74.5,40000,28456,0.519
FC-002603,PB,PB-Doaba,Rice,Kharif,0.39,Alluvial,950.5,Tubewell,54722,2,0,76.4,40000,77214,0.6151
FC-002604,UP,UP-Bundelkhand,Sugarcane,Rabi,2.72,Alluvial,1003.4,Rainfed,308357,1,0,91.2,474434,157567,0.1578
FC-002605,UP,UP-Western,Wheat,Rabi,0.99,Alluvial,933.7,Rainfed,115325,1,0,88.4,50819,18124,0.5244
FC-002606,UP,UP-Eastern,Sugarcane,Rabi,1.28,Alluvial,779.7,Tubewell,185463,0,0,33.8,199376,42880,0.4718
FC-002607,MP,MP-Bundelkhand,Wheat,Rabi,2.4,Alluvial,888.9,Tubewell,156721,1,0,86.7,182718,4734,0.2236
FC-002608,UP,UP-Bundelkhand,Rice,Kharif,1.1,Sandy,970.9,Rainfed,134340,1,0,93.4,88316,14671,0.2534
FC-002609,HR,HR-East,Rice,Kharif,0.2,Sandy,608.1,Tubewell,56738,2,0,87.7,40000,135948,0.7532
FC-002610,PB,PB-Malwa,Wheat,Rabi,0.68,Sandy,550.2,Rainfed,47130,1,0,75.8,40000,0,0.3538
FC-002611,TN,TN-Delta,Sugarcane,Kharif,1.29,Red,1056.0,Drip,95745,1,0,89.4,135934,0,0.1117
FC-002612,TN,TN-Delta,Rice,Kharif,1.1,Alluvial,872.0,Tubewell,71490,4,0,90.8,48045,23408,0.374
FC-002613,TG,TG-South,Groundnut,Kharif,0.76,Black,770.6,Drip,59892,2,0,86.6,40000,25943,0.3382
FC-002614,HR,HR-West,Wheat,Rabi,0.34,Alluvial,596.9,Tubewell,68004,3,0,80.8,40000,19490,0.3706
FC-002615,MP,MP-Mahakoshal,Rice,Rabi,1.5,Red,1142.9,Canal,80632,5,0,88.7,84664,36127,0.1944
FC-002616,TG,TG-North,Rice,Kharif,2.03,Black,573.6,Drip,113460,1,0,72.8,91836,0,0.3122
FC-002617,AP,AP-Coastal,Groundnut,Kharif,0.7,ClayLoam,606.5,Rainfed,67448,1,0,55.6,40000,221147,0.8336
FC-002618,MH,MH-Western,Sugarcane,Kharif,0.84,Black,716.4,Drip,113441,0,0,59.9,135101,0,0.3561
FC-002619,MP,MP-Chambal,Maize,Kharif,4.18,Black,1079.3,Rainfed,344880,2,0,62.5,125821,55146,0.6123
FC-002620,UP,UP-Bundelkhand,Wheat,Rabi,1.24,Alluvial,714.8,Canal,122412,1,0,87.0,88113,11324,0.2723
FC-002621,TG,TG-South,Maize,Rabi,1.21,Black,1001.2,Rainfed,87770,3,0,92.5,40000,28692,0.6516
FC-002622,RJ,RJ-Mewar,Pulses,Rabi,0.45,Sandy,596.8,Canal,47383,2,0,63.5,40000,13159,0.3601
FC-002623,UP,UP-Eastern,Sugarcane,Rabi,0.7,Alluvial,1026.4,Drip,104291,1,0,89.6,93087,0,0.1116
FC-002624,MP,MP-Chambal,Pulses,Kharif,2.26,Red,819.8,Rainfed,120031,4,0,94.7,62146,6640,0.3035
FC-002625,RJ,RJ-Marwar,Millet,Kharif,1.3,Alluvial,419.0,Tubewell,88839,3,0,69.4,40000,49548,0.6639
FC-002626,PB,PB-Malwa,Maize,Rabi,1.73,Alluvial,456.5,Tubewell,157000,5,0,66.1,78262,6155,0.4538
FC-002627,RJ,RJ-Marwar,Groundnut,Kharif,0.96,Sandy,581.4,Drip,72967,3,0,83.6,50188,7322,0.2937
FC-002628,PB,PB-Doaba,Rice,Kharif,0.85,ClayLoam,526.7,Canal,75595,2,1,35.4,40000,150024,0.8774
FC-002629,MP,MP-Chambal,Wheat,Rabi,2.36,ClayLoam,1127.4,Rainfed,124474,4,0,94.0,153254,18853,0.1029
FC-002630,BR,BR-Gangetic,Wheat,Rabi,1.14,Alluvial,1256.2,Canal,83930,2,0,84.3,53219,79645,0.4547
FC-002631,HR,HR-South,Wheat,Rabi,1.08,Sandy,549.9,Canal,74271,3,0,56.3,52525,55992,0.5001
FC-002632,KA,KA-North,Groundnut,Rabi,2.37,Sandy,1200.6,Rainfed,119852,1,0,73.3,126331,136806,0.3234
FC-002633,MH,MH-Marathwada,Wheat,Rabi,0.43,Alluvial,950.0,Rainfed,67873,1,0,49.4,40000,11671,0.6313
FC-002634,MH,MH-Konkan,Maize,Kharif,0.77,Black,892.9,Drip,53918,4,0,70.3,40000,17108,0.3378
FC-002635,MH,MH-Marathwada,Rice,Kharif,1.18,ClayLoam,1203.6,Rainfed,119395,1,0,86.7,56252,106889,0.6489
FC-002636,AP,AP-Rayalaseema,Rice,Kharif,0.64,Black,1077.6,Canal,99856,4,0,76.3,60521,18442,0.349
FC-002637,UP,UP-Central,Rice,Rabi,1.63,Alluvial,945.8,Tubewell,159924,2,0,84.2,71450,14492,0.244
FC-002638,BR,BR-South,Maize,Kharif,2.19,Alluvial,1132.8,Canal,197184,4,0,77.6,74992,5297,0.5617
FC-002639,BR,BR-South,Pulses,Kharif,0.52,ClayLoam,1411.3,Canal,42027,3,0,72.9,40000,4212,0.3551
FC-002640,MP,MP-Bundelkhand,Mustard,Rabi,1.47,ClayLoam,640.7,Tubewell,145561,2,0,51.0,50768,6974,0.6155
FC-002641,UP,UP-Bundelkhand,Wheat,Rabi,0.56,Alluvial,823.2,Tubewell,74305,3,0,62.6,40000,34832,0.6324
FC-002642,AP,AP-Upland,Rice,Kharif,1.06,Black,1381.0,Canal,99772,0,0,60.0,112872,8829,0.1684
FC-002643,RJ,RJ-Mewar,Groundnut,Kharif,0.85,Alluvial,406.3,Canal,98321,2,1,48.5,40000,57156,0.8178
FC-002644,UP,UP-Western,Cotton,Kharif,1.19,Alluvial,781.7,Canal,121925,2,0,63.0,74900,63484,0.6549
FC-002645,KA,KA-Coastal,Cotton,Kharif,1.53,Red,880.6,Tubewell,136304,4,0,69.3,92593,81869,0.5793
FC-002646,UP,UP-Eastern,Rice,Rabi,0.66,Alluvial,855.9,Rainfed,80964,2,0,75.9,47828,21113,0.555
FC-002647,KA,KA-North,Sugarcane,Kharif,2.51,Red,1437.6,Drip,321291,2,0,98.2,460269,201726,0.1862
FC-002648,HR,HR-West,Mustard,Rabi,0.85,Alluvial,655.5,Rainfed,111701,0,0,93.7,55305,18664,0.354
FC-002649,BR,BR-South,Rice,Kharif,0.59,Alluvial,910.1,Rainfed,65137,1,1,32.7,40000,15718,0.7933
FC-002650,KA,KA-Coastal,Groundnut,Rabi,0.82,ClayLoam,1153.6,Rainfed,62957,6,0,49.2,40000,0,0.2874
FC-002651,MH,MH-Konkan,Cotton,Kharif,1.44,Alluvial,991.0,Tubewell,87072,5,0,74.2,54747,23961,0.3415
FC-002652,BR,BR-Gangetic,Rice,Kharif,1.62,Alluvial,1211.7,Rainfed,190394,1,0,61.7,136890,9852,0.2772
FC-002653,GJ,GJ-Central,Cotton,Kharif,0.86,Red,534.0,Rainfed,79980,5,0,86.8,60963,36957,0.6491
FC-002654,KA,KA-Central,Rice,Rabi,1.01,Red,1452.8,Rainfed,75771,2,0,70.5,50682,0,0.258
FC-002655,GJ,GJ-South,Cotton,Kharif,0.56,Alluvial,722.9,Canal,45286,2,0,52.8,40000,147880,0.8993
FC-002656,RJ,RJ-Shekhawati,Millet,Kharif,5.56,Laterite,312.1,Tubewell,354532,2,0,74.5,113832,13677,0.667
FC-002657,MP,MP-Mahakoshal,Soybean,Kharif,0.89,Alluvial,1379.4,Drip,94783,5,0,68.8,40000,16296,0.5442
FC-002658,MH,MH-Vidarbha,Cotton,Kharif,1.28,Red,1289.5,Canal,119875,3,0,77.5,86968,5071,0.2348
FC-002659,KA,KA-Central,Sugarcane,Rabi,1.62,Red,1065.8,Rainfed,134904,3,0,100.0,173510,0,0.2212
FC-002660,TG,TG-North,Rice,Kharif,0.53,Alluvial,585.6,Drip,62938,3,0,77.9,40000,25082,0.5518
FC-002661,MP,MP-Mahakoshal,Groundnut,Rabi,0.38,Sandy,1156.9,Canal,49149,7,0,82.5,40000,0,0.2537
FC-002662,TG,TG-Central,Cotton,Kharif,1.37,ClayLoam,840.1,Rainfed,145520,4,0,63.0,90283,17945,0.4762
FC-002663,MH,MH-Western,Groundnut,Kharif,1.46,ClayLoam,1110.0,Rainfed,110320,2,0,76.3,100294,6129,0.2343
FC-002664,KA,KA-Central,Soybean,Kharif,0.89,Red,523.1,Tubewell,76052,1,0,72.2,40000,29939,0.6595
FC-002665,TG,TG-South,Rice,Rabi,1.35,Sandy,922.9,Tubewell,129606,5,0,80.2,66554,32941,0.4682
FC-002666,PB,PB-Doaba,Sugarcane,Kharif,1.6,ClayLoam,848.5,Drip,179014,3,0,62.8,290863,0,0.1616
FC-002667,KA,KA-North,Cotton,Kharif,1.18,Red,522.8,Drip,109344,2,0,63.1,87552,8670,0.3471
FC-002668,MH,MH-Vidarbha,Sugarcane,Rabi,0.2,Black,765.9,Tubewell,48065,5,0,54.8,40000,17454,0.5422
FC-002669,MH,MH-Konkan,Cotton,Kharif,1.02,Black,718.7,Drip,75783,2,0,71.2,62401,6023,0.2449
FC-002670,PB,PB-Doaba,Rice,Rabi,1.28,Alluvial,706.9,Canal,74841,3,0,89.2,42065,18249,0.271
FC-002671,MP,MP-Bundelkhand,Cotton,Kharif,0.88,Black,833.4,Canal,108615,2,0,68.5,44336,4267,0.5933
FC-002672,RJ,RJ-Marwar,Millet,Kharif,0.83,Red,601.4,Canal,94953,1,0,73.4,40000,36389,0.658
FC-002673,AP,AP-Coastal,Rice,Kharif,1.27,Alluvial,1403.2,Rainfed,132477,2,0,56.4,75870,83004,0.6577
FC-002674,GJ,GJ-Saurashtra,Rice,Rabi,0.2,Alluvial,943.8,Tubewell,35283,1,0,99.7,40000,14905,0.159
FC-002675,RJ,RJ-Mewar,Mustard,Rabi,3.12,Black,509.2,Canal,194722,5,0,76.7,119207,0,0.2299
FC-002676,RJ,RJ-Hadoti,Millet,Kharif,0.24,Alluvial,364.6,Drip,56699,1,0,100.0,40000,31400,0.5165
FC-002677,PB,PB-Doaba,Maize,Rabi,0.74,Alluvial,532.3,Tubewell,64400,1,0,71.4,40000,26383,0.4566
FC-002678,UP,UP-Bundelkhand,Wheat,Rabi,0.57,Alluvial,937.7,Tubewell,46746,0,0,70.6,40000,4106,0.2646
FC-002679,MH,MH-Marathwada,Wheat,Rabi,3.09,ClayLoam,854.3,Rainfed,294241,2,0,86.6,177753,94814,0.4516
FC-002680,UP,UP-Western,Pulses,Rabi,1.52,Sandy,1045.5,Rainfed,121025,1,0,64.6,46052,9175,0.6468
FC-002681,RJ,RJ-Shekhawati,Mustard,Rabi,1.74,Laterite,250.0,Rainfed,143037,1,0,75.2,56345,24348,0.6651
FC-002682,UP,UP-Bundelkhand,Groundnut,Kharif,0.46,Alluvial,1119.1,Drip,59938,2,0,64.0,40000,132205,0.6911
FC-002683,TG,TG-South,Rice,Kharif,1.29,ClayLoam,1102.6,Tubewell,85617,1,0,85.5,59600,0,0.1661
FC-002684,MP,MP-Chambal,Wheat,Rabi,2.89,Black,926.4,Drip,193961,3,0,65.4,229584,146600,0.1233
FC-002685,UP,UP-Western,Wheat,Rabi,1.07,Alluvial,922.4,Rainfed,70845,3,0,87.7,80694,27162,0.192
FC-002686,AP,AP-Coastal,Groundnut,Rabi,1.01,Red,986.0,Canal,112955,0,0,72.4,40000,10950,0.4926
FC-002687,AP,AP-Rayalaseema,Groundnut,Kharif,1.98,Black,1310.9,Rainfed,209925,2,0,84.9,127281,16562,0.2637
FC-002688,BR,BR-South,Sugarcane,Rabi,0.64,Alluvial,929.4,Rainfed,97593,1,0,84.1,86114,25397,0.5114
FC-002689,MH,MH-Konkan,Pulses,Rabi,1.71,Sandy,532.0,Drip,130108,5,0,72.0,40000,310403,0.8106
FC-002690,TG,TG-North,Rice,Rabi,3.29,Red,836.4,Canal,186031,1,0,63.0,139689,26239,0.3862
FC-002691,UP,UP-Eastern,Wheat,Rabi,1.08,Alluvial,581.2,Canal,84713,1,0,86.5,74681,8143,0.1923
FC-002692,TN,TN-West,Wheat,Rabi,0.46,Black,676.4,Canal,58832,3,0,70.3,40000,0,0.3027
FC-002693,RJ,RJ-Hadoti,Groundnut,Rabi,1.36,Sandy,539.0,Tubewell,102190,3,0,85.3,69634,7345,0.1182
FC-002694,HR,HR-South,Wheat,Rabi,2.22,Sandy,714.9,Canal,228244,3,0,63.5,171318,32020,0.2408
FC-002695,RJ,RJ-Shekhawati,Mustard,Rabi,1.77,Red,472.9,Drip,147807,2,0,52.4,51333,20572,0.6766
FC-002696,HR,HR-South,Mustard,Rabi,0.53,Sandy,593.3,Tubewell,59085,3,0,100.0,40000,0,0.362
FC-002697,BR,BR-South,Rice,Rabi,2.27,Alluvial,1219.7,Canal,172774,2,0,62.8,156687,44964,0.31
FC-002698,TN,TN-Delta,Rice,Kharif,3.17,Red,1168.7,Canal,314359,4,0,96.0,226528,39878,0.2417
FC-002699,BR,BR-Gangetic,Rice,Rabi,0.51,Alluvial,1070.4,Rainfed,56334,1,0,38.5,40000,0,0.6193
FC-002700,TG,TG-South,Rice,Kharif,2.06,Alluvial,950.5,Rainfed,222788,1,0,70.4,175168,4601,0.3336
FC-002701,AP,AP-Coastal,Wheat,Rabi,1.87,Black,874.3,Drip,168041,1,0,54.3,95311,1144,0.4174
FC-002702,TG,TG-South,Cotton,Kharif,3.38,Black,1212.4,Rainfed,274982,2,0,75.9,224678,67641,0.2423
FC-002703,KA,KA-Central,Pulses,Rabi,0.56,Alluvial,1002.4,Canal,58509,3,0,80.7,40000,1455,0.3903
FC-002704,TG,TG-North,Maize,Rabi,0.88,Red,1148.8,Canal,105043,5,0,63.2,40000,112186,0.7691
FC-002705,RJ,RJ-Mewar,Mustard,Rabi,0.54,Alluvial,371.5,Tubewell,52755,2,0,80.0,40000,48213,0.5118
FC-002706,PB,PB-Doaba,Maize,Kharif,0.92,ClayLoam,707.3,Drip,94692,3,0,58.1,47452,24726,0.559
FC-002707,PB,PB-Malwa,Cotton,Kharif,0.53,Red,567.1,Canal,79939,0,0,91.4,40000,0,0.3812
FC-002708,PB,PB-Majha,Wheat,Rabi,5.81,Alluvial,735.2,Tubewell,344433,1,0,56.4,342953,62672,0.258
FC-002709,GJ,GJ-North,Sugarcane,Kharif,0.87,Sandy,945.7,Rainfed,94083,4,0,92.7,118803,44755,0.1526
FC-002710,AP,AP-Rayalaseema,Groundnut,Rabi,1.32,Black,1099.3,Tubewell,126289,6,1,38.3,40247,57433,0.8773
FC-002711,GJ,GJ-North,Wheat,Rabi,1.28,Black,886.3,Rainfed,71059,4,0,86.0,66219,25664,0.2183
FC-002712,TG,TG-Central,Groundnut,Rabi,2.35,Alluvial,1581.3,Rainfed,196683,2,0,77.1,124825,24215,0.2733
FC-002713,BR,BR-South,Pulses,Kharif,0.67,Alluvial,1428.9,Rainfed,66678,2,0,49.5,40000,27329,0.5839
FC-002714,MH,MH-Konkan,Sugarcane,Kharif,0.9,Laterite,603.0,Rainfed,113411,1,0,69.3,93774,3206,0.687
FC-002715,KA,KA-South,Maize,Rabi,0.53,Black,517.4,Canal,56293,2,0,55.6,40000,6566,0.3803
FC-002716,UP,UP-Eastern,Wheat,Rabi,5.49,Laterite,629.2,Drip,384439,3,0,50.1,177693,111751,0.5057
FC-002717,AP,AP-Upland,Groundnut,Rabi,0.67,Red,949.6,Drip,61193,2,0,64.4,44298,0,0.207
FC-002718,KA,KA-North,Rice,Rabi,0.94,Alluvial,957.3,Tubewell,99129,0,0,73.7,67354,11431,0.3743
FC-002719,GJ,GJ-Saurashtra,Groundnut,Kharif,1.62,Black,1061.3,Canal,111215,5,0,82.9,70163,0,0.3077
FC-002720,RJ,RJ-Mewar,Wheat,Rabi,0.46,ClayLoam,675.0,Rainfed,57030,2,0,78.7,40000,32183,0.3427
FC-002721,MH,MH-Marathwada,Cotton,Kharif,3.56,Black,1043.0,Tubewell,186260,0,0,93.7,306020,0,0.0874
FC-002722,KA,KA-North,Soybean,Kharif,0.68,Red,1308.7,Canal,86754,1,0,71.4,40000,41970,0.564
FC-002723,AP,AP-Coastal,Cotton,Kharif,3.14,Black,1011.3,Tubewell,277586,5,0,100.0,249143,37637,0.1078
FC-002724,TG,TG-South,Pulses,Rabi,2.42,Red,927.2,Canal,143743,2,1,12.5,68752,78891,0.7785
FC-002725,TN,TN-West,Rice,Kharif,0.83,Red,1126.9,Tubewell,95274,2,0,58.4,47804,0,0.4589
FC-002726,RJ,RJ-Mewar,Mustard,Rabi,2.76,Black,422.8,Canal,200229,4,0,89.3,122725,84519,0.4696
FC-002727,UP,UP-Central,Pulses,Rabi,1.26,ClayLoam,586.4,Rainfed,85613,1,1,53.5,40000,51529,0.8206
FC-002728,PB,PB-Malwa,Pulses,Rabi,2.92,Alluvial,839.5,Drip,184295,4,0,86.6,101373,11905,0.169
FC-002729,KA,KA-South,Pulses,Kharif,2.72,Red,1694.0,Tubewell,246218,4,0,96.0,92455,0,0.313
FC-002730,PB,PB-Doaba,Rice,Rabi,1.09,Alluvial,562.3,Rainfed,68771,2,0,77.2,64170,5142,0.2657
FC-002731,MP,MP-Chambal,Pulses,Rabi,0.36,Black,1203.2,Rainfed,51506,1,0,65.9,40000,23656,0.361
FC-002732,PB,PB-Majha,Wheat,Rabi,1.14,Alluvial,630.8,Tubewell,111107,2,0,51.9,45950,10322,0.5135
FC-002733,UP,UP-Central,Groundnut,Kharif,0.88,Alluvial,1322.3,Canal,82690,1,0,74.3,40000,7131,0.3786
FC-002734,MP,MP-Mahakoshal,Soybean,Kharif,0.2,Alluvial,1079.4,Tubewell,50844,6,0,61.0,40000,303274,0.8472
FC-002735,BR,BR-South,Rice,Kharif,1.11,Alluvial,881.7,Canal,98587,2,0,79.6,62495,116765,0.599
FC-002736,MH,MH-Marathwada,Soybean,Kharif,0.59,Black,768.3,Drip,70824,0,0,53.9,40000,32240,0.6546
FC-002737,UP,UP-Bundelkhand,Wheat,Rabi,10.0,Sandy,1199.0,Drip,672143,1,0,50.2,377836,31869,0.3987
FC-002738,PB,PB-Malwa,Wheat,Rabi,0.47,Alluvial,766.4,Tubewell,67102,4,0,85.6,40000,18837,0.401
FC-002739,HR,HR-West,Mustard,Rabi,0.65,Alluvial,578.2,Drip,77211,5,0,92.3,40000,2490,0.3278
FC-002740,BR,BR-South,Rice,Rabi,1.18,Alluvial,1721.9,Canal,130616,3,0,86.9,55797,24263,0.3778
FC-002741,BR,BR-North,Pulses,Rabi,2.18,Alluvial,1188.7,Rainfed,181326,1,0,62.0,84533,27920,0.4608
FC-002742,AP,AP-Upland,Groundnut,Rabi,2.3,Red,1561.7,Rainfed,149514,3,0,86.1,164459,0,0.0992
FC-002743,MP,MP-Chambal,Maize,Kharif,1.88,Red,1465.3,Rainfed,186272,1,0,65.1,97056,18585,0.3861
FC-002744,GJ,GJ-South,Groundnut,Kharif,1.64,Sandy,805.0,Drip,189930,0,0,71.3,149795,49016,0.2636
FC-002745,GJ,GJ-North,Sugarcane,Rabi,1.0,ClayLoam,345.0,Tubewell,71481,2,0,29.4,121713,21474,0.4845
FC-002746,GJ,GJ-North,Maize,Rabi,1.7,Sandy,885.4,Canal,167916,3,0,77.0,68597,0,0.3652
FC-002747,AP,AP-Upland,Rice,Kharif,0.85,Black,679.0,Tubewell,104555,1,0,76.5,49544,82684,0.8733
FC-002748,MP,MP-Malwa,Rice,Kharif,0.86,Alluvial,1043.5,Rainfed,83893,5,0,100.0,56648,0,0.2851
FC-002749,HR,HR-South,Cotton,Kharif,1.0,Alluvial,653.3,Tubewell,59094,3,0,100.0,54570,31115,0.223
FC-002750,UP,UP-Eastern,Maize,Rabi,2.49,Alluvial,596.1,Canal,193987,4,0,57.4,153636,0,0.2803
FC-002751,TG,TG-South,Pulses,Kharif,1.88,Black,839.5,Tubewell,161255,1,0,76.0,64818,72073,0.7163
FC-002752,MP,MP-Mahakoshal,Cotton,Kharif,2.17,ClayLoam,1105.3,Rainfed,113738,0,0,84.1,136588,74068,0.3262
FC-002753,TN,TN-West,Wheat,Rabi,0.96,Red,766.3,Tubewell,103518,0,0,80.5,57704,9051,0.3961
FC-002754,TN,TN-West,Rice,Rabi,1.58,Red,882.8,Tubewell,119574,1,0,64.1,106819,9683,0.225
FC-002755,TN,TN-North,Rice,Rabi,1.39,Red,1387.2,Rainfed,76628,2,0,53.4,67556,0,0.2519
FC-002756,RJ,RJ-Mewar,Wheat,Rabi,1.77,ClayLoam,652.0,Tubewell,124862,0,0,86.2,58211,25492,0.4498
FC-002757,KA,KA-Coastal,Maize,Rabi,3.13,Black,1063.1,Rainfed,246535,2,0,69.7,131065,176425,0.664
FC-002758,AP,AP-Upland,Maize,Kharif,1.27,Black,1079.0,Rainfed,72188,3,0,80.6,40000,21890,0.3961
FC-002759,MP,MP-Chambal,Pulses,Rabi,4.79,Red,646.1,Canal,226698,2,0,81.6,121879,54454,0.2968
FC-002760,GJ,GJ-Central,Cotton,Kharif,1.51,ClayLoam,732.7,Rainfed,163911,0,0,66.7,136148,19662,0.4622
FC-002761,GJ,GJ-North,Wheat,Rabi,0.45,Red,1010.3,Rainfed,49300,3,0,98.9,40000,35660,0.5049
FC-002762,RJ,RJ-Shekhawati,Cotton,Kharif,1.42,Sandy,369.9,Drip,81315,0,0,70.9,88723,17675,0.1419
FC-002763,BR,BR-North,Sugarcane,Kharif,0.7,Alluvial,1190.1,Rainfed,58978,1,0,75.8,74129,71655,0.3236
FC-002764,GJ,GJ-North,Wheat,Rabi,1.4,Sandy,885.2,Tubewell,156784,3,0,79.5,85021,5612,0.2137
FC-002765,MP,MP-Mahakoshal,Wheat,Rabi,1.44,Black,914.4,Canal,107648,3,0,79.1,79501,0,0.2174
FC-002766,AP,AP-Rayalaseema,Pulses,Rabi,0.28,ClayLoam,814.5,Canal,37352,3,0,53.7,40000,60147,0.5994
FC-002767,TN,TN-South,Sugarcane,Kharif,1.34,Red,890.6,Drip,151573,3,0,79.7,167057,0,0.1822
FC-002768,MH,MH-Konkan,Millet,Kharif,0.94,Black,919.1,Canal,111063,2,0,65.4,40000,6737,0.5396
FC-002769,UP,UP-Western,Wheat,Rabi,1.03,ClayLoam,757.7,Canal,85625,5,0,78.3,42447,10449,0.2395
FC-002770,AP,AP-Rayalaseema,Groundnut,Rabi,1.63,Red,887.4,Rainfed,137426,2,0,79.6,71735,1335,0.2934
FC-002771,BR,BR-North,Maize,Rabi,0.3,Alluvial,1370.8,Tubewell,43420,3,0,61.1,40000,32046,0.4158
FC-002772,MH,MH-Konkan,Groundnut,Kharif,3.23,ClayLoam,1021.2,Rainfed,171935,1,0,63.2,197999,24111,0.1931
FC-002773,MH,MH-Western,Pulses,Kharif,1.02,Red,987.7,Drip,113304,1,0,71.7,40000,31734,0.6104
FC-002774,HR,HR-South,Rice,Kharif,1.26,Sandy,496.7,Canal,131433,2,1,52.5,77826,196573,0.8865
FC-002775,MH,MH-Western,Wheat,Rabi,1.79,Alluvial,966.7,Drip,168242,0,0,52.5,128724,10729,0.1693
FC-002776,UP,UP-Western,Pulses,Rabi,1.72,Alluvial,886.3,Tubewell,137133,3,0,92.6,91385,27833,0.2514
FC-002777,RJ,RJ-Mewar,Wheat,Rabi,1.41,Sandy,311.4,Rainfed,111213,0,0,69.0,61471,21057,0.6066
FC-002778,PB,PB-Majha,Rice,Rabi,1.18,Alluvial,577.6,Rainfed,103542,0,0,67.2,52663,9819,0.5276
FC-002779,MP,MP-Mahakoshal,Maize,Kharif,4.29,Black,1000.3,Rainfed,187040,6,0,79.6,123063,24511,0.243
FC-002780,TN,TN-Delta,Millet,Kharif,0.94,Laterite,1247.8,Canal,66703,2,0,99.8,40000,0,0.1441
FC-002781,HR,HR-South,Cotton,Kharif,1.16,Alluvial,797.9,Canal,79632,1,0,84.9,64137,22380,0.2874
FC-002782,UP,UP-Bundelkhand,Wheat,Rabi,1.56,Alluvial,1219.8,Canal,80526,1,0,95.4,58608,13355,0.2659
FC-002783,MH,MH-Konkan,Millet,Kharif,2.37,Black,735.4,Drip,211891,5,0,73.1,88328,8725,0.4951
FC-002784,TN,TN-Delta,Rice,Kharif,0.38,Black,940.5,Canal,43213,1,0,100.0,40000,18251,0.3192
FC-002785,AP,AP-Rayalaseema,Millet,Kharif,1.44,Alluvial,1169.3,Rainfed,98199,3,0,65.9,40000,6575,0.5224
FC-002786,MP,MP-Mahakoshal,Soybean,Kharif,2.2,Red,1160.2,Canal,137054,2,0,68.3,92613,9018,0.3667
FC-002787,UP,UP-Western,Wheat,Rabi,0.2,Alluvial,841.4,Drip,35341,5,0,76.2,40000,21329,0.3221
FC-002788,TN,TN-West,Sugarcane,Rabi,2.33,Black,807.4,Canal,146042,1,0,59.2,285928,8003,0.3036
FC-002789,HR,HR-South,Wheat,Rabi,2.32,Alluvial,530.4,Tubewell,229788,3,0,99.7,183187,23154,0.1625
FC-002790,UP,UP-Central,Wheat,Rabi,0.55,Alluvial,901.8,Canal,71219,4,0,96.5,40000,54287,0.5437
FC-002791,HR,HR-West,Wheat,Rabi,1.04,Alluvial,573.3,Canal,79966,3,0,87.1,77919,21502,0.1556
FC-002792,PB,PB-Doaba,Wheat,Rabi,0.44,Alluvial,815.5,Drip,73687,2,0,70.6,40000,0,0.3288
FC-002793,HR,HR-West,Wheat,Rabi,10.0,Alluvial,705.4,Canal,800000,2,0,87.9,700000,30669,0.2195
FC-002794,RJ,RJ-Marwar,Millet,Kharif,1.47,Sandy,316.2,Rainfed,91081,1,0,71.7,40000,24453,0.5577
FC-002795,BR,BR-North,Wheat,Rabi,1.62,Alluvial,1024.9,Tubewell,111004,1,0,53.5,97297,13772,0.343
FC-002796,RJ,RJ-Marwar,Mustard,Rabi,1.12,Sandy,293.0,Tubewell,96255,2,1,73.5,63696,166677,0.7895
FC-002797,TG,TG-South,Soybean,Kharif,0.93,Red,603.7,Canal,92848,3,0,86.5,40000,20331,0.5881
FC-002798,HR,HR-South,Wheat,Rabi,1.62,Alluvial,488.4,Tubewell,98003,1,0,77.9,80936,0,0.2535
FC-002799,MH,MH-Vidarbha,Wheat,Rabi,1.67,Black,1258.1,Rainfed,113069,0,0,83.0,62518,0,0.2879
FC-002800,TG,TG-North,Sugarcane,Rabi,3.73,ClayLoam,1045.3,Rainfed,442679,5,0,98.6,549837,21028,0.1437
FC-002801,TG,TG-South,Cotton,Kharif,0.78,Red,638.3,Canal,83496,8,0,86.7,40000,0,0.4744
FC-002802,HR,HR-East,Rice,Kharif,0.85,Alluvial,656.0,Canal,84747,0,1,44.9,41939,90153,0.8951
FC-002803,HR,HR-East,Rice,Kharif,2.14,Alluvial,481.4,Rainfed,202560,4,0,87.8,112713,0,0.6117
FC-002804,HR,HR-East,Mustard,Rabi,2.27,ClayLoam,574.8,Drip,224350,1,0,89.0,129494,14240,0.3721
FC-002805,BR,BR-North,Maize,Kharif,0.53,Alluvial,794.1,Rainfed,58399,2,0,62.6,40000,2831,0.5386
FC-002806,MP,MP-Malwa,Pulses,Rabi,3.64,Black,1039.1,Drip,290127,1,1,61.2,86824,65520,0.8004
FC-002807,KA,KA-Central,Maize,Rabi,1.45,Black,1053.9,Canal,92672,2,0,72.7,58813,52801,0.4007
FC-002808,AP,AP-Rayalaseema,Pulses,Kharif,2.56,Red,591.8,Rainfed,198519,0,0,71.7,75201,2744,0.6829
FC-002809,BR,BR-Gangetic,Maize,Kharif,2.99,Alluvial,1198.8,Canal,272632,1,0,73.3,173132,44393,0.205
FC-002810,PB,PB-Majha,Wheat,Rabi,1.76,Alluvial,571.1,Rainfed,197493,4,0,100.0,138331,39455,0.3316
FC-002811,UP,UP-Western,Rice,Kharif,1.59,ClayLoam,811.9,Tubewell,106308,2,0,64.1,86616,29263,0.3687
FC-002812,MP,MP-Chambal,Cotton,Kharif,0.75,Black,1063.1,Tubewell,81292,2,0,73.8,52202,40989,0.4524
FC-002813,UP,UP-Bundelkhand,Wheat,Rabi,1.93,Alluvial,743.3,Canal,191792,1,0,90.2,105439,2845,0.5319
FC-002814,PB,PB-Malwa,Rice,Rabi,2.65,Alluvial,617.9,Tubewell,226398,1,0,87.9,192522,41420,0.2188
FC-002815,MH,MH-Marathwada,Cotton,Kharif,0.38,ClayLoam,893.1,Tubewell,57407,4,0,61.8,40000,46049,0.6139
FC-002816,RJ,RJ-Hadoti,Pulses,Rabi,0.58,ClayLoam,445.6,Canal,46082,4,0,67.5,40000,23882,0.3439
FC-002817,TG,TG-North,Rice,Kharif,0.8,Red,947.2,Rainfed,70705,2,0,53.4,46071,0,0.345
FC-002818,MP,MP-Malwa,Soybean,Kharif,0.68,Alluvial,1277.3,Canal,54615,2,0,82.3,40000,3586,0.1256
FC-002819,BR,BR-North,Wheat,Rabi,0.53,Alluvial,1383.4,Rainfed,61163,1,0,76.9,40000,19786,0.4776
FC-002820,MP,MP-Malwa,Soybean,Kharif,3.89,Black,981.7,Rainfed,260539,3,0,94.7,138357,6631,0.2337
FC-002821,GJ,GJ-North,Wheat,Rabi,0.56,Black,903.8,Rainfed,75211,2,0,100.0,40000,0,0.3246
FC-002822,TG,TG-North,Rice,Rabi,2.41,Red,990.8,Rainfed,142167,2,0,82.2,138148,48584,0.1966
FC-002823,PB,PB-Malwa,Wheat,Rabi,1.0,Alluvial,650.6,Tubewell,116958,1,0,68.5,76031,25518,0.4682
FC-002824,PB,PB-Malwa,Cotton,Kharif,0.58,Alluvial,611.5,Tubewell,56017,2,0,95.8,40000,5269,0.2065
FC-002825,TG,TG-South,Cotton,Kharif,1.65,Black,1015.2,Canal,134568,0,0,66.2,79240,5030,0.4207
FC-002826,MP,MP-Malwa,Soybean,Kharif,1.46,ClayLoam,1155.0,Canal,107285,4,0,78.0,59887,13997,0.3385
FC-002827,PB,PB-Majha,Rice,Rabi,3.8,Alluvial,568.6,Canal,279610,1,0,74.6,227906,14788,0.1972
FC-002828,TG,TG-Central,Groundnut,Kharif,1.12,Black,1013.8,Drip,66635,1,0,52.7,43492,0,0.218
FC-002829,PB,PB-Majha,Wheat,Rabi,0.78,ClayLoam,546.2,Tubewell,60604,1,0,84.4,52487,6545,0.2171
FC-002830,UP,UP-Eastern,Sugarcane,Rabi,0.72,Alluvial,1262.8,Canal,76990,4,0,100.0,90387,40229,0.1505
FC-002831,GJ,GJ-Saurashtra,Cotton,Kharif,0.31,Red,805.8,Canal,58056,2,0,100.0,40000,70627,0.7698
FC-002832,BR,BR-South,Rice,Kharif,0.58,Alluvial,1381.0,Rainfed,86431,1,1,49.7,41962,41827,0.7845
FC-002833,UP,UP-Bundelkhand,Wheat,Rabi,1.34,Red,941.7,Canal,148080,3,0,93.4,73870,108495,0.5428
FC-002834,KA,KA-North,Groundnut,Kharif,2.73,Black,1275.3,Canal,161493,1,0,95.2,133477,15185,0.1401
FC-002835,PB,PB-Majha,Maize,Kharif,0.8,Alluvial,666.3,Tubewell,69426,0,0,77.8,40000,39943,0.3615
FC-002836,TG,TG-North,Wheat,Rabi,0.53,Sandy,954.8,Drip,46248,4,0,49.9,40000,47274,0.5397
FC-002837,MP,MP-Malwa,Wheat,Rabi,1.95,ClayLoam,944.7,Rainfed,143496,3,0,59.5,118841,113144,0.4524
FC-002838,PB,PB-Majha,Rice,Kharif,1.32,ClayLoam,855.1,Canal,83446,1,0,67.6,83076,21160,0.2576
FC-002839,HR,HR-West,Mustard,Rabi,2.48,Alluvial,529.6,Rainfed,190869,2,0,68.2,52404,5999,0.7002
FC-002840,PB,PB-Majha,Rice,Kharif,0.58,Alluvial,707.2,Tubewell,58152,3,0,80.7,40000,31565,0.3542
FC-002841,MP,MP-Malwa,Mustard,Rabi,1.52,Black,1163.3,Drip,99417,2,0,58.6,67227,42089,0.3342
FC-002842,TN,TN-North,Rice,Kharif,1.39,Red,766.9,Drip,153266,2,0,72.3,74654,10806,0.4416
FC-002843,RJ,RJ-Shekhawati,Pulses,Rabi,1.34,Alluvial,577.0,Drip,91312,2,0,64.1,43195,0,0.2932
FC-002844,TN,TN-South,Groundnut,Kharif,0.85,Laterite,1026.4,Canal,96394,1,1,24.4,40000,13305,0.8804
FC-002845,RJ,RJ-Hadoti,Pulses,Rabi,1.06,ClayLoam,479.1,Drip,59567,2,0,55.6,40000,0,0.3694
FC-002846,TN,TN-Delta,Rice,Rabi,0.53,ClayLoam,1208.3,Tubewell,84620,1,0,61.5,43250,8066,0.3138
FC-002847,TN,TN-North,Groundnut,Rabi,0.62,ClayLoam,891.4,Drip,61819,4,0,90.6,40000,4189,0.3054
FC-002848,BR,BR-North,Rice,Rabi,2.78,Alluvial,1474.6,Rainfed,169394,1,0,79.8,163478,18956,0.1333
FC-002849,BR,BR-South,Rice,Rabi,1.96,Alluvial,946.3,Tubewell,158414,1,0,81.0,155016,27134,0.2916
FC-002850,TN,TN-South,Millet,Kharif,0.38,Red,321.5,Rainfed,59440,3,1,24.0,40000,5863,0.8466
FC-002851,UP,UP-Central,Rice,Kharif,2.76,Alluvial,883.0,Rainfed,225023,3,0,81.4,156343,5331,0.3137
FC-002852,MP,MP-Bundelkhand,Mustard,Rabi,0.61,Sandy,739.9,Rainfed,63715,2,0,90.4,40000,31855,0.5575
FC-002853,RJ,RJ-Hadoti,Millet,Kharif,0.58,Sandy,443.0,Tubewell,64112,3,0,84.1,40000,33839,0.4609
FC-002854,TG,TG-South,Maize,Kharif,2.03,Black,747.7,Rainfed,114988,0,0,72.8,53925,81498,0.7336
FC-002855,UP,UP-Bundelkhand,Sugarcane,Rabi,3.33,Alluvial,957.6,Tubewell,249345,3,0,76.1,328309,0,0.1579
FC-002856,MP,MP-Bundelkhand,Soybean,Kharif,0.41,Alluvial,962.0,Tubewell,44154,2,0,52.9,40000,48474,0.6348
FC-002857,UP,UP-Western,Sugarcane,Rabi,0.8,Alluvial,1084.4,Tubewell,77413,0,0,84.3,102880,44971,0.2025
FC-002858,BR,BR-South,Wheat,Rabi,0.8,ClayLoam,1217.5,Tubewell,67943,3,0,68.0,67882,0,0.3141
FC-002859,PB,PB-Doaba,Rice,Kharif,0.72,Alluvial,611.3,Tubewell,71334,3,1,39.5,40000,369606,0.9107
FC-002860,TG,TG-South,Pulses,Rabi,2.35,Black,1229.5,Tubewell,209026,2,0,81.9,66363,4408,0.3878
FC-002861,UP,UP-Central,Sugarcane,Kharif,1.04,Alluvial,1132.6,Rainfed,115695,5,0,74.1,121789,12013,0.3109
FC-002862,HR,HR-West,Sugarcane,Rabi,1.25,Alluvial,717.4,Rainfed,85828,1,0,76.6,148777,18580,0.2121
FC-002863,HR,HR-East,Sugarcane,Kharif,0.73,ClayLoam,569.6,Drip,125819,1,0,87.0,143877,10744,0.128
FC-002864,TN,TN-South,Rice,Rabi,0.64,Black,1000.4,Canal,88435,2,0,63.3,57587,28576,0.4949
FC-002865,GJ,GJ-North,Cotton,Kharif,2.87,Black,792.2,Canal,246218,1,0,54.7,294548,15035,0.25
FC-002866,MP,MP-Malwa,Soybean,Kharif,2.11,Red,701.8,Tubewell,97885,1,0,68.7,58455,55003,0.6174
FC-002867,MP,MP-Malwa,Soybean,Kharif,2.06,Black,1417.1,Canal,110492,0,0,58.7,109632,21953,0.1198
FC-002868,UP,UP-Bundelkhand,Rice,Rabi,2.34,Alluvial,841.2,Canal,209261,1,0,72.2,103311,104014,0.5594
FC-002869,MH,MH-Konkan,Pulses,Rabi,0.68,Sandy,1048.4,Rainfed,47338,2,0,100.0,40000,17996,0.3282
FC-002870,GJ,GJ-South,Cotton,Kharif,0.41,Black,564.5,Tubewell,45086,3,0,79.9,40000,0,0.2945
FC-002871,MH,MH-Konkan,Soybean,Kharif,2.17,Black,917.7,Tubewell,110538,4,0,87.4,77214,9220,0.1394
FC-002872,PB,PB-Majha,Rice,Rabi,1.88,Alluvial,817.6,Rainfed,121434,4,0,75.2,100504,15246,0.2215
FC-002873,TG,TG-Central,Pulses,Kharif,0.47,Red,1052.1,Rainfed,54180,0,0,63.8,40000,32486,0.3855
FC-002874,MH,MH-Marathwada,Cotton,Kharif,0.91,Alluvial,1108.8,Tubewell,93316,1,0,74.9,56996,0,0.3326
FC-002875,MP,MP-Malwa,Cotton,Kharif,0.61,Red,625.9,Tubewell,58620,4,0,60.9,56783,17266,0.2902
FC-002876,UP,UP-Bundelkhand,Sugarcane,Kharif,0.68,ClayLoam,740.5,Tubewell,76254,2,0,53.0,108587,32474,0.3838
FC-002877,UP,UP-Western,Rice,Rabi,1.59,Alluvial,853.8,Canal,95503,1,0,79.7,64074,329729,0.6711
FC-002878,MP,MP-Bundelkhand,Cotton,Kharif,3.88,Red,1077.2,Canal,300562,3,0,78.5,169683,13269,0.1354
FC-002879,RJ,RJ-Hadoti,Groundnut,Kharif,0.9,Red,484.9,Canal,100895,3,0,75.9,66011,33139,0.3865
FC-002880,RJ,RJ-Mewar,Mustard,Rabi,0.61,Black,475.3,Rainfed,59973,3,0,84.5,40000,4996,0.2713
FC-002881,BR,BR-North,Rice,Rabi,1.56,Alluvial,1082.6,Rainfed,90155,2,0,81.3,115060,75220,0.3866
FC-002882,MH,MH-Vidarbha,Groundnut,Kharif,1.65,Black,811.3,Canal,89284,4,0,56.4,75623,17157,0.3827
FC-002883,MH,MH-Konkan,Soybean,Kharif,0.2,Alluvial,632.5,Rainfed,46080,1,1,62.9,40000,143641,0.9317
FC-002884,MH,MH-Marathwada,Pulses,Kharif,1.13,Laterite,909.2,Drip,72188,1,0,87.2,40000,2245,0.198
FC-002885,UP,UP-Eastern,Pulses,Rabi,0.55,Alluvial,904.2,Rainfed,62872,0,0,73.5,40000,40011,0.5724
FC-002886,BR,BR-South,Pulses,Kharif,0.92,Alluvial,896.3,Canal,93157,0,0,78.3,40000,24417,0.7636
FC-002887,AP,AP-Upland,Cotton,Kharif,0.83,Black,994.0,Drip,61616,1,0,85.1,45909,17118,0.2089
FC-002888,TN,TN-South,Maize,Kharif,0.47,Sandy,835.2,Canal,43975,3,0,79.0,40000,0,0.1252
FC-002889,UP,UP-Eastern,Rice,Rabi,0.23,Red,925.5,Rainfed,33546,5,0,71.9,40000,19755,0.5329
FC-002890,UP,UP-Bundelkhand,Mustard,Rabi,0.32,Alluvial,828.3,Rainfed,60698,3,0,73.0,40000,0,0.2977
FC-002891,TN,TN-West,Sugarcane,Kharif,4.24,Laterite,1058.8,Canal,369305,1,0,76.8,652416,47897,0.1507
FC-002892,TN,TN-West,Maize,Rabi,1.14,Red,947.5,Canal,101778,1,0,52.3,58580,16020,0.5191
FC-002893,UP,UP-Bundelkhand,Sugarcane,Kharif,1.94,Alluvial,921.0,Rainfed,248086,5,0,79.9,376426,27544,0.3735
FC-002894,MP,MP-Mahakoshal,Pulses,Kharif,5.02,Red,1022.5,Rainfed,223257,2,0,85.6,209534,23450,0.2061
FC-002895,PB,PB-Majha,Wheat,Rabi,1.39,Alluvial,552.0,Rainfed,145923,5,0,91.7,61002,0,0.3834
FC-002896,KA,KA-Coastal,Sugarcane,Kharif,0.81,Black,575.9,Tubewell,63012,5,0,57.5,84062,33970,0.4843
FC-002897,RJ,RJ-Shekhawati,Mustard,Rabi,1.51,Black,470.5,Drip,84933,5,0,89.2,83732,0,0.1561
FC-002898,RJ,RJ-Hadoti,Wheat,Rabi,0.66,Sandy,543.6,Rainfed,70293,4,0,100.0,67014,61524,0.3153
FC-002899,TN,TN-Delta,Rice,Rabi,1.59,Alluvial,698.6,Rainfed,131378,3,1,51.0,62640,9279,0.8003
FC-002900,MH,MH-Konkan,Soybean,Kharif,1.0,Laterite,620.6,Drip,108321,3,1,29.8,40000,82473,0.8661
FC-002901,RJ,RJ-Hadoti,Millet,Kharif,5.77,Sandy,687.9,Tubewell,369769,2,0,71.4,134432,20111,0.4355
FC-002902,MH,MH-Western,Cotton,Kharif,1.37,ClayLoam,753.2,Drip,89589,0,0,82.3,142763,0,0.1137
FC-002903,TN,TN-North,Maize,Kharif,0.77,Black,784.9,Tubewell,80020,2,0,81.8,40000,7169,0.4566
FC-002904,AP,AP-Coastal,Groundnut,Rabi,0.38,Alluvial,1067.6,Drip,51311,0,0,80.6,40000,18640,0.3958
FC-002905,BR,BR-Gangetic,Mustard,Rabi,2.66,Alluvial,1274.6,Drip,128097,3,0,96.0,109871,0,0.2806
FC-002906,UP,UP-Western,Rice,Kharif,0.52,Alluvial,736.9,Drip,80581,4,0,98.0,44702,0,0.4815
FC-002907,AP,AP-Upland,Groundnut,Kharif,1.06,ClayLoam,1099.1,Tubewell,118352,5,0,71.9,40000,55923,0.8234
FC-002908,AP,AP-Rayalaseema,Cotton,Kharif,0.61,Red,591.6,Rainfed,61446,3,0,67.5,40000,11171,0.6575
FC-002909,KA,KA-South,Maize,Kharif,1.7,Red,1246.9,Rainfed,138083,6,0,81.3,60064,5918,0.302
FC-002910,AP,AP-Upland,Groundnut,Rabi,0.54,Alluvial,1015.3,Rainfed,67038,3,0,78.0,40000,76075,0.6722
FC-002911,TN,TN-North,Millet,Kharif,1.28,Alluvial,976.9,Drip,82581,4,0,61.7,40000,75919,0.6418
FC-002912,GJ,GJ-North,Cotton,Kharif,2.13,Alluvial,438.2,Rainfed,144527,1,0,97.9,74673,49827,0.7221
FC-002913,UP,UP-Western,Pulses,Kharif,0.41,Alluvial,1031.6,Rainfed,44074,0,0,58.3,40000,6048,0.3407
FC-002914,MP,MP-Chambal,Wheat,Rabi,2.02,Black,924.0,Tubewell,172580,2,0,88.6,123054,6117,0.2314
FC-002915,GJ,GJ-Saurashtra,Groundnut,Rabi,0.44,Black,708.1,Tubewell,67645,2,0,76.4,40000,66859,0.6416
FC-002916,KA,KA-North,Mustard,Rabi,0.78,Red,1070.2,Rainfed,72739,3,0,71.6,40000,12663,0.2717
FC-002917,MH,MH-Western,Rice,Kharif,1.1,Black,838.0,Tubewell,92787,1,0,27.7,54519,0,0.527
FC-002918,BR,BR-Gangetic,Wheat,Rabi,2.73,Alluvial,935.2,Rainfed,206632,2,0,73.4,251543,0,0.155
FC-002919,BR,BR-South,Rice,Kharif,0.25,Alluvial,935.1,Drip,54569,4,0,75.6,40000,12546,0.5517
FC-002920,UP,UP-Central,Pulses,Kharif,0.95,Alluvial,1212.6,Rainfed,65681,3,0,77.4,40000,0,0.1573
FC-002921,MP,MP-Chambal,Rice,Rabi,0.93,ClayLoam,1002.2,Canal,58215,2,0,56.0,59454,7811,0.1454
FC-002922,PB,PB-Majha,Rice,Rabi,0.38,Alluvial,590.6,Drip,55549,1,0,61.1,40000,29012,0.4542
FC-002923,MH,MH-Konkan,Pulses,Rabi,1.63,Black,944.7,Tubewell,134235,4,0,84.8,46658,34377,0.6223
FC-002924,HR,HR-South,Sugarcane,Rabi,1.87,Alluvial,486.8,Rainfed,222985,4,0,74.0,213613,22098,0.3375
FC-002925,GJ,GJ-South,Pulses,Kharif,1.77,Red,597.6,Tubewell,123827,2,0,65.1,55125,31992,0.5791
FC-002926,TN,TN-North,Rice,Rabi,1.52,Red,811.3,Tubewell,131287,3,0,65.8,91799,53651,0.5267
FC-002927,KA,KA-South,Sugarcane,Kharif,1.5,Black,282.3,Tubewell,98873,2,0,64.3,133833,6228,0.2631
FC-002928,UP,UP-Western,Pulses,Rabi,0.23,Alluvial,830.5,Canal,33074,2,0,100.0,40000,7525,0.155
FC-002929,KA,KA-Central,Sugarcane,Kharif,1.07,Red,607.3,Canal,80192,4,0,65.2,144032,207949,0.4588
FC-002930,KA,KA-South,Cotton,Kharif,3.49,Alluvial,632.4,Tubewell,216130,2,0,39.0,229617,85186,0.4821
FC-002931,PB,PB-Doaba,Wheat,Rabi,1.71,Alluvial,459.2,Canal,146439,2,0,82.1,144662,17470,0.2267
FC-002932,HR,HR-West,Rice,Rabi,0.8,Alluvial,410.2,Rainfed,67319,5,0,55.9,52000,12955,0.5263
FC-002933,PB,PB-Majha,Rice,Rabi,0.24,Alluvial,914.3,Rainfed,39424,2,0,66.4,40000,26613,0.4729
FC-002934,MH,MH-Western,Wheat,Rabi,5.11,Black,709.7,Tubewell,465881,1,0,89.2,295921,109112,0.4524
FC-002935,MH,MH-Vidarbha,Soybean,Kharif,0.9,Alluvial,607.6,Rainfed,102506,1,0,70.1,40000,16965,0.7031
FC-002936,UP,UP-Western,Maize,Rabi,1.86,ClayLoam,945.6,Rainfed,113030,6,0,74.6,81799,33504,0.3286
FC-002937,UP,UP-Western,Groundnut,Rabi,2.21,Alluvial,1102.3,Rainfed,164270,3,0,94.9,167856,41413,0.1392
FC-002938,UP,UP-Eastern,Wheat,Rabi,0.44,Alluvial,1340.1,Rainfed,40479,1,0,71.0,40000,0,0.177
FC-002939,UP,UP-Western,Wheat,Rabi,1.08,Black,971.6,Canal,115271,3,0,98.2,52907,0,0.3819
FC-002940,PB,PB-Majha,Rice,Rabi,0.5,ClayLoam,533.5,Rainfed,59860,1,1,49.2,40000,27402,0.7821
FC-002941,RJ,RJ-Marwar,Millet,Kharif,1.69,Alluvial,389.6,Drip,94540,1,0,98.0,40777,5421,0.2843
FC-002942,MH,MH-Konkan,Soybean,Kharif,0.68,Black,1031.5,Canal,46240,4,0,64.7,40000,41903,0.2591
FC-002943,KA,KA-Coastal,Soybean,Kharif,7.99,Black,957.3,Tubewell,607645,5,0,80.5,334779,31722,0.3573
FC-002944,AP,AP-Rayalaseema,Sugarcane,Rabi,3.01,Black,1134.0,Rainfed,328368,3,0,75.3,367322,16394,0.1943
FC-002945,HR,HR-South,Rice,Kharif,1.43,Alluvial,357.4,Rainfed,102563,3,0,46.2,90579,55215,0.6616
FC-002946,UP,UP-Eastern,Rice,Kharif,1.65,Alluvial,1089.5,Canal,136706,2,0,82.4,58003,0,0.3393
FC-002947,KA,KA-Central,Soybean,Kharif,1.65,Black,1429.4,Canal,81587,4,0,82.9,56824,30623,0.4291
FC-002948,TG,TG-South,Groundnut,Kharif,0.56,Sandy,1152.5,Rainfed,46539,2,0,90.0,58787,0,0.2441
FC-002949,BR,BR-North,Sugarcane,Kharif,0.55,Alluvial,1110.1,Canal,92885,2,0,87.1,78579,0,0.3773
FC-002950,MP,MP-Mahakoshal,Pulses,Rabi,1.6,ClayLoam,1147.2,Tubewell,153204,2,0,82.5,49753,0,0.5395
FC-002951,UP,UP-Bundelkhand,Maize,Rabi,0.43,Alluvial,755.4,Tubewell,48329,6,0,79.0,40000,11291,0.3608
FC-002952,PB,PB-Malwa,Rice,Kharif,2.1,Alluvial,710.0,Tubewell,128223,4,0,66.6,130054,141335,0.4058
FC-002953,MH,MH-Marathwada,Rice,Kharif,3.4,Black,824.0,Rainfed,351987,5,0,92.4,307726,28642,0.3749
FC-002954,MP,MP-Malwa,Wheat,Rabi,2.02,Laterite,906.1,Canal,199355,5,0,53.1,102306,12791,0.5794
FC-002955,UP,UP-Western,Maize,Kharif,1.12,Alluvial,1289.9,Rainfed,110634,4,1,52.2,49228,46614,0.7813
FC-002956,PB,PB-Malwa,Cotton,Kharif,1.69,Alluvial,739.0,Rainfed,149796,2,0,57.0,59245,237392,0.7316
FC-002957,RJ,RJ-Mewar,Wheat,Rabi,0.56,Alluvial,250.0,Drip,81749,2,0,72.1,40000,17241,0.6484
FC-002958,MP,MP-Chambal,Cotton,Kharif,1.03,Black,995.8,Drip,97837,2,0,58.4,90690,0,0.205
FC-002959,BR,BR-Gangetic,Wheat,Rabi,0.94,Alluvial,1465.1,Drip,95266,0,0,75.1,56314,151298,0.7313
FC-002960,MP,MP-Bundelkhand,Maize,Rabi,0.85,ClayLoam,640.2,Canal,81479,4,0,73.0,40000,10737,0.4678
FC-002961,TN,TN-West,Groundnut,Kharif,2.15,Laterite,929.9,Tubewell,167338,2,0,95.5,88209,26804,0.3497
FC-002962,MH,MH-Konkan,Groundnut,Rabi,0.87,Laterite,827.8,Canal,105258,2,0,73.9,58830,41493,0.4778
FC-002963,AP,AP-Upland,Rice,Rabi,0.32,Red,1020.0,Canal,61859,2,0,80.7,40000,13286,0.5156
FC-002964,AP,AP-Upland,Rice,Rabi,0.36,Sandy,1211.5,Rainfed,36592,3,0,89.7,40000,20694,0.1921
FC-002965,PB,PB-Malwa,Rice,Kharif,0.58,Sandy,669.2,Tubewell,50131,3,0,93.3,44144,25423,0.314
FC-002966,KA,KA-South,Groundnut,Rabi,0.39,ClayLoam,1345.3,Rainfed,45762,5,0,78.5,40000,4591,0.303
FC-002967,GJ,GJ-Saurashtra,Wheat,Rabi,1.4,Alluvial,928.3,Rainfed,122310,4,0,51.7,82441,7457,0.2805
FC-002968,MH,MH-Western,Wheat,Rabi,0.81,Red,886.6,Tubewell,53717,3,0,100.0,40000,36090,0.2879
FC-002969,PB,PB-Doaba,Wheat,Rabi,3.28,Alluvial,528.3,Tubewell,159948,2,0,95.8,202887,25505,0.1466
FC-002970,BR,BR-Gangetic,Rice,Kharif,1.01,ClayLoam,1024.0,Rainfed,60748,2,0,74.5,52644,23171,0.525
FC-002971,MH,MH-Marathwada,Rice,Rabi,1.25,Black,1371.5,Rainfed,108505,1,0,74.4,91458,10005,0.4083
FC-002972,MP,MP-Chambal,Wheat,Rabi,0.74,Black,1053.6,Canal,74059,1,0,86.4,46710,9526,0.2673
FC-002973,HR,HR-West,Mustard,Rabi,1.22,ClayLoam,547.4,Tubewell,94995,1,0,80.5,63291,99463,0.5547
FC-002974,KA,KA-South,Cotton,Kharif,2.03,ClayLoam,552.1,Tubewell,161988,5,0,87.6,71090,40544,0.5577
FC-002975,MP,MP-Malwa,Wheat,Rabi,2.09,Red,1018.8,Tubewell,142269,1,0,68.2,84136,0,0.242
FC-002976,UP,UP-Eastern,Rice,Kharif,0.52,Alluvial,1109.4,Rainfed,65953,1,0,98.1,40000,24463,0.3356
FC-002977,UP,UP-Western,Mustard,Rabi,0.92,Alluvial,805.7,Rainfed,80631,3,0,68.3,47924,24190,0.5332
FC-002978,KA,KA-Central,Cotton,Kharif,2.16,Black,692.8,Drip,118462,4,0,82.8,102052,16539,0.2911
FC-002979,MH,MH-Marathwada,Soybean,Kharif,2.32,Red,949.4,Canal,110994,1,0,76.6,60656,23466,0.3023
FC-002980,AP,AP-Coastal,Groundnut,Rabi,0.78,Alluvial,832.6,Tubewell,100897,0,0,76.3,40000,181174,0.7454
FC-002981,MH,MH-Marathwada,Sugarcane,Kharif,2.48,Alluvial,1028.5,Rainfed,195677,1,0,72.9,369270,66879,0.2131
FC-002982,MH,MH-Konkan,Groundnut,Rabi,0.41,Red,834.7,Rainfed,68521,2,0,74.9,40000,80993,0.8825
FC-002983,MP,MP-Mahakoshal,Mustard,Rabi,1.43,ClayLoam,995.5,Canal,76467,3,0,59.1,60211,56748,0.4791
FC-002984,MP,MP-Chambal,Cotton,Kharif,0.35,Alluvial,1378.7,Rainfed,38747,1,0,77.6,40000,0,0.187
FC-002985,TG,TG-South,Pulses,Rabi,3.63,Alluvial,993.1,Tubewell,205892,2,0,98.7,53271,26101,0.6079
FC-002986,AP,AP-Upland,Rice,Kharif,0.79,Sandy,1140.1,Rainfed,103639,4,0,99.5,52669,8609,0.5007
FC-002987,KA,KA-North,Maize,Rabi,0.53,Red,1188.6,Rainfed,76715,2,0,65.2,40000,6552,0.4513
FC-002988,AP,AP-Coastal,Cotton,Kharif,0.43,ClayLoam,989.6,Drip,54554,2,1,42.8,40000,152148,0.8826
FC-002989,BR,BR-North,Mustard,Rabi,0.97,ClayLoam,1233.9,Canal,90155,3,0,77.2,40000,1533,0.4689
FC-002990,KA,KA-Coastal,Rice,Kharif,0.28,Alluvial,1151.7,Tubewell,44253,3,0,56.2,40000,35684,0.5575
FC-002991,BR,BR-South,Pulses,Kharif,0.53,Alluvial,1073.1,Drip,49385,2,1,44.9,40000,75919,0.8705
FC-002992,MP,MP-Chambal,Cotton,Kharif,0.6,Black,827.0,Rainfed,46083,4,0,85.7,43753,53961,0.5134
FC-002993,RJ,RJ-Marwar,Wheat,Rabi,0.41,Sandy,480.7,Rainfed,53152,2,0,92.7,40000,24463,0.2326
FC-002994,MP,MP-Bundelkhand,Rice,Rabi,0.74,Alluvial,955.9,Tubewell,93761,0,0,75.2,40000,27708,0.6069
FC-002995,TN,TN-North,Rice,Rabi,5.54,Red,1006.2,Canal,328390,1,0,64.0,218934,56243,0.3543
FC-002996,MH,MH-Marathwada,Sugarcane,Kharif,0.66,Black,1165.9,Canal,86400,1,0,90.7,163291,40594,0.1627
FC-002997,MP,MP-Malwa,Pulses,Rabi,1.25,Alluvial,1006.0,Rainfed,115629,2,0,94.7,40000,4910,0.5306
FC-002998,RJ,RJ-Hadoti,Millet,Kharif,2.29,Red,730.4,Canal,148056,2,0,65.0,40000,97562,0.6082
FC-002999,MP,MP-Malwa,Rice,Kharif,0.4,Alluvial,847.5,Tubewell,42153,2,0,77.5,40000,24708,0.3688
FC-003000,TG,TG-Central,Cotton,Kharif,1.11,Alluvial,1028.1,Rainfed,113054,3,0,89.0,80022,18487,0.1871
FC-003001,TN,TN-North,Millet,Kharif,1.71,Laterite,913.3,Canal,85465,0,0,81.2,40000,11440,0.5383
FC-003002,UP,UP-Central,Wheat,Rabi,0.93,Alluvial,942.8,Rainfed,87112,0,0,99.6,40000,103705,0.8052
FC-003003,MH,MH-Konkan,Maize,Kharif,3.8,Black,865.0,Drip,243337,4,0,77.6,162072,4923,0.15
FC-003004,UP,UP-Central,Mustard,Rabi,0.96,Alluvial,873.5,Drip,84139,0,0,99.4,48955,19336,0.2813
FC-003005,UP,UP-Central,Pulses,Kharif,1.43,Alluvial,1205.2,Canal,110184,2,0,74.8,40000,0,0.4926
FC-003006,TN,TN-West,Pulses,Kharif,1.16,Laterite,557.5,Rainfed,92036,1,0,57.5,40000,19934,0.6634
FC-003007,AP,AP-Rayalaseema,Rice,Kharif,0.32,Black,944.4,Canal,68830,2,0,74.5,40000,0,0.3941
FC-003008,UP,UP-Western,Pulses,Kharif,1.09,Alluvial,855.4,Tubewell,119320,5,1,39.1,41293,49261,0.8418
FC-003009,GJ,GJ-Saurashtra,Groundnut,Kharif,1.79,Black,781.8,Canal,137307,0,0,100.0,113045,13815,0.3169
FC-003010,KA,KA-Central,Rice,Rabi,0.74,Red,1522.4,Tubewell,96314,1,0,64.1,40000,0,0.436
FC-003011,AP,AP-Coastal,Cotton,Kharif,1.65,ClayLoam,999.4,Rainfed,115256,4,0,67.8,124813,97274,0.5398
FC-003012,KA,KA-North,Sugarcane,Kharif,1.24,Laterite,936.4,Tubewell,102046,1,0,64.7,167411,95317,0.2547
FC-003013,MH,MH-Western,Cotton,Kharif,7.85,Black,793.4,Drip,450146,2,0,93.0,547522,0,0.2136
FC-003014,UP,UP-Western,Sugarcane,Rabi,3.41,ClayLoam,927.7,Canal,332004,0,0,71.8,508309,10362,0.129
FC-003015,MP,MP-Chambal,Wheat,Rabi,1.93,ClayLoam,972.7,Tubewell,126740,2,0,60.0,114436,9649,0.313
FC-003016,KA,KA-Central,Millet,Kharif,0.21,Black,1189.1,Rainfed,32249,2,0,100.0,40000,7433,0.1502
FC-003017,TG,TG-South,Rice,Rabi,1.86,Black,766.2,Tubewell,192051,2,0,80.0,131709,46589,0.3143
FC-003018,HR,HR-East,Rice,Rabi,2.27,ClayLoam,597.3,Rainfed,206769,2,0,61.3,140397,54718,0.4891
FC-003019,KA,KA-North,Mustard,Rabi,1.89,Sandy,1096.7,Drip,142970,2,0,66.4,95294,94178,0.3908
FC-003020,HR,HR-East,Rice,Rabi,0.6,Alluvial,505.5,Rainfed,66295,2,0,63.2,40000,0,0.5479
FC-003021,RJ,RJ-Hadoti,Mustard,Rabi,3.65,Sandy,318.5,Rainfed,304024,0,0,77.4,219390,12038,0.2285
FC-003022,HR,HR-East,Sugarcane,Rabi,0.33,Alluvial,689.6,Canal,73172,3,0,62.7,62836,0,0.3562
FC-003023,PB,PB-Majha,Rice,Kharif,0.83,Alluvial,788.2,Tubewell,69783,2,0,61.3,49670,28702,0.3646
FC-003024,PB,PB-Doaba,Rice,Kharif,0.86,Alluvial,660.1,Tubewell,116444,3,0,73.7,75962,138508,0.7024
FC-003025,RJ,RJ-Mewar,Millet,Kharif,1.17,ClayLoam,250.0,Rainfed,110577,3,1,50.2,40000,7937,0.8747
FC-003026,HR,HR-West,Wheat,Rabi,2.8,Alluvial,479.5,Canal,146864,4,0,65.8,178473,226270,0.328
FC-003027,HR,HR-East,Mustard,Rabi,0.59,Alluvial,385.4,Rainfed,46943,3,0,92.9,40000,0,0.2511
FC-003028,GJ,GJ-North,Wheat,Rabi,0.76,Alluvial,1021.5,Drip,86750,5,0,86.4,62450,8755,0.3427
FC-003029,AP,AP-Rayalaseema,Pulses,Rabi,1.8,Black,871.7,Rainfed,146607,4,0,89.7,66694,54006,0.5561
FC-003030,AP,AP-Upland,Pulses,Rabi,1.22,Red,993.0,Canal,72443,4,1,33.2,40000,122578,0.9239
FC-003031,TG,TG-Central,Soybean,Kharif,1.1,ClayLoam,418.4,Rainfed,119918,4,0,71.5,40000,27672,0.9243
FC-003032,TN,TN-North,Sugarcane,Rabi,1.38,Red,665.4,Tubewell,109588,2,0,79.6,228715,31791,0.1798
FC-003033,GJ,GJ-Saurashtra,Wheat,Rabi,0.31,Sandy,630.7,Canal,57432,3,0,59.9,40000,5483,0.5086
FC-003034,AP,AP-Rayalaseema,Pulses,Rabi,0.82,ClayLoam,1360.5,Canal,101421,2,0,75.2,40000,26069,0.6791
FC-003035,RJ,RJ-Mewar,Mustard,Rabi,1.02,Sandy,401.0,Tubewell,75024,1,0,80.3,40000,0,0.3132
FC-003036,UP,UP-Western,Rice,Rabi,1.24,Alluvial,1109.0,Canal,135611,3,0,65.8,86594,98725,0.6344
FC-003037,GJ,GJ-South,Maize,Kharif,0.41,ClayLoam,470.6,Rainfed,47902,3,0,73.2,40000,7200,0.4772
FC-003038,MP,MP-Mahakoshal,Pulses,Kharif,0.37,Red,873.8,Tubewell,39113,1,0,68.0,40000,88520,0.6749
FC-003039,TG,TG-North,Groundnut,Kharif,1.31,Red,1380.5,Drip,133967,1,0,55.1,89946,71108,0.4571
FC-003040,AP,AP-Coastal,Rice,Rabi,2.96,Black,909.5,Tubewell,256681,1,0,79.7,234576,101154,0.2961
FC-003041,UP,UP-Eastern,Sugarcane,Kharif,0.58,Sandy,857.4,Rainfed,62071,4,0,87.5,78124,27684,0.2741
FC-003042,AP,AP-Rayalaseema,Cotton,Kharif,2.2,Red,804.3,Tubewell,181465,6,0,87.5,104878,0,0.2812
FC-003043,UP,UP-Bundelkhand,Wheat,Rabi,1.13,Black,1145.5,Rainfed,94358,2,0,71.2,89100,67171,0.2756
FC-003044,MH,MH-Vidarbha,Rice,Kharif,1.04,Laterite,1198.9,Tubewell,116528,2,0,78.1,44633,6946,0.3619
FC-003045,UP,UP-Bundelkhand,Wheat,Rabi,1.46,ClayLoam,947.6,Rainfed,120905,2,0,84.9,84147,0,0.2047
FC-003046,TN,TN-South,Groundnut,Rabi,1.07,Red,838.8,Tubewell,76660,4,0,72.1,53581,27035,0.3985
FC-003047,RJ,RJ-Hadoti,Mustard,Rabi,0.2,Sandy,509.1,Canal,49181,4,0,86.0,40000,30933,0.6203
FC-003048,KA,KA-Central,Pulses,Kharif,6.19,Red,1523.3,Canal,358048,3,0,71.9,183074,15012,0.4778
FC-003049,MH,MH-Vidarbha,Wheat,Rabi,0.5,Sandy,982.4,Rainfed,63637,0,1,70.0,40000,121490,0.9049
FC-003050,GJ,GJ-Central,Soybean,Kharif,1.03,Sandy,542.0,Canal,81996,1,0,84.9,40000,12509,0.4914
FC-003051,MP,MP-Bundelkhand,Mustard,Rabi,1.21,Alluvial,1213.7,Canal,75630,2,0,58.9,55547,15778,0.2606
FC-003052,MH,MH-Western,Maize,Kharif,1.08,Alluvial,250.0,Rainfed,70546,4,1,39.4,40000,83176,0.9487
FC-003053,UP,UP-Central,Cotton,Kharif,5.06,ClayLoam,970.9,Tubewell,291136,4,0,87.2,548654,2798,0.1197
FC-003054,MP,MP-Bundelkhand,Soybean,Kharif,1.93,Black,1081.9,Rainfed,129248,0,0,70.8,76821,9047,0.2689
FC-003055,TN,TN-West,Rice,Rabi,3.2,Laterite,726.0,Tubewell,237185,2,0,100.0,142566,0,0.3162
FC-003056,MP,MP-Malwa,Rice,Kharif,0.69,Red,1143.4,Tubewell,58979,3,1,57.3,40000,146956,0.8445
FC-003057,AP,AP-Coastal,Rice,Kharif,1.81,Alluvial,671.0,Tubewell,149978,3,0,78.5,87404,26649,0.5221
FC-003058,RJ,RJ-Mewar,Mustard,Rabi,0.71,Sandy,475.3,Drip,47739,2,0,76.7,40000,49022,0.5142
FC-003059,TG,TG-North,Groundnut,Kharif,0.69,Red,830.2,Tubewell,74832,3,0,85.1,40000,13367,0.4218
FC-003060,KA,KA-Coastal,Millet,Kharif,0.35,Red,647.5,Drip,58975,4,0,84.4,40000,43549,0.5901
FC-003061,HR,HR-West,Wheat,Rabi,0.2,Sandy,558.7,Canal,54470,5,0,96.0,40000,30391,0.4838
FC-003062,MP,MP-Malwa,Wheat,Rabi,1.39,Red,1183.4,Rainfed,122801,2,0,68.3,69083,55664,0.3146
FC-003063,TN,TN-Delta,Cotton,Kharif,0.54,Alluvial,948.4,Rainfed,81165,0,0,47.7,40000,11657,0.6504
FC-003064,UP,UP-Western,Sugarcane,Rabi,0.37,ClayLoam,1278.1,Rainfed,86413,1,0,59.1,74079,39116,0.6311
FC-003065,UP,UP-Western,Rice,Rabi,2.22,ClayLoam,1081.9,Rainfed,215735,4,0,73.0,129635,158794,0.5734
FC-003066,KA,KA-South,Pulses,Kharif,2.99,Black,1170.5,Tubewell,232511,1,0,57.5,67281,0,0.5479
FC-003067,HR,HR-South,Sugarcane,Rabi,1.49,Sandy,500.3,Canal,153064,1,0,91.9,249959,15276,0.2204
FC-003068,TN,TN-Delta,Cotton,Kharif,2.18,Laterite,1004.6,Rainfed,127684,1,0,79.2,110710,9124,0.2343
FC-003069,MP,MP-Malwa,Maize,Kharif,0.79,Black,822.8,Tubewell,89543,2,0,92.9,40000,0,0.292
FC-003070,UP,UP-Central,Rice,Rabi,0.37,Alluvial,994.2,Tubewell,63754,3,0,61.1,40000,0,0.3483
FC-003071,TG,TG-Central,Millet,Kharif,6.88,Black,523.0,Drip,512083,1,0,54.8,116875,66420,0.8053
FC-003072,MP,MP-Chambal,Wheat,Rabi,1.15,Red,1149.2,Canal,114599,0,0,88.8,57055,14497,0.3638
FC-003073,TN,TN-North,Cotton,Kharif,0.26,Laterite,778.9,Drip,65290,2,1,13.2,40000,36830,0.8432
FC-003074,KA,KA-North,Cotton,Kharif,2.3,Red,1288.6,Canal,193949,1,0,67.1,137015,400000,0.7476
FC-003075,AP,AP-Rayalaseema,Groundnut,Kharif,0.88,Sandy,923.3,Canal,78572,3,0,100.0,62030,12334,0.1494
FC-003076,TN,TN-North,Groundnut,Kharif,0.74,Red,734.4,Rainfed,82149,3,0,84.1,40000,25590,0.739
FC-003077,KA,KA-Central,Mustard,Rabi,0.59,Alluvial,1023.5,Canal,65812,3,0,74.7,40000,36066,0.4615
FC-003078,MH,MH-Marathwada,Maize,Kharif,0.7,Black,828.3,Rainfed,63853,2,0,100.0,40000,3523,0.3352
FC-003079,GJ,GJ-South,Mustard,Rabi,1.61,Black,670.4,Drip,164370,2,0,60.5,82873,7851,0.3863
FC-003080,BR,BR-Gangetic,Rice,Kharif,0.61,Alluvial,1027.0,Canal,84633,1,0,98.1,40000,61057,0.6893
FC-003081,MH,MH-Western,Groundnut,Kharif,3.37,Laterite,913.1,Rainfed,294451,2,0,100.0,150526,15451,0.1578
FC-003082,BR,BR-North,Maize,Rabi,0.3,Alluvial,1527.9,Canal,54255,0,0,81.6,40000,27034,0.4099
FC-003083,UP,UP-Bundelkhand,Wheat,Rabi,0.9,ClayLoam,1046.8,Rainfed,116454,2,0,83.8,59790,0,0.3052
FC-003084,MP,MP-Malwa,Pulses,Kharif,0.44,Alluvial,994.3,Canal,45706,1,0,55.4,40000,47604,0.604
FC-003085,AP,AP-Rayalaseema,Pulses,Kharif,1.01,ClayLoam,1008.0,Canal,90348,4,0,93.8,40000,28200,0.6421
FC-003086,AP,AP-Coastal,Rice,Kharif,1.19,Black,485.4,Rainfed,74523,1,0,77.6,43213,0,0.6589
FC-003087,PB,PB-Majha,Wheat,Rabi,0.2,Alluvial,738.3,Canal,31963,4,0,60.4,40000,28734,0.3264
FC-003088,BR,BR-South,Pulses,Rabi,0.92,Alluvial,953.6,Rainfed,109114,2,0,67.5,40000,0,0.575
FC-003089,AP,AP-Coastal,Rice,Kharif,0.63,Red,711.2,Canal,56917,3,0,49.1,40000,50413,0.5008
FC-003090,MP,MP-Malwa,Wheat,Rabi,1.98,Laterite,845.4,Tubewell,140080,1,0,81.7,108743,1529,0.4523
FC-003091,AP,AP-Rayalaseema,Pulses,Rabi,4.1,Red,1101.0,Rainfed,286212,0,0,64.6,98606,53365,0.6563
FC-003092,TN,TN-North,Cotton,Kharif,1.58,Alluvial,851.7,Rainfed,140477,2,0,62.6,84774,26741,0.5143
FC-003093,UP,UP-Central,Wheat,Rabi,0.58,Sandy,945.4,Tubewell,50321,3,0,78.3,41502,102039,0.6523
FC-003094,MP,MP-Bundelkhand,Wheat,Rabi,1.83,Black,529.1,Drip,115206,1,0,67.2,65456,38659,0.4941
FC-003095,HR,HR-South,Mustard,Rabi,1.76,Alluvial,687.5,Drip,94031,1,0,60.6,73404,2143,0.1804
FC-003096,UP,UP-Central,Groundnut,Kharif,0.65,Alluvial,1064.0,Tubewell,82361,7,1,73.5,64812,400000,0.8538
FC-003097,BR,BR-North,Rice,Kharif,1.46,Sandy,1262.5,Rainfed,147707,3,0,85.6,78793,35901,0.402
FC-003098,BR,BR-Gangetic,Wheat,Rabi,2.03,Alluvial,1080.8,Tubewell,190063,1,0,93.4,112089,63432,0.5278
FC-003099,MP,MP-Malwa,Pulses,Kharif,1.25,Red,723.2,Drip,99638,1,0,45.3,52128,91786,0.8417
FC-003100,UP,UP-Eastern,Wheat,Rabi,3.06,Alluvial,988.0,Rainfed,249747,6,0,78.1,166002,23198,0.2201
FC-003101,UP,UP-Western,Sugarcane,Kharif,1.97,Alluvial,865.1,Drip,217551,1,0,88.0,227963,32189,0.1418
FC-003102,MP,MP-Mahakoshal,Pulses,Rabi,0.29,Red,810.5,Rainfed,67290,0,1,37.8,40000,54124,0.8203
FC-003103,BR,BR-Gangetic,Rice,Kharif,1.38,Alluvial,1310.1,Canal,113325,2,0,72.0,144028,137952,0.229
FC-003104,UP,UP-Central,Sugarcane,Kharif,1.11,Alluvial,987.0,Rainfed,89814,5,0,85.4,178864,57398,0.2067
FC-003105,GJ,GJ-Central,Cotton,Kharif,2.38,Alluvial,869.4,Drip,166481,0,0,100.0,190487,110928,0.1631
FC-003106,UP,UP-Bundelkhand,Wheat,Rabi,0.58,Alluvial,846.6,Rainfed,43571,3,0,77.6,43751,0,0.3274
FC-003107,GJ,GJ-South,Rice,Kharif,2.12,Sandy,250.0,Tubewell,194750,2,0,78.6,70273,0,0.7049
FC-003108,RJ,RJ-Hadoti,Wheat,Rabi,3.3,ClayLoam,472.7,Tubewell,203485,0,0,60.8,308124,35874,0.1176
FC-003109,HR,HR-West,Wheat,Rabi,2.84,Sandy,370.8,Rainfed,195839,3,0,77.2,131405,6050,0.4359
FC-003110,PB,PB-Doaba,Wheat,Rabi,3.59,Sandy,608.8,Canal,323789,1,0,84.2,216457,29390,0.2994
FC-003111,KA,KA-Central,Maize,Kharif,1.93,Red,1463.3,Rainfed,132907,5,0,72.6,91958,3849,0.2751
FC-003112,RJ,RJ-Marwar,Wheat,Rabi,1.06,Alluvial,443.6,Tubewell,86548,1,0,77.5,91742,0,0.1236
FC-003113,BR,BR-South,Pulses,Kharif,0.56,Alluvial,1234.1,Drip,59102,4,0,78.2,40000,0,0.4831
FC-003114,TN,TN-Delta,Cotton,Kharif,0.72,Red,495.6,Tubewell,65778,5,0,45.0,40000,8100,0.5424
FC-003115,BR,BR-North,Rice,Rabi,0.71,ClayLoam,1295.1,Rainfed,92848,2,0,88.7,40000,23084,0.6897
FC-003116,MP,MP-Bundelkhand,Groundnut,Kharif,0.94,Black,1064.9,Rainfed,65277,1,0,99.2,66630,22379,0.3072
FC-003117,MH,MH-Konkan,Wheat,Rabi,4.43,Laterite,816.5,Canal,245759,1,0,40.4,218495,0,0.2355
FC-003118,BR,BR-Gangetic,Rice,Rabi,0.3,Laterite,1201.5,Rainfed,61655,1,0,90.2,40000,133954,0.821
FC-003119,HR,HR-East,Rice,Kharif,1.15,Alluvial,859.8,Tubewell,65741,0,0,70.4,55218,19457,0.3278
FC-003120,KA,KA-South,Rice,Kharif,1.61,ClayLoam,1452.7,Rainfed,133476,2,0,93.8,117660,45368,0.1693
FC-003121,UP,UP-Eastern,Sugarcane,Kharif,0.63,Alluvial,1172.2,Tubewell,100943,3,0,76.0,104159,4033,0.1725
FC-003122,GJ,GJ-Saurashtra,Millet,Kharif,0.43,ClayLoam,1053.0,Canal,49066,2,0,71.1,40000,7692,0.2545
FC-003123,PB,PB-Majha,Rice,Rabi,1.19,Alluvial,779.5,Canal,71886,2,0,100.0,81444,3537,0.0909
FC-003124,MH,MH-Western,Sugarcane,Rabi,1.23,Laterite,694.1,Rainfed,174496,3,0,91.1,179225,58996,0.3564
FC-003125,KA,KA-Central,Rice,Rabi,1.4,Red,1049.8,Tubewell,137417,2,1,21.4,40295,49691,0.8744
FC-003126,MP,MP-Chambal,Wheat,Rabi,0.59,Alluvial,931.2,Tubewell,71082,0,0,77.2,61614,0,0.1737
FC-003127,AP,AP-Rayalaseema,Millet,Kharif,1.14,Black,1224.5,Canal,97626,1,1,56.6,40000,108878,0.8381
FC-003128,UP,UP-Western,Maize,Kharif,2.44,Alluvial,559.3,Canal,227121,3,0,81.7,110424,20238,0.4564
FC-003129,MH,MH-Vidarbha,Maize,Rabi,0.68,Black,1247.6,Rainfed,89792,4,0,80.2,40000,96176,0.8007
FC-003130,MH,MH-Western,Maize,Rabi,1.78,Red,1046.3,Drip,117832,5,0,70.3,40000,12795,0.6651
FC-003131,TG,TG-North,Rice,Kharif,2.61,ClayLoam,790.5,Tubewell,191588,0,0,58.4,235058,60494,0.406
FC-003132,GJ,GJ-Central,Wheat,Rabi,3.44,Alluvial,810.1,Canal,284467,5,0,97.3,228600,87995,0.146
FC-003133,MH,MH-Western,Wheat,Rabi,4.22,Black,730.4,Rainfed,354559,1,0,62.4,194386,8799,0.4918
FC-003134,HR,HR-South,Maize,Kharif,1.14,Alluvial,565.2,Tubewell,118545,3,0,72.8,47733,0,0.4964
FC-003135,BR,BR-Gangetic,Rice,Rabi,5.77,Alluvial,1078.6,Tubewell,296837,4,0,79.8,367940,31943,0.1575
FC-003136,HR,HR-South,Wheat,Rabi,0.86,Alluvial,501.2,Canal,85794,0,0,98.9,40000,0,0.247
FC-003137,TN,TN-West,Pulses,Rabi,4.93,Alluvial,697.3,Canal,246704,1,0,68.1,202678,79680,0.3068
FC-003138,BR,BR-South,Rice,Rabi,0.77,Alluvial,1368.1,Canal,76939,1,0,63.9,49310,37749,0.4821
FC-003139,AP,AP-Coastal,Pulses,Kharif,0.5,Alluvial,902.0,Drip,56091,1,0,61.9,40000,38191,0.6083
FC-003140,TG,TG-North,Pulses,Kharif,0.31,Red,982.0,Tubewell,70787,4,1,46.0,40000,53331,0.8461
FC-003141,RJ,RJ-Mewar,Mustard,Rabi,2.72,Alluvial,268.8,Canal,198505,3,0,93.0,119008,18251,0.1529
FC-003142,MP,MP-Bundelkhand,Maize,Kharif,2.06,Red,1045.2,Rainfed,121871,0,0,74.1,100096,151008,0.5855
FC-003143,TG,TG-Central,Maize,Rabi,2.18,Black,881.7,Rainfed,158513,3,0,64.9,139179,58031,0.3433
FC-003144,MP,MP-Bundelkhand,Mustard,Rabi,0.9,Red,1016.5,Canal,82277,3,0,70.3,59565,7799,0.3802
FC-003145,BR,BR-North,Wheat,Rabi,0.8,Alluvial,806.0,Tubewell,61439,1,0,93.2,40000,9010,0.3778
FC-003146,RJ,RJ-Mewar,Millet,Kharif,1.23,Sandy,665.9,Rainfed,100829,1,0,100.0,40000,28800,0.5008
FC-003147,TN,TN-North,Soybean,Kharif,8.59,Sandy,888.5,Rainfed,644765,2,0,88.6,263229,16283,0.5798
FC-003148,MP,MP-Malwa,Wheat,Rabi,0.29,Black,1089.7,Canal,59187,4,0,54.8,40000,21597,0.5614
FC-003149,RJ,RJ-Hadoti,Millet,Kharif,1.91,Red,470.5,Tubewell,167122,2,1,32.8,42790,0,0.8736
FC-003150,MP,MP-Chambal,Soybean,Kharif,1.58,Black,885.3,Tubewell,128861,0,0,77.8,101520,46321,0.3328
FC-003151,PB,PB-Malwa,Rice,Rabi,3.61,Alluvial,774.3,Tubewell,283215,0,0,79.0,212388,86383,0.4069
FC-003152,BR,BR-North,Rice,Rabi,0.24,Alluvial,1268.3,Drip,58098,4,1,28.6,40000,153427,0.8753
FC-003153,GJ,GJ-North,Cotton,Kharif,1.27,Alluvial,286.9,Tubewell,137740,6,1,56.6,57716,265411,0.9176
FC-003154,UP,UP-Western,Mustard,Rabi,0.46,Alluvial,927.3,Canal,57211,4,0,87.5,40000,24263,0.467
FC-003155,MH,MH-Marathwada,Wheat,Rabi,0.73,Red,1197.4,Canal,87711,3,0,55.0,40432,23314,0.6119
FC-003156,UP,UP-Central,Sugarcane,Rabi,1.63,Sandy,867.1,Rainfed,237959,1,0,80.3,298838,13686,0.4349
FC-003157,MP,MP-Malwa,Wheat,Rabi,0.3,Red,866.5,Rainfed,50198,0,0,91.9,40000,0,0.4321
FC-003158,TN,TN-South,Rice,Rabi,1.52,Laterite,640.8,Canal,90834,2,0,78.7,69788,0,0.2997
FC-003159,BR,BR-South,Pulses,Rabi,0.73,Alluvial,1269.3,Canal,52555,0,0,86.2,40000,27557,0.3053
FC-003160,UP,UP-Central,Rice,Rabi,1.37,Alluvial,1254.5,Rainfed,159023,2,0,62.7,102358,0,0.2706
FC-003161,TG,TG-North,Rice,Rabi,1.31,Black,1197.3,Tubewell,78062,5,0,44.8,99737,33654,0.2231
FC-003162,PB,PB-Malwa,Wheat,Rabi,0.59,Sandy,799.7,Tubewell,58925,1,0,76.7,43027,31159,0.4687
FC-003163,TG,TG-North,Pulses,Rabi,0.57,Red,628.4,Canal,59717,2,0,97.5,40000,7383,0.2264
FC-003164,AP,AP-Upland,Pulses,Kharif,8.05,Black,975.5,Rainfed,521940,2,0,78.2,255470,4266,0.4619
FC-003165,UP,UP-Western,Rice,Rabi,1.57,Alluvial,1024.0,Rainfed,128635,1,0,68.4,81636,65959,0.4772
FC-003166,TN,TN-North,Groundnut,Kharif,3.9,Red,801.7,Tubewell,241501,3,0,69.1,278522,29952,0.1867
FC-003167,GJ,GJ-Central,Wheat,Rabi,0.69,Black,662.6,Drip,56660,2,0,100.0,40000,0,0.2014
FC-003168,MH,MH-Marathwada,Maize,Rabi,0.65,Red,759.4,Tubewell,78243,2,0,73.1,40000,0,0.417
FC-003169,PB,PB-Majha,Rice,Kharif,0.27,Alluvial,594.0,Tubewell,60173,3,0,57.4,40000,16910,0.5113
FC-003170,TN,TN-South,Rice,Rabi,0.98,Black,906.9,Tubewell,75210,2,0,68.7,40000,16386,0.3794
FC-003171,AP,AP-Upland,Cotton,Kharif,0.63,ClayLoam,834.2,Canal,68036,3,0,79.8,62269,40884,0.4944
FC-003172,TG,TG-Central,Maize,Kharif,1.41,Red,968.5,Rainfed,104152,4,0,47.8,57581,28048,0.465
FC-003173,BR,BR-South,Rice,Rabi,0.9,Alluvial,929.7,Rainfed,99513,2,0,56.4,49212,0,0.6064
FC-003174,PB,PB-Malwa,Maize,Rabi,4.07,Alluvial,729.2,Tubewell,275951,2,0,98.5,163238,42873,0.1421
FC-003175,MH,MH-Marathwada,Groundnut,Rabi,1.47,ClayLoam,1228.0,Tubewell,108282,2,0,43.9,65185,26669,0.4506
FC-003176,TN,TN-North,Soybean,Kharif,3.16,Black,1365.5,Rainfed,263311,2,0,80.5,165779,0,0.2732
FC-003177,TG,TG-South,Soybean,Kharif,1.8,Sandy,851.0,Rainfed,168870,2,0,68.7,69902,70295,0.6986
FC-003178,UP,UP-Western,Sugarcane,Rabi,1.54,Alluvial,955.6,Canal,129568,2,0,100.0,197815,11457,0.1287
FC-003179,AP,AP-Coastal,Maize,Kharif,1.21,Alluvial,814.9,Rainfed,77483,1,0,83.7,40000,0,0.3176
FC-003180,TG,TG-Central,Rice,Rabi,1.73,Red,1210.6,Rainfed,96038,3,0,91.5,99340,7008,0.2655
FC-003181,MH,MH-Konkan,Maize,Kharif,1.14,Black,1023.8,Rainfed,111245,2,0,86.7,47448,50765,0.6696
FC-003182,UP,UP-Central,Sugarcane,Rabi,1.37,Alluvial,1017.0,Canal,175320,5,0,99.9,192005,30022,0.1221
FC-003183,UP,UP-Bundelkhand,Maize,Rabi,2.32,ClayLoam,1108.3,Drip,179514,0,0,84.9,176586,47567,0.1388
FC-003184,KA,KA-Central,Sugarcane,Kharif,1.67,Laterite,434.4,Canal,148847,2,0,56.4,195702,10891,0.3981
FC-003185,MH,MH-Western,Maize,Rabi,0.83,Red,1190.3,Canal,97402,1,1,44.6,40000,37648,0.891
FC-003186,MH,MH-Vidarbha,Sugarcane,Kharif,1.14,Red,1042.6,Rainfed,125696,4,0,89.4,138337,0,0.2205
FC-003187,GJ,GJ-Central,Groundnut,Rabi,0.55,Alluvial,683.0,Tubewell,51100,3,0,100.0,48798,21635,0.215
FC-003188,TG,TG-North,Groundnut,Kharif,2.78,Black,999.5,Rainfed,169786,3,0,81.2,214433,13093,0.1228
FC-003189,AP,AP-Coastal,Sugarcane,Kharif,0.86,ClayLoam,1076.0,Canal,129722,3,0,78.0,130765,13443,0.2691
FC-003190,MH,MH-Western,Rice,Rabi,0.99,Black,968.6,Tubewell,119703,2,0,70.0,75573,8864,0.4526
FC-003191,KA,KA-Central,Pulses,Kharif,0.5,ClayLoam,1078.0,Tubewell,56548,2,0,60.9,40000,38249,0.6429
FC-003192,MH,MH-Western,Cotton,Kharif,4.55,Alluvial,728.0,Rainfed,293703,3,1,53.0,189838,400000,0.9453
FC-003193,MH,MH-Konkan,Cotton,Kharif,0.32,Black,340.6,Tubewell,48469,2,0,52.4,40000,311527,0.9335
FC-003194,RJ,RJ-Hadoti,Mustard,Rabi,0.76,Sandy,517.2,Tubewell,81845,4,0,77.4,40000,21781,0.3722
FC-003195,PB,PB-Doaba,Rice,Kharif,1.48,Alluvial,805.4,Tubewell,148619,5,0,86.6,74706,5023,0.2346
FC-003196,MH,MH-Western,Maize,Kharif,0.46,Black,1211.3,Canal,42106,1,0,60.7,40000,26868,0.2819
FC-003197,MP,MP-Malwa,Cotton,Kharif,2.31,Red,1067.5,Canal,176257,0,0,78.4,143818,53566,0.1379
FC-003198,PB,PB-Doaba,Maize,Kharif,3.29,Sandy,666.3,Tubewell,235563,1,0,56.3,141454,34526,0.3707
FC-003199,TG,TG-South,Rice,Kharif,1.14,Red,971.4,Rainfed,108769,0,1,44.0,57284,284085,0.8735
FC-003200,PB,PB-Majha,Rice,Rabi,1.11,Alluvial,672.5,Rainfed,129424,2,0,68.2,66529,74586,0.7575
FC-003201,UP,UP-Central,Sugarcane,Kharif,1.93,Alluvial,810.1,Drip,202075,4,0,71.5,264175,208537,0.2947
FC-003202,MP,MP-Mahakoshal,Maize,Rabi,0.29,Red,839.3,Tubewell,53907,0,0,95.6,40000,92636,0.6826
FC-003203,UP,UP-Western,Rice,Rabi,0.85,Alluvial,848.0,Tubewell,73706,1,0,94.3,51131,14917,0.3325
FC-003204,KA,KA-South,Maize,Kharif,2.54,Sandy,802.9,Tubewell,228224,4,0,80.6,90085,20394,0.4732
FC-003205,HR,HR-West,Wheat,Rabi,1.25,Alluvial,687.2,Tubewell,109660,1,0,58.8,62206,17469,0.2151
FC-003206,MH,MH-Vidarbha,Sugarcane,Rabi,1.61,Red,813.1,Canal,193466,0,0,91.8,151883,10676,0.2214
FC-003207,UP,UP-Bundelkhand,Rice,Kharif,0.82,Alluvial,935.6,Tubewell,70155,2,0,83.9,40000,0,0.3834
FC-003208,UP,UP-Bundelkhand,Wheat,Rabi,0.57,Alluvial,978.9,Rainfed,51596,4,0,79.7,40000,12297,0.3845
FC-003209,AP,AP-Rayalaseema,Groundnut,Kharif,6.19,ClayLoam,1084.1,Rainfed,397347,2,0,83.9,155474,2298,0.4224
FC-003210,HR,HR-West,Maize,Rabi,3.67,ClayLoam,799.6,Tubewell,253858,3,0,75.5,159429,0,0.1781
FC-003211,BR,BR-North,Rice,Kharif,0.65,Alluvial,1013.2,Canal,52310,0,0,64.1,44501,0,0.2664
FC-003212,UP,UP-Western,Wheat,Rabi,1.25,Alluvial,878.1,Canal,81337,1,0,65.2,90279,45703,0.2933
FC-003213,GJ,GJ-North,Pulses,Kharif,1.53,ClayLoam,374.9,Drip,89745,0,0,90.7,44272,33844,0.4555
FC-003214,UP,UP-Bundelkhand,Rice,Rabi,0.59,ClayLoam,886.9,Drip,79461,2,0,76.2,43023,6206,0.4762
FC-003215,GJ,GJ-Saurashtra,Pulses,Rabi,1.21,Black,1068.0,Canal,129386,0,0,78.8,54344,3009,0.3831
FC-003216,HR,HR-West,Rice,Rabi,2.5,Alluvial,658.6,Drip,212181,2,0,87.1,164377,15475,0.1874
FC-003217,RJ,RJ-Mewar,Millet,Kharif,1.24,Sandy,273.7,Drip,120848,1,0,89.9,40000,18517,0.6827
FC-003218,RJ,RJ-Mewar,Millet,Kharif,1.23,Alluvial,496.1,Tubewell,83976,1,1,40.3,40000,65827,0.81
FC-003219,PB,PB-Malwa,Rice,Kharif,0.94,Alluvial,662.8,Rainfed,83305,1,0,72.2,50885,3763,0.351
FC-003220,TG,TG-Central,Wheat,Rabi,0.64,Alluvial,605.6,Tubewell,75646,2,0,67.8,40296,0,0.5808
FC-003221,PB,PB-Malwa,Wheat,Rabi,0.81,Alluvial,699.9,Tubewell,94135,1,0,86.5,40000,17553,0.6141
FC-003222,MP,MP-Bundelkhand,Wheat,Rabi,0.39,Alluvial,1233.9,Rainfed,65147,2,0,41.1,40000,3861,0.4008
FC-003223,TN,TN-North,Maize,Kharif,1.68,Alluvial,1428.7,Canal,127936,0,0,56.6,66608,9725,0.3281
FC-003224,PB,PB-Majha,Wheat,Rabi,0.73,Alluvial,753.4,Drip,57471,1,0,95.0,40000,12566,0.3103
FC-003225,MP,MP-Bundelkhand,Soybean,Kharif,0.54,Black,1019.6,Rainfed,60053,2,0,81.5,40000,0,0.2305
FC-003226,HR,HR-West,Wheat,Rabi,0.71,Black,434.5,Tubewell,69378,4,0,58.0,40000,38083,0.5897
FC-003227,RJ,RJ-Hadoti,Pulses,Kharif,2.18,ClayLoam,367.2,Drip,119776,3,0,90.4,40000,17913,0.6094
FC-003228,MP,MP-Mahakoshal,Maize,Rabi,1.3,ClayLoam,1384.7,Canal,100310,3,0,62.9,56516,36379,0.372
FC-003229,TG,TG-North,Rice,Rabi,0.64,Black,872.8,Tubewell,59640,3,0,68.5,40000,173070,0.7239
FC-003230,HR,HR-South,Rice,Rabi,1.1,Sandy,639.2,Rainfed,131916,5,0,67.0,73678,15401,0.3928
FC-003231,KA,KA-North,Cotton,Kharif,1.56,ClayLoam,1338.3,Drip,137844,1,0,46.8,131681,32421,0.3139
FC-003232,MP,MP-Mahakoshal,Soybean,Kharif,3.59,Alluvial,1078.5,Drip,257566,2,0,83.4,102742,34832,0.4696
FC-003233,TN,TN-Delta,Groundnut,Rabi,1.19,Alluvial,1304.4,Rainfed,128210,1,0,88.0,92368,27008,0.3137
FC-003234,RJ,RJ-Mewar,Groundnut,Rabi,1.22,Red,323.7,Rainfed,93875,0,0,89.1,61995,0,0.347
FC-003235,PB,PB-Majha,Rice,Kharif,1.75,Alluvial,631.5,Canal,163826,5,0,80.8,142864,20465,0.1437
FC-003236,MP,MP-Bundelkhand,Soybean,Kharif,1.29,Alluvial,1115.0,Rainfed,79372,3,0,61.9,40000,17510,0.4452
FC-003237,UP,UP-Central,Wheat,Rabi,2.07,Alluvial,1209.3,Rainfed,206613,4,0,100.0,140964,59292,0.3475
FC-003238,MH,MH-Vidarbha,Rice,Kharif,6.31,Red,1229.5,Rainfed,553624,3,0,93.1,359530,20149,0.2965
FC-003239,RJ,RJ-Marwar,Cotton,Kharif,1.68,ClayLoam,441.4,Drip,183247,1,0,65.3,118408,58938,0.396
FC-003240,RJ,RJ-Marwar,Wheat,Rabi,1.13,Sandy,559.7,Tubewell,80287,3,0,61.6,52829,14305,0.4527
FC-003241,KA,KA-North,Rice,Rabi,0.73,Black,1315.4,Rainfed,55671,1,0,71.2,42904,0,0.3109
FC-003242,MP,MP-Chambal,Pulses,Kharif,1.89,ClayLoam,1048.3,Rainfed,95280,2,0,75.6,57232,0,0.2776
FC-003243,MH,MH-Konkan,Cotton,Kharif,0.82,Red,1244.8,Drip,60752,5,0,86.6,71120,26232,0.2471
FC-003244,KA,KA-South,Pulses,Kharif,2.34,Red,949.5,Tubewell,129569,2,0,73.8,74288,13880,0.2401
FC-003245,PB,PB-Malwa,Rice,Kharif,3.46,Alluvial,550.8,Tubewell,291423,4,0,87.8,154587,40000,0.2494
FC-003246,MH,MH-Konkan,Soybean,Kharif,1.93,Red,1199.4,Canal,101635,3,0,59.1,52029,49422,0.6554
FC-003247,RJ,RJ-Marwar,Pulses,Rabi,0.52,Alluvial,431.7,Rainfed,60560,2,0,82.7,40000,12010,0.3333
FC-003248,MP,MP-Chambal,Rice,Rabi,0.8,Black,753.7,Rainfed,72284,0,0,85.2,40000,62148,0.6742
FC-003249,GJ,GJ-Saurashtra,Cotton,Kharif,1.57,Sandy,819.9,Rainfed,103125,3,0,85.6,127399,9146,0.261
FC-003250,MP,MP-Chambal,Rice,Kharif,0.73,Black,1176.7,Drip,66266,1,0,74.4,41330,34979,0.4714
FC-003251,PB,PB-Doaba,Rice,Rabi,0.33,Alluvial,604.7,Canal,56156,2,0,80.7,40000,0,0.3292
FC-003252,KA,KA-Central,Rice,Rabi,0.37,Sandy,1531.3,Drip,50799,4,0,73.0,40000,9084,0.3132
FC-003253,KA,KA-Central,Maize,Kharif,6.69,Laterite,512.7,Rainfed,289411,1,0,77.8,164195,33483,0.7011
FC-003254,HR,HR-East,Maize,Kharif,0.51,Alluvial,439.7,Rainfed,76171,2,0,84.4,40000,54405,0.8203
FC-003255,UP,UP-Eastern,Mustard,Rabi,1.67,Alluvial,577.1,Rainfed,129944,1,0,76.7,55935,26622,0.5742
FC-003256,TN,TN-Delta,Rice,Kharif,0.89,ClayLoam,818.4,Drip,107356,3,0,87.6,40000,0,0.486
FC-003257,GJ,GJ-North,Maize,Kharif,2.09,Black,902.4,Tubewell,164492,2,0,59.0,99509,46432,0.2931
FC-003258,AP,AP-Rayalaseema,Groundnut,Rabi,0.84,Alluvial,1046.0,Rainfed,77525,2,0,61.5,44425,0,0.4072
FC-003259,TN,TN-South,Maize,Kharif,0.33,Alluvial,822.6,Tubewell,44384,0,0,80.1,40000,0,0.316
FC-003260,TN,TN-West,Maize,Kharif,3.8,Black,422.7,Tubewell,262097,0,0,75.0,86225,0,0.5875
FC-003261,HR,HR-South,Sugarcane,Rabi,2.04,ClayLoam,549.1,Rainfed,148412,5,0,58.5,335129,0,0.1711
FC-003262,UP,UP-Western,Wheat,Rabi,3.21,Alluvial,919.0,Tubewell,271311,3,0,94.7,139866,14194,0.3473
FC-003263,HR,HR-East,Wheat,Rabi,0.55,ClayLoam,437.0,Rainfed,70235,5,0,71.3,40000,20164,0.6107
FC-003264,TG,TG-Central,Rice,Kharif,0.67,Red,1183.1,Rainfed,96357,2,0,73.8,45025,41224,0.5921
FC-003265,TN,TN-South,Groundnut,Kharif,2.88,Black,840.2,Tubewell,272501,4,0,100.0,227207,198133,0.3296
FC-003266,UP,UP-Eastern,Mustard,Rabi,2.7,Alluvial,1328.4,Canal,133842,3,0,89.9,112346,4406,0.204
FC-003267,AP,AP-Coastal,Rice,Kharif,2.39,Black,809.3,Drip,140433,2,0,74.0,119517,8596,0.2417
FC-003268,MH,MH-Western,Cotton,Kharif,1.22,Red,979.0,Canal,153210,4,0,65.9,105957,1572,0.3298
FC-003269,MH,MH-Western,Cotton,Kharif,1.69,Black,522.4,Tubewell,148427,2,1,47.4,53065,13270,0.7865
FC-003270,MH,MH-Marathwada,Sugarcane,Rabi,0.81,Red,1116.9,Drip,91184,2,0,52.2,120315,8588,0.2952
FC-003271,MH,MH-Konkan,Rice,Kharif,0.59,Red,895.0,Tubewell,78392,4,0,82.9,40000,17235,0.5254
FC-003272,AP,AP-Upland,Millet,Kharif,0.43,ClayLoam,1000.5,Tubewell,71307,3,0,82.3,40000,13248,0.3554
FC-003273,TG,TG-North,Maize,Kharif,1.3,Black,1040.0,Rainfed,112386,2,0,54.6,43805,37238,0.697
FC-003274,AP,AP-Upland,Rice,Rabi,1.77,Black,966.4,Rainfed,115968,0,0,67.9,44005,4810,0.5375
FC-003275,MH,MH-Vidarbha,Soybean,Kharif,4.49,Black,899.3,Tubewell,289531,1,0,72.6,221466,8948,0.1767
FC-003276,MH,MH-Western,Soybean,Kharif,0.71,Red,720.6,Tubewell,67750,3,0,60.5,40000,0,0.3704
FC-003277,MH,MH-Marathwada,Soybean,Kharif,3.2,Black,996.9,Tubewell,183789,2,0,78.8,112265,30685,0.2944
FC-003278,BR,BR-North,Rice,Kharif,1.52,ClayLoam,985.8,Rainfed,97629,2,0,62.6,102525,377101,0.9332
FC-003279,TN,TN-North,Cotton,Kharif,2.57,Laterite,933.2,Canal,198972,3,0,83.7,136305,24524,0.1587
FC-003280,AP,AP-Upland,Maize,Rabi,0.26,Black,635.6,Tubewell,43719,2,1,69.5,40000,259777,0.8799
FC-003281,AP,AP-Coastal,Rice,Rabi,0.59,Alluvial,908.7,Tubewell,48458,1,1,50.6,40000,162799,0.8494
FC-003282,RJ,RJ-Mewar,Mustard,Rabi,1.55,ClayLoam,449.8,Rainfed,134288,2,0,100.0,91580,19488,0.2691
FC-003283,MP,MP-Chambal,Cotton,Kharif,0.81,Black,1153.9,Canal,95649,2,1,49.1,53438,214674,0.8712
FC-003284,UP,UP-Eastern,Mustard,Rabi,0.43,Alluvial,1065.2,Canal,72106,5,0,52.0,40000,56059,0.7514
FC-003285,TG,TG-Central,Groundnut,Rabi,0.95,Red,761.6,Rainfed,107849,6,0,82.1,45069,0,0.562
FC-003286,TN,TN-West,Maize,Rabi,0.37,Black,1016.8,Rainfed,40305,0,1,38.6,40000,101695,0.896
FC-003287,UP,UP-Bundelkhand,Wheat,Rabi,1.38,Alluvial,1263.2,Canal,85933,3,0,68.3,119522,0,0.178
FC-003288,UP,UP-Eastern,Wheat,Rabi,2.18,Alluvial,836.1,Canal,121642,0,0,54.7,123529,76111,0.2622
FC-003289,TN,TN-North,Cotton,Kharif,0.77,Laterite,940.6,Rainfed,79881,1,0,69.6,55356,15927,0.4559
FC-003290,MH,MH-Konkan,Soybean,Kharif,2.75,Black,1002.0,Rainfed,131760,5,0,42.7,117929,0,0.3515
FC-003291,TN,TN-Delta,Groundnut,Kharif,0.67,Alluvial,1057.8,Rainfed,60359,4,0,61.3,47585,18030,0.4767
FC-003292,BR,BR-Gangetic,Rice,Kharif,0.7,Alluvial,1376.6,Canal,95978,3,0,66.3,40000,20238,0.5961
FC-003293,RJ,RJ-Shekhawati,Wheat,Rabi,0.89,Sandy,397.1,Tubewell,91393,4,0,81.2,57526,0,0.3195
FC-003294,MH,MH-Marathwada,Cotton,Kharif,0.84,Black,813.2,Rainfed,100424,2,0,50.4,56238,14335,0.6311
FC-003295,MH,MH-Konkan,Millet,Kharif,0.83,Red,382.8,Rainfed,78180,2,0,75.6,40000,3481,0.5617
FC-003296,TG,TG-Central,Groundnut,Kharif,0.5,ClayLoam,1079.5,Rainfed,65199,1,0,79.4,40000,41680,0.6266
FC-003297,MH,MH-Western,Rice,Rabi,7.26,Red,909.3,Drip,381795,0,0,68.2,502785,400000,0.2646
FC-003298,PB,PB-Majha,Wheat,Rabi,1.22,Alluvial,589.2,Tubewell,97712,3,0,70.0,96729,0,0.129
FC-003299,GJ,GJ-Central,Cotton,Kharif,1.04,Black,992.1,Canal,126795,4,0,59.2,96121,12290,0.2333
FC-003300,MP,MP-Malwa,Pulses,Kharif,0.44,Red,963.2,Canal,65584,3,0,88.0,40000,41588,0.4586
FC-003301,PB,PB-Malwa,Pulses,Kharif,1.71,Alluvial,635.4,Rainfed,84957,1,0,97.5,41538,0,0.3264
FC-003302,TG,TG-Central,Rice,Kharif,4.28,Red,630.7,Rainfed,320813,2,0,57.0,115689,24626,0.8866
FC-003303,GJ,GJ-Saurashtra,Wheat,Rabi,1.57,Red,609.1,Rainfed,113381,5,0,65.8,56029,44795,0.6543
FC-003304,TN,TN-North,Cotton,Kharif,0.29,Laterite,866.9,Tubewell,65705,2,0,75.5,40000,5282,0.5583
FC-003305,RJ,RJ-Mewar,Cotton,Kharif,0.66,Sandy,589.3,Drip,62116,0,0,69.9,40000,0,0.2546
FC-003306,UP,UP-Central,Mustard,Rabi,0.59,Alluvial,934.6,Rainfed,64437,2,0,80.6,40000,11063,0.3364
FC-003307,GJ,GJ-Saurashtra,Mustard,Rabi,2.11,Sandy,1027.9,Rainfed,104024,2,0,71.4,65339,36199,0.3727
FC-003308,TG,TG-Central,Rice,Rabi,0.5,Black,584.2,Canal,54899,1,1,51.9,40000,116055,0.9373
FC-003309,MH,MH-Western,Cotton,Kharif,0.44,Black,1033.8,Tubewell,67862,1,0,47.8,40000,100521,0.8897
FC-003310,MH,MH-Konkan,Wheat,Rabi,0.95,Laterite,641.5,Tubewell,98974,3,0,93.4,53374,9971,0.3684
FC-003311,GJ,GJ-South,Groundnut,Kharif,1.25,ClayLoam,492.3,Tubewell,81616,2,0,79.8,63328,0,0.311
FC-003312,MP,MP-Malwa,Pulses,Kharif,0.77,Sandy,922.5,Rainfed,63335,1,0,40.4,40000,12097,0.4384
FC-003313,BR,BR-Gangetic,Wheat,Rabi,0.54,Alluvial,990.1,Tubewell,51095,0,0,100.0,40000,28192,0.2761
FC-003314,HR,HR-East,Rice,Rabi,1.02,Alluvial,530.2,Tubewell,107118,1,0,78.0,53954,2070,0.3118
FC-003315,KA,KA-Central,Cotton,Kharif,0.42,Red,1174.1,Rainfed,38292,0,0,67.5,40000,0,0.1544
FC-003316,HR,HR-East,Wheat,Rabi,0.47,Alluvial,863.4,Rainfed,64909,2,0,74.0,40000,16505,0.3981
FC-003317,TG,TG-Central,Maize,Kharif,0.55,Alluvial,1015.1,Rainfed,42088,3,0,73.8,40000,140439,0.6727
FC-003318,AP,AP-Rayalaseema,Groundnut,Kharif,3.34,Black,970.1,Rainfed,251768,1,0,50.5,179182,12073,0.261
FC-003319,TG,TG-North,Rice,Rabi,0.88,Red,1166.9,Rainfed,84173,3,0,71.9,58399,111157,0.6699
FC-003320,RJ,RJ-Mewar,Mustard,Rabi,0.96,Alluvial,355.9,Drip,122130,2,0,75.4,72105,0,0.3277
FC-003321,MH,MH-Vidarbha,Pulses,Rabi,0.85,Alluvial,893.9,Canal,54424,1,0,54.2,40000,14487,0.3286
FC-003322,GJ,GJ-North,Wheat,Rabi,1.57,Black,760.8,Canal,83013,3,0,54.8,78004,79534,0.2802
FC-003323,KA,KA-South,Millet,Kharif,3.92,Red,679.1,Tubewell,245798,4,0,88.7,97071,10422,0.4813
FC-003324,GJ,GJ-South,Rice,Kharif,3.77,Black,1064.7,Drip,334240,0,0,44.8,191187,53254,0.486
FC-003325,UP,UP-Bundelkhand,Pulses,Rabi,0.41,Alluvial,910.0,Rainfed,61008,2,1,58.9,40000,134784,0.835
FC-003326,BR,BR-Gangetic,Wheat,Rabi,0.78,ClayLoam,1142.1,Tubewell,57623,8,0,73.7,40000,4734,0.2757
FC-003327,UP,UP-Central,Cotton,Kharif,0.66,Alluvial,1035.6,Canal,59852,1,0,50.6,51756,82574,0.5921
FC-003328,BR,BR-North,Rice,Kharif,0.38,Alluvial,1098.2,Canal,38967,2,0,44.9,40000,24440,0.5334
FC-003329,KA,KA-South,Soybean,Kharif,0.27,Laterite,1302.2,Rainfed,43834,4,0,61.0,40000,77064,0.8137
FC-003330,KA,KA-North,Cotton,Kharif,0.9,ClayLoam,1375.6,Canal,64903,0,0,75.4,85032,88481,0.2924
FC-003331,BR,BR-North,Sugarcane,Rabi,4.12,Alluvial,1328.4,Rainfed,395979,4,0,83.1,616963,7198,0.1305
FC-003332,BR,BR-North,Maize,Rabi,1.02,Alluvial,707.6,Rainfed,58960,1,1,72.2,40000,45476,0.8105
FC-003333,MH,MH-Marathwada,Wheat,Rabi,1.61,Red,597.2,Tubewell,172562,3,0,74.9,90065,61441,0.5248
FC-003334,UP,UP-Bundelkhand,Pulses,Rabi,1.09,Alluvial,1054.0,Rainfed,76995,1,0,79.0,40000,24477,0.573
FC-003335,PB,PB-Doaba,Wheat,Rabi,1.62,Alluvial,420.9,Tubewell,108482,1,0,66.3,116450,33043,0.3435
FC-003336,HR,HR-South,Wheat,Rabi,0.29,Alluvial,524.1,Canal,51049,1,0,72.7,40000,16039,0.4749
FC-003337,MH,MH-Western,Pulses,Kharif,0.47,Black,538.0,Tubewell,80491,3,0,90.3,40000,55543,0.618
FC-003338,TG,TG-North,Rice,Rabi,0.99,Red,1062.6,Tubewell,89433,0,0,76.3,78634,0,0.1514
FC-003339,PB,PB-Majha,Mustard,Rabi,3.08,Alluvial,564.2,Rainfed,238349,5,1,33.8,49079,56295,0.8542
FC-003340,MP,MP-Malwa,Pulses,Rabi,4.89,Red,983.7,Canal,380405,1,0,67.8,274306,58197,0.3773
FC-003341,HR,HR-East,Rice,Kharif,2.23,Alluvial,668.5,Tubewell,215329,2,0,90.7,203176,136749,0.1625
FC-003342,GJ,GJ-North,Cotton,Kharif,2.48,Sandy,646.9,Drip,151424,0,0,68.9,116308,0,0.2301
FC-003343,HR,HR-West,Wheat,Rabi,1.76,Alluvial,719.6,Rainfed,184862,6,0,67.8,98087,14185,0.3489
FC-003344,KA,KA-North,Groundnut,Rabi,1.24,Red,1482.5,Canal,91278,1,0,79.4,85995,63982,0.3719
FC-003345,BR,BR-North,Rice,Kharif,0.54,Alluvial,1432.4,Rainfed,75805,2,0,66.8,40000,25499,0.6481
FC-003346,GJ,GJ-South,Cotton,Kharif,0.59,Sandy,923.0,Canal,49699,2,0,63.9,54034,0,0.2403
FC-003347,RJ,RJ-Mewar,Millet,Kharif,0.47,Sandy,549.5,Drip,80928,0,0,64.5,40000,1467,0.5409
FC-003348,MP,MP-Bundelkhand,Pulses,Rabi,2.67,Red,986.8,Canal,235360,1,0,85.2,101136,35363,0.4795
FC-003349,MH,MH-Vidarbha,Cotton,Kharif,1.12,Laterite,968.5,Canal,129153,2,0,100.0,79780,127112,0.324
FC-003350,TN,TN-Delta,Pulses,Rabi,3.53,Sandy,1053.9,Rainfed,179365,5,0,91.3,111757,96941,0.3174
FC-003351,MH,MH-Vidarbha,Soybean,Kharif,3.64,Black,964.0,Canal,279633,0,0,90.8,190218,41900,0.2528
FC-003352,KA,KA-North,Sugarcane,Kharif,1.01,Red,1067.5,Rainfed,89298,2,0,78.9,105418,74289,0.4438
FC-003353,HR,HR-South,Wheat,Rabi,0.2,Sandy,470.8,Canal,54206,5,0,94.2,40000,16798,0.3672
FC-003354,MH,MH-Vidarbha,Wheat,Rabi,1.66,Black,776.9,Canal,84747,5,0,98.2,56197,7463,0.3728
FC-003355,AP,AP-Coastal,Rice,Kharif,3.22,Alluvial,1035.6,Rainfed,262848,0,0,67.1,228812,86342,0.303
FC-003356,MP,MP-Bundelkhand,Cotton,Kharif,2.69,Red,810.0,Rainfed,144021,0,0,85.8,184982,41104,0.2237
FC-003357,UP,UP-Western,Mustard,Rabi,0.82,Alluvial,844.2,Canal,81573,1,0,88.9,40000,864,0.3629
FC-003358,TG,TG-Central,Maize,Kharif,0.42,Black,614.7,Tubewell,77635,1,0,75.4,40000,30121,0.6033
FC-003359,PB,PB-Doaba,Cotton,Kharif,0.62,Alluvial,961.9,Drip,47283,3,0,43.0,40000,0,0.3561
FC-003360,BR,BR-Gangetic,Pulses,Rabi,0.39,Alluvial,902.8,Rainfed,72611,1,0,92.6,40000,17068,0.5386
FC-003361,HR,HR-South,Mustard,Rabi,0.4,Alluvial,581.7,Tubewell,48148,3,0,81.4,40000,0,0.1735
FC-003362,MP,MP-Mahakoshal,Pulses,Rabi,0.83,ClayLoam,1129.7,Canal,78380,3,0,84.5,40000,84826,0.768
FC-003363,MH,MH-Marathwada,Soybean,Kharif,0.54,ClayLoam,1257.3,Canal,50325,3,0,89.8,40000,23380,0.3121
FC-003364,MP,MP-Bundelkhand,Rice,Kharif,1.0,Sandy,1050.8,Canal,117169,1,0,74.6,62162,23669,0.298
FC-003365,MP,MP-Bundelkhand,Pulses,Kharif,2.24,Black,1143.0,Canal,148618,3,0,62.3,83925,0,0.2893
FC-003366,PB,PB-Doaba,Pulses,Rabi,0.2,ClayLoam,615.8,Canal,56682,2,0,59.7,40000,79968,0.7117
FC-003367,BR,BR-South,Maize,Rabi,2.74,Alluvial,947.2,Rainfed,245650,3,0,100.0,84456,16468,0.6546
FC-003368,GJ,GJ-South,Wheat,Rabi,0.68,ClayLoam,576.4,Tubewell,91066,3,0,79.6,40000,3781,0.6243
FC-003369,MP,MP-Chambal,Pulses,Rabi,1.09,Black,1250.8,Rainfed,64099,3,0,67.5,40000,232790,0.7673
FC-003370,BR,BR-South,Rice,Rabi,3.58,Alluvial,1342.7,Canal,323755,3,0,86.1,182697,34419,0.2392
FC-003371,HR,HR-South,Wheat,Rabi,3.93,Sandy,373.1,Tubewell,282158,4,0,68.2,169478,20306,0.4593
FC-003372,MP,MP-Malwa,Wheat,Rabi,1.23,Black,1023.6,Drip,137452,0,0,100.0,72656,26117,0.1374
FC-003373,MH,MH-Vidarbha,Pulses,Rabi,2.26,Black,1035.5,Canal,187929,1,0,92.7,41031,40996,0.8421
FC-003374,BR,BR-Gangetic,Sugarcane,Kharif,1.24,Alluvial,946.6,Rainfed,142113,3,0,67.2,199026,10031,0.3248
FC-003375,KA,KA-South,Soybean,Kharif,0.61,Red,774.1,Drip,89205,5,0,78.1,40000,78886,0.8445
FC-003376,BR,BR-North,Rice,Rabi,0.67,Alluvial,1419.2,Canal,90869,5,0,48.8,40000,50366,0.84
FC-003377,BR,BR-North,Mustard,Rabi,1.84,ClayLoam,1223.8,Rainfed,183050,4,0,43.9,94530,35390,0.5472
FC-003378,PB,PB-Majha,Rice,Rabi,2.63,Alluvial,648.1,Rainfed,226803,3,0,85.0,167303,19099,0.2684
FC-003379,MP,MP-Mahakoshal,Pulses,Rabi,3.51,Black,795.1,Canal,223230,6,0,70.2,116390,51022,0.3369
FC-003380,TG,TG-North,Groundnut,Kharif,1.27,Red,645.4,Tubewell,109916,1,0,50.8,54981,196684,0.7496
FC-003381,MH,MH-Marathwada,Rice,Kharif,1.09,ClayLoam,1070.0,Rainfed,97423,5,0,100.0,118714,60999,0.1443
FC-003382,UP,UP-Bundelkhand,Mustard,Rabi,1.59,Alluvial,1020.3,Tubewell,138243,2,0,86.0,51571,0,0.4807
FC-003383,BR,BR-South,Rice,Kharif,1.15,Alluvial,1206.0,Canal,85782,1,0,79.8,109450,41441,0.3058
FC-003384,TG,TG-Central,Maize,Rabi,1.74,Red,1088.3,Rainfed,110087,4,0,72.2,93261,160681,0.4873
FC-003385,MH,MH-Vidarbha,Wheat,Rabi,1.54,Black,1140.9,Rainfed,158724,1,0,58.8,74671,32276,0.5643
FC-003386,AP,AP-Upland,Cotton,Kharif,2.01,Alluvial,999.1,Drip,175465,0,0,75.3,63382,0,0.4072
FC-003387,PB,PB-Majha,Wheat,Rabi,3.45,ClayLoam,702.1,Tubewell,212803,2,0,93.1,199739,49999,0.1558
FC-003388,GJ,GJ-North,Millet,Kharif,2.02,Alluvial,658.4,Canal,103249,3,0,82.0,40000,24163,0.443
FC-003389,RJ,RJ-Mewar,Millet,Kharif,1.85,ClayLoam,561.2,Drip,138729,3,0,83.5,40000,11987,0.6275
FC-003390,UP,UP-Bundelkhand,Mustard,Rabi,0.55,Alluvial,755.8,Tubewell,72311,6,0,100.0,40000,69044,0.6594
FC-003391,BR,BR-South,Rice,Rabi,0.99,Alluvial,1235.2,Tubewell,90381,2,0,69.3,96614,16114,0.2068
FC-003392,TN,TN-South,Rice,Kharif,7.6,Black,971.2,Rainfed,589608,0,0,88.2,625156,148479,0.1763
FC-003393,TG,TG-Central,Cotton,Kharif,1.66,Black,695.3,Rainfed,161022,3,0,78.9,134417,53430,0.4022
FC-003394,BR,BR-Gangetic,Rice,Kharif,3.07,Alluvial,967.1,Rainfed,265916,3,0,55.3,153129,128479,0.762
FC-003395,RJ,RJ-Hadoti,Wheat,Rabi,2.36,Laterite,301.9,Canal,228341,4,0,65.2,156769,11414,0.3955
FC-003396,KA,KA-Central,Maize,Rabi,1.7,Laterite,1171.5,Rainfed,126272,2,0,86.7,66009,0,0.4032
FC-003397,KA,KA-South,Millet,Kharif,1.38,Black,593.7,Rainfed,134068,3,1,28.8,40000,25690,0.887
FC-003398,UP,UP-Central,Pulses,Rabi,3.02,Black,908.8,Rainfed,161480,2,0,44.4,64813,33035,0.621
FC-003399,GJ,GJ-Central,Rice,Kharif,0.35,Alluvial,859.2,Rainfed,68290,3,0,73.8,40000,0,0.4203
FC-003400,BR,BR-North,Pulses,Kharif,2.8,Alluvial,1047.2,Rainfed,177484,1,0,68.5,74511,34133,0.6645
FC-003401,RJ,RJ-Shekhawati,Wheat,Rabi,1.48,Sandy,374.9,Rainfed,138971,0,1,54.3,41510,14949,0.7942
FC-003402,MH,MH-Konkan,Groundnut,Kharif,1.57,Alluvial,948.0,Canal,144918,3,0,78.8,72736,66421,0.4876
FC-003403,PB,PB-Majha,Sugarcane,Kharif,5.38,ClayLoam,838.8,Canal,515054,0,0,80.5,700000,9622,0.0855
FC-003404,TN,TN-North,Rice,Kharif,0.67,Alluvial,1080.2,Rainfed,87556,2,0,61.1,40000,45747,0.6733
FC-003405,RJ,RJ-Hadoti,Millet,Kharif,1.07,Alluvial,477.7,Rainfed,78929,2,0,43.8,40000,6088,0.4556
FC-003406,UP,UP-Eastern,Maize,Kharif,0.78,Alluvial,894.9,Tubewell,96633,1,0,66.3,40000,8712,0.616
FC-003407,BR,BR-North,Rice,Rabi,1.16,ClayLoam,1461.9,Drip,80325,2,0,82.3,63317,18807,0.2775
FC-003408,MP,MP-Malwa,Pulses,Rabi,3.95,Black,889.7,Canal,221344,1,0,80.2,142706,50828,0.2432
FC-003409,AP,AP-Upland,Groundnut,Rabi,3.18,Black,742.0,Canal,217546,2,0,84.0,198497,7516,0.2005
FC-003410,HR,HR-South,Wheat,Rabi,0.87,Alluvial,614.9,Rainfed,98100,5,0,39.3,55620,22555,0.6354
FC-003411,AP,AP-Coastal,Sugarcane,Kharif,0.44,Red,927.6,Canal,52573,1,0,75.7,70941,22469,0.1902
FC-003412,BR,BR-Gangetic,Wheat,Rabi,0.61,Sandy,1472.3,Tubewell,54957,3,0,63.4,40000,48954,0.5384
FC-003413,UP,UP-Bundelkhand,Rice,Rabi,1.06,Alluvial,977.3,Canal,79125,1,0,85.4,52120,0,0.1623
FC-003414,RJ,RJ-Shekhawati,Millet,Kharif,1.37,Sandy,449.7,Tubewell,82053,5,0,58.4,40000,84280,0.6796
FC-003415,TN,TN-Delta,Wheat,Rabi,2.62,Black,1059.2,Tubewell,184791,2,0,72.6,171420,16927,0.2349
FC-003416,MH,MH-Konkan,Soybean,Kharif,3.45,Black,1242.9,Drip,300540,3,0,96.7,111599,4997,0.3289
FC-003417,TG,TG-Central,Wheat,Rabi,1.97,Black,524.3,Tubewell,167053,4,0,89.1,172998,13792,0.2323
FC-003418,MH,MH-Konkan,Rice,Rabi,3.4,Laterite,1204.0,Drip,255702,1,0,83.5,217518,19167,0.1134
FC-003419,RJ,RJ-Marwar,Millet,Kharif,3.12,Sandy,655.9,Rainfed,275294,2,0,74.6,98393,400000,0.5891
FC-003420,GJ,GJ-Saurashtra,Rice,Kharif,2.03,Sandy,1012.1,Canal,150464,3,0,73.5,187198,35307,0.1257
FC-003421,HR,HR-East,Pulses,Rabi,1.01,ClayLoam,910.1,Tubewell,107062,3,0,66.0,40000,32101,0.6231
FC-003422,GJ,GJ-North,Wheat,Rabi,0.68,Sandy,794.6,Tubewell,79236,5,0,84.5,44792,38303,0.6259
FC-003423,UP,UP-Central,Sugarcane,Kharif,2.99,Alluvial,704.1,Canal,235209,3,0,89.8,456823,164845,0.2107
FC-003424,KA,KA-South,Maize,Rabi,1.97,Laterite,1249.4,Tubewell,167883,4,0,56.1,65440,28378,0.6142
FC-003425,MH,MH-Marathwada,Sugarcane,Rabi,1.2,Black,1196.3,Tubewell,149317,1,0,95.8,259392,15362,0.1098
FC-003426,AP,AP-Upland,Cotton,Kharif,3.33,Red,813.8,Tubewell,209294,3,0,87.3,280389,19438,0.2086
FC-003427,AP,AP-Coastal,Cotton,Kharif,0.63,Sandy,1050.5,Canal,74490,3,0,82.3,59068,0,0.2281
FC-003428,KA,KA-South,Cotton,Kharif,0.47,Black,1026.0,Tubewell,41708,3,0,87.2,40000,0,0.1535
FC-003429,UP,UP-Bundelkhand,Maize,Kharif,5.41,Alluvial,880.1,Rainfed,398198,0,0,83.6,252993,43680,0.2653
FC-003430,MP,MP-Bundelkhand,Wheat,Rabi,3.82,Black,1017.2,Rainfed,310396,1,0,97.3,381964,32002,0.095
FC-003431,GJ,GJ-North,Mustard,Rabi,1.25,Red,1056.8,Canal,127963,3,0,100.0,40000,3314,0.5302
FC-003432,TN,TN-Delta,Rice,Kharif,0.25,Black,775.1,Canal,53879,2,1,42.0,40000,400000,0.8929
FC-003433,RJ,RJ-Shekhawati,Mustard,Rabi,4.52,Sandy,437.7,Rainfed,282580,1,0,84.4,189446,8890,0.1653
FC-003434,MP,MP-Bundelkhand,Maize,Rabi,0.77,Black,1127.6,Canal,59402,1,0,75.7,40000,1782,0.3419
FC-003435,UP,UP-Western,Mustard,Rabi,1.44,Alluvial,729.8,Canal,80684,2,0,71.1,70367,26169,0.2326
FC-003436,TN,TN-South,Millet,Kharif,2.06,ClayLoam,1079.6,Tubewell,154971,4,0,56.6,40000,47148,0.8238
FC-003437,RJ,RJ-Hadoti,Mustard,Rabi,0.98,ClayLoam,683.8,Rainfed,114085,1,0,93.8,40000,5932,0.6116
FC-003438,MH,MH-Konkan,Soybean,Kharif,1.49,Laterite,972.5,Drip,106211,2,0,80.9,40000,18010,0.5489
FC-003439,GJ,GJ-Central,Maize,Rabi,0.87,Sandy,838.3,Rainfed,67205,1,0,73.3,40000,42372,0.646
FC-003440,AP,AP-Upland,Groundnut,Kharif,0.64,Red,923.2,Tubewell,47426,1,0,89.7,40000,0,0.1666
FC-003441,HR,HR-East,Rice,Kharif,0.68,Sandy,593.1,Canal,78308,2,0,92.6,40000,54155,0.5618
FC-003442,RJ,RJ-Hadoti,Mustard,Rabi,0.75,ClayLoam,483.9,Rainfed,54518,2,0,70.6,56716,0,0.1732
FC-003443,PB,PB-Malwa,Rice,Rabi,0.7,Alluvial,576.1,Tubewell,56201,2,0,70.1,52925,10962,0.3152
FC-003444,MP,MP-Malwa,Wheat,Rabi,0.6,ClayLoam,911.1,Rainfed,62190,1,0,80.7,40000,1786,0.4665
FC-003445,RJ,RJ-Marwar,Groundnut,Rabi,1.66,ClayLoam,576.0,Rainfed,115393,4,0,82.5,85075,24719,0.3733
FC-003446,TG,TG-South,Rice,Rabi,0.31,Black,977.0,Drip,64907,3,0,93.6,40000,11670,0.2695
FC-003447,MH,MH-Vidarbha,Wheat,Rabi,7.82,Red,529.9,Canal,432391,0,0,83.1,326443,101883,0.2884
FC-003448,AP,AP-Rayalaseema,Rice,Kharif,2.75,Red,690.2,Canal,165873,2,0,64.3,91487,0,0.4139
FC-003449,AP,AP-Rayalaseema,Rice,Rabi,2.19,Black,898.7,Rainfed,127289,1,0,80.8,134869,23281,0.2642
FC-003450,TG,TG-South,Wheat,Rabi,2.05,Red,821.3,Canal,110040,3,0,77.8,90348,17522,0.1651
FC-003451,UP,UP-Central,Wheat,Rabi,1.93,Alluvial,896.7,Canal,145749,2,0,100.0,65080,16558,0.2816
FC-003452,TN,TN-North,Cotton,Kharif,0.33,Red,958.0,Canal,40565,4,0,79.7,40000,32984,0.2516
FC-003453,RJ,RJ-Hadoti,Millet,Kharif,2.8,Sandy,454.6,Drip,227601,2,1,39.5,60570,144838,0.8117
FC-003454,HR,HR-South,Mustard,Rabi,1.63,Alluvial,469.4,Tubewell,160985,2,0,100.0,71113,0,0.194
FC-003455,UP,UP-Bundelkhand,Maize,Kharif,1.26,Laterite,993.8,Rainfed,118882,4,0,82.7,57342,64675,0.6091
FC-003456,BR,BR-North,Groundnut,Kharif,1.34,Alluvial,1151.5,Canal,110128,1,0,92.8,57239,23209,0.3357
FC-003457,UP,UP-Central,Rice,Rabi,1.81,Sandy,1349.0,Rainfed,171544,2,0,82.9,113328,9882,0.2313
FC-003458,HR,HR-East,Wheat,Rabi,0.57,Alluvial,437.7,Tubewell,50687,2,0,55.2,40000,19783,0.3616
FC-003459,HR,HR-West,Rice,Rabi,1.78,Alluvial,619.9,Tubewell,172222,4,0,74.2,148082,0,0.1999
FC-003460,HR,HR-East,Wheat,Rabi,0.31,ClayLoam,459.7,Rainfed,47850,1,0,75.5,40000,13530,0.5187
FC-003461,MH,MH-Konkan,Rice,Rabi,0.75,Red,1253.8,Canal,87988,4,0,99.3,55689,3680,0.2598
FC-003462,MP,MP-Bundelkhand,Pulses,Kharif,1.74,Alluvial,1107.9,Drip,126229,2,0,94.9,81575,8380,0.2203
FC-003463,MP,MP-Chambal,Cotton,Kharif,2.12,Red,1108.6,Tubewell,166180,2,0,82.3,223127,108031,0.1659
FC-003464,RJ,RJ-Shekhawati,Soybean,Kharif,0.63,Sandy,560.1,Rainfed,81849,3,0,47.3,40000,61920,0.8317
FC-003465,HR,HR-South,Wheat,Rabi,0.78,ClayLoam,482.2,Rainfed,69226,0,0,66.5,65438,0,0.3418
FC-003466,MH,MH-Marathwada,Soybean,Kharif,0.5,Black,709.1,Rainfed,62250,2,0,70.1,40000,12674,0.5355
FC-003467,BR,BR-North,Mustard,Rabi,0.81,Alluvial,1383.2,Rainfed,74336,0,0,55.7,49801,2391,0.4052
FC-003468,MP,MP-Mahakoshal,Groundnut,Rabi,1.62,Red,1429.2,Canal,116362,1,0,75.2,63078,12434,0.3594
FC-003469,KA,KA-North,Rice,Kharif,1.3,Black,738.9,Canal,80469,0,0,74.4,84873,0,0.3922
FC-003470,MP,MP-Mahakoshal,Groundnut,Kharif,0.89,Black,977.5,Canal,81775,3,0,90.8,61074,28556,0.3644
FC-003471,MP,MP-Chambal,Maize,Kharif,0.66,Black,764.8,Drip,48423,2,0,51.2,40000,7145,0.512
FC-003472,BR,BR-South,Wheat,Rabi,1.72,Alluvial,1245.0,Rainfed,115906,4,0,82.8,102566,19868,0.3506
FC-003473,AP,AP-Upland,Groundnut,Kharif,0.66,Alluvial,930.0,Canal,58626,5,0,62.0,40000,44184,0.6038
FC-003474,MH,MH-Western,Cotton,Kharif,1.5,Red,957.0,Rainfed,105232,4,0,96.9,80123,0,0.1941
FC-003475,BR,BR-North,Pulses,Rabi,0.81,Alluvial,735.7,Tubewell,72545,5,0,76.9,40000,30573,0.6241
FC-003476,UP,UP-Western,Maize,Rabi,1.1,Alluvial,810.9,Tubewell,106694,0,0,84.3,48970,36226,0.5384
FC-003477,AP,AP-Coastal,Rice,Kharif,0.65,Laterite,877.6,Rainfed,62221,3,0,67.1,40000,10620,0.6092
FC-003478,PB,PB-Majha,Cotton,Kharif,0.84,Sandy,895.1,Tubewell,101733,2,0,77.7,79070,26717,0.3362
FC-003479,TN,TN-North,Maize,Rabi,2.05,Laterite,900.3,Drip,182507,2,0,72.2,76985,0,0.4696
FC-003480,TN,TN-West,Rice,Kharif,0.58,Black,854.5,Rainfed,52347,3,0,77.9,41096,9278,0.4043
FC-003481,TN,TN-Delta,Rice,Kharif,1.47,ClayLoam,810.2,Rainfed,121750,3,0,70.5,86601,9901,0.3074
FC-003482,AP,AP-Coastal,Wheat,Rabi,0.47,Sandy,613.2,Rainfed,55852,0,0,45.2,40000,153720,0.912
FC-003483,UP,UP-Bundelkhand,Sugarcane,Rabi,0.6,Alluvial,851.6,Rainfed,76532,4,0,100.0,103678,57317,0.3641
FC-003484,TN,TN-West,Rice,Kharif,2.81,Red,1371.1,Tubewell,159647,4,0,91.4,185134,108237,0.2425
FC-003485,KA,KA-Central,Pulses,Rabi,1.44,Red,831.0,Canal,135878,2,0,55.9,49276,0,0.5702
FC-003486,BR,BR-Gangetic,Maize,Rabi,0.63,Alluvial,1286.9,Rainfed,65240,4,0,78.1,40000,55238,0.6271
FC-003487,MH,MH-Konkan,Pulses,Kharif,0.5,Black,743.6,Tubewell,60132,2,0,89.8,40000,0,0.2154
FC-003488,RJ,RJ-Mewar,Mustard,Rabi,1.04,Alluvial,342.6,Tubewell,81074,2,0,57.4,42214,0,0.4884
FC-003489,MH,MH-Marathwada,Wheat,Rabi,2.73,Laterite,745.7,Canal,167209,2,0,86.5,213395,51400,0.1601
FC-003490,MH,MH-Marathwada,Sugarcane,Kharif,1.34,Alluvial,700.0,Tubewell,142793,5,0,51.0,248292,0,0.2887
FC-003491,KA,KA-Central,Pulses,Rabi,2.02,Alluvial,556.0,Canal,193326,3,0,68.9,100504,18256,0.3981
FC-003492,BR,BR-Gangetic,Pulses,Kharif,1.31,Sandy,1188.3,Tubewell,74528,1,0,81.2,40000,0,0.2773
FC-003493,PB,PB-Doaba,Wheat,Rabi,1.24,Alluvial,593.4,Canal,127936,5,0,74.4,68019,13252,0.5054
FC-003494,PB,PB-Malwa,Rice,Kharif,2.31,Alluvial,502.5,Tubewell,155325,6,0,80.8,135248,69067,0.5425
FC-003495,AP,AP-Coastal,Rice,Kharif,1.4,ClayLoam,689.7,Tubewell,83799,2,0,82.1,49036,0,0.3588
FC-003496,AP,AP-Upland,Rice,Kharif,1.02,Black,997.8,Rainfed,94095,1,0,78.8,68402,89233,0.367
FC-003497,AP,AP-Coastal,Groundnut,Rabi,1.12,Black,1241.4,Rainfed,66739,3,0,58.1,59366,61390,0.4552
FC-003498,BR,BR-South,Sugarcane,Kharif,2.05,Alluvial,1196.9,Drip,163553,0,0,75.5,455769,0,0.0682
FC-003499,KA,KA-Coastal,Rice,Kharif,0.39,Laterite,852.0,Tubewell,56667,4,1,47.3,40000,180763,0.9321
FC-003500,AP,AP-Rayalaseema,Millet,Kharif,0.56,Black,1126.8,Rainfed,78783,1,1,51.9,40000,60340,0.8542
FC-003501,GJ,GJ-Saurashtra,Millet,Kharif,1.15,Black,1298.1,Rainfed,102328,2,1,27.0,40000,38135,0.7999
FC-003502,AP,AP-Upland,Rice,Kharif,1.76,ClayLoam,1247.7,Tubewell,142109,2,0,82.4,126356,57136,0.2872
FC-003503,PB,PB-Doaba,Maize,Kharif,1.18,Alluvial,424.6,Canal,74161,1,0,99.1,40000,16885,0.331
FC-003504,TG,TG-South,Wheat,Rabi,2.7,Red,1132.1,Rainfed,239675,2,0,100.0,159362,400000,0.6375
FC-003505,HR,HR-East,Rice,Rabi,0.21,Sandy,386.4,Rainfed,34803,1,1,74.9,40000,157817,0.9156
FC-003506,TG,TG-North,Groundnut,Kharif,0.51,Red,795.4,Canal,48557,2,0,72.3,40000,12101,0.1902
FC-003507,MP,MP-Chambal,Soybean,Kharif,2.34,Black,1126.3,Canal,181466,2,0,96.0,94552,0,0.2327
FC-003508,AP,AP-Coastal,Pulses,Kharif,1.42,Red,918.4,Canal,103358,1,0,31.7,72237,10584,0.4427
FC-003509,TN,TN-South,Sugarcane,Kharif,0.72,Red,713.0,Rainfed,62436,4,0,56.0,75501,29977,0.6403
FC-003510,TN,TN-North,Cotton,Kharif,1.2,Laterite,785.5,Canal,78406,4,0,72.4,112455,16150,0.1089
FC-003511,RJ,RJ-Marwar,Wheat,Rabi,0.38,Sandy,250.0,Tubewell,42828,1,0,73.5,40000,16294,0.4631
FC-003512,PB,PB-Majha,Wheat,Rabi,2.02,Alluvial,452.5,Drip,163165,0,0,85.0,133453,26397,0.245
FC-003513,MH,MH-Marathwada,Cotton,Kharif,0.41,Black,662.5,Tubewell,66533,0,0,61.9,49493,14820,0.5581
FC-003514,MH,MH-Konkan,Wheat,Rabi,1.55,Alluvial,528.1,Canal,103663,1,0,54.6,66923,4285,0.4707
FC-003515,TN,TN-Delta,Millet,Kharif,0.36,Laterite,1011.8,Rainfed,45473,3,0,94.1,40000,135880,0.7441
FC-003516,PB,PB-Malwa,Cotton,Kharif,4.0,ClayLoam,674.1,Tubewell,252468,1,0,80.1,362180,43941,0.0991
FC-003517,RJ,RJ-Shekhawati,Millet,Kharif,1.09,ClayLoam,622.9,Canal,114538,2,0,60.7,40000,0,0.5388
FC-003518,HR,HR-West,Millet,Kharif,2.4,Alluvial,533.2,Tubewell,134439,1,0,59.4,45291,31851,0.6442
FC-003519,MH,MH-Vidarbha,Rice,Rabi,1.28,Black,999.2,Rainfed,76912,1,0,78.1,55650,3864,0.2468
FC-003520,BR,BR-South,Rice,Rabi,1.17,ClayLoam,1203.2,Canal,118778,1,0,58.7,86252,83235,0.5482
FC-003521,PB,PB-Majha,Rice,Kharif,0.7,Black,669.1,Tubewell,52345,2,0,91.2,40000,13544,0.27
FC-003522,RJ,RJ-Hadoti,Wheat,Rabi,5.34,Sandy,286.2,Tubewell,269352,1,0,67.8,319225,19243,0.2584
FC-003523,RJ,RJ-Marwar,Mustard,Rabi,0.76,Black,472.7,Tubewell,81634,0,0,84.5,42099,13109,0.3521
FC-003524,TG,TG-Central,Maize,Rabi,0.62,Red,826.7,Canal,49269,0,0,77.3,44100,35464,0.4206
FC-003525,MH,MH-Konkan,Cotton,Kharif,3.07,Laterite,886.3,Tubewell,216671,2,0,100.0,218916,21033,0.1001
FC-003526,TN,TN-South,Rice,Rabi,0.69,Red,869.1,Drip,52843,5,0,80.4,40000,25718,0.364
FC-003527,RJ,RJ-Shekhawati,Millet,Kharif,1.23,Black,351.6,Rainfed,75718,4,0,91.5,40000,6144,0.2234
FC-003528,AP,AP-Rayalaseema,Groundnut,Kharif,0.89,ClayLoam,1123.7,Tubewell,99266,1,0,55.6,59775,0,0.4101
FC-003529,MH,MH-Konkan,Cotton,Kharif,0.83,Black,858.2,Rainfed,56286,1,0,47.4,40000,36734,0.6377
FC-003530,TN,TN-Delta,Rice,Rabi,0.6,Red,445.1,Canal,48472,1,0,99.7,40000,42561,0.5783
FC-003531,BR,BR-South,Rice,Rabi,0.98,Alluvial,1412.5,Drip,120876,1,0,67.4,70007,12422,0.4704
FC-003532,PB,PB-Doaba,Wheat,Rabi,0.65,Sandy,628.9,Tubewell,57091,4,0,69.2,40000,11922,0.3105
FC-003533,KA,KA-Coastal,Maize,Rabi,2.44,Red,1093.6,Rainfed,208941,1,0,77.3,99532,0,0.365
FC-003534,MH,MH-Vidarbha,Rice,Rabi,6.69,Laterite,794.6,Tubewell,389572,1,0,90.3,454576,41408,0.1414
FC-003535,KA,KA-South,Rice,Kharif,0.59,Red,1083.2,Rainfed,49665,0,0,84.4,41911,20129,0.336
FC-003536,PB,PB-Malwa,Wheat,Rabi,2.81,Sandy,652.0,Rainfed,257955,1,0,77.0,199074,337580,0.6142
FC-003537,MH,MH-Western,Soybean,Kharif,5.04,Black,852.1,Canal,343849,1,0,80.9,305293,7236,0.1949
FC-003538,AP,AP-Rayalaseema,Cotton,Kharif,1.08,Laterite,953.6,Canal,90678,1,0,90.1,86912,5253,0.1265
FC-003539,MH,MH-Vidarbha,Sugarcane,Rabi,2.08,ClayLoam,555.6,Rainfed,198684,2,0,89.7,372230,86802,0.3705
FC-003540,TN,TN-North,Rice,Kharif,2.81,Red,1098.2,Rainfed,162901,2,0,61.2,184117,39321,0.1942
FC-003541,AP,AP-Upland,Rice,Kharif,1.68,Red,1073.9,Drip,104383,0,0,53.7,67284,29517,0.3412
FC-003542,PB,PB-Malwa,Sugarcane,Rabi,2.58,Alluvial,834.6,Rainfed,290566,3,0,72.4,385973,3793,0.1284
FC-003543,MH,MH-Western,Cotton,Kharif,0.66,Red,1065.3,Canal,78363,1,0,58.0,63570,34785,0.3704
FC-003544,MP,MP-Bundelkhand,Maize,Rabi,0.93,Alluvial,1076.6,Drip,85459,5,0,96.3,40000,10613,0.2942
FC-003545,UP,UP-Eastern,Wheat,Rabi,1.39,Alluvial,952.7,Rainfed,143989,2,0,63.3,75738,42735,0.5558
FC-003546,MH,MH-Western,Sugarcane,Kharif,0.5,Black,1202.9,Canal,87978,2,0,64.7,106878,0,0.3018
FC-003547,PB,PB-Majha,Rice,Rabi,0.4,Alluvial,722.5,Tubewell,42243,0,1,30.4,40000,115982,0.9252
FC-003548,RJ,RJ-Marwar,Millet,Kharif,1.72,Alluvial,416.6,Tubewell,157423,2,0,69.2,40000,44178,0.8149
FC-003549,MH,MH-Vidarbha,Sugarcane,Kharif,2.68,Red,1125.8,Canal,263286,3,0,75.2,458993,37768,0.1443
FC-003550,TN,TN-West,Cotton,Kharif,1.32,Laterite,895.4,Tubewell,99664,2,0,72.7,61133,4045,0.3219
FC-003551,PB,PB-Doaba,Maize,Rabi,1.05,Sandy,800.1,Tubewell,89384,2,0,58.7,40000,12067,0.5323
FC-003552,BR,BR-Gangetic,Maize,Kharif,1.57,Alluvial,1332.2,Tubewell,78364,2,0,69.8,60600,58184,0.4521
FC-003553,UP,UP-Central,Wheat,Rabi,0.55,Alluvial,612.5,Canal,84240,1,0,80.4,40000,0,0.5971
FC-003554,BR,BR-South,Pulses,Kharif,2.61,Alluvial,1276.6,Rainfed,131661,0,0,55.3,65959,8624,0.4245
FC-003555,TG,TG-North,Millet,Kharif,0.82,Red,767.3,Drip,85618,1,0,62.0,40000,20168,0.5797
FC-003556,BR,BR-South,Wheat,Rabi,1.1,Alluvial,784.6,Drip,116160,3,0,93.3,67349,0,0.233
FC-003557,KA,KA-North,Rice,Kharif,1.54,Alluvial,1545.4,Canal,167175,1,0,83.7,97056,17480,0.3496
FC-003558,KA,KA-South,Rice,Rabi,4.8,Laterite,1033.0,Tubewell,394392,4,0,81.2,324558,41957,0.1731
FC-003559,BR,BR-North,Pulses,Kharif,3.51,Alluvial,1457.5,Canal,212275,1,0,66.3,161200,5608,0.3109
FC-003560,UP,UP-Eastern,Wheat,Rabi,0.44,ClayLoam,1149.7,Tubewell,77241,3,0,69.2,40000,0,0.3226
FC-003561,MH,MH-Marathwada,Soybean,Kharif,1.05,Laterite,1126.6,Rainfed,104765,1,0,75.1,57595,0,0.2629
FC-003562,BR,BR-South,Pulses,Rabi,2.28,Alluvial,1436.2,Canal,136682,1,0,52.1,51007,29351,0.6672
FC-003563,RJ,RJ-Marwar,Cotton,Kharif,2.61,Sandy,653.6,Tubewell,192272,0,0,95.2,167152,46155,0.2026
FC-003564,PB,PB-Majha,Rice,Rabi,0.42,Alluvial,641.9,Tubewell,77711,2,0,70.9,40000,0,0.4756
FC-003565,BR,BR-North,Wheat,Rabi,1.63,Alluvial,1226.3,Drip,113454,0,0,73.1,114020,6565,0.1919
FC-003566,UP,UP-Eastern,Rice,Rabi,1.36,Alluvial,927.4,Rainfed,147949,2,0,67.0,98336,11132,0.3503
FC-003567,MH,MH-Konkan,Sugarcane,Kharif,1.0,Laterite,768.1,Tubewell,122543,6,0,63.0,196423,0,0.2224
FC-003568,RJ,RJ-Marwar,Maize,Kharif,1.58,Sandy,638.8,Tubewell,91653,0,0,66.5,48311,195530,0.6593
FC-003569,TG,TG-Central,Pulses,Kharif,0.42,Red,521.2,Tubewell,53762,3,0,74.5,40000,135301,0.6666
FC-003570,MH,MH-Vidarbha,Wheat,Rabi,0.57,Black,966.1,Tubewell,75267,0,0,59.2,40000,10196,0.3841
FC-003571,BR,BR-North,Rice,Kharif,1.66,Alluvial,1386.8,Tubewell,101085,4,0,60.8,96353,12569,0.2408
FC-003572,MH,MH-Vidarbha,Maize,Rabi,1.55,Red,1244.5,Rainfed,94946,1,0,79.8,84143,59215,0.2146
FC-003573,UP,UP-Central,Rice,Rabi,1.44,Alluvial,1088.2,Rainfed,78074,2,0,80.3,78920,26467,0.256
FC-003574,MH,MH-Western,Soybean,Kharif,1.63,Red,1189.6,Tubewell,133179,1,0,93.0,92563,6690,0.1645
FC-003575,HR,HR-South,Maize,Rabi,1.07,Alluvial,843.6,Tubewell,60373,1,0,66.5,40000,354360,0.5427
FC-003576,AP,AP-Rayalaseema,Maize,Kharif,0.25,Sandy,1133.0,Rainfed,62355,1,0,74.2,40000,10439,0.5553
FC-003577,BR,BR-Gangetic,Rice,Kharif,1.26,Alluvial,1140.4,Tubewell,83339,3,0,59.9,81966,51014,0.2823
FC-003578,PB,PB-Malwa,Wheat,Rabi,0.65,Alluvial,744.5,Canal,60000,2,0,47.9,60324,0,0.2565
FC-003579,HR,HR-West,Wheat,Rabi,0.51,Alluvial,662.4,Drip,43123,2,0,50.8,40000,0,0.2539
FC-003580,BR,BR-Gangetic,Pulses,Kharif,1.41,ClayLoam,890.4,Tubewell,131760,0,0,89.9,40000,38473,0.6908
FC-003581,RJ,RJ-Mewar,Maize,Rabi,5.03,Sandy,444.2,Tubewell,343692,1,0,62.1,212113,14194,0.2354
FC-003582,RJ,RJ-Marwar,Millet,Kharif,1.26,Alluvial,421.0,Rainfed,98566,1,0,91.8,40000,13536,0.3781
FC-003583,RJ,RJ-Marwar,Pulses,Kharif,1.13,Sandy,826.6,Rainfed,61552,3,0,86.8,40000,11383,0.2689
FC-003584,AP,AP-Upland,Rice,Kharif,0.59,Black,974.4,Tubewell,78482,0,0,53.3,40881,5405,0.5445
FC-003585,HR,HR-West,Mustard,Rabi,0.36,Alluvial,587.9,Canal,36840,1,0,72.4,40000,28469,0.2495
FC-003586,BR,BR-North,Wheat,Rabi,1.23,Alluvial,1558.1,Canal,93616,1,0,85.7,73699,10445,0.2031
FC-003587,MH,MH-Western,Pulses,Rabi,1.01,Black,1248.1,Tubewell,65660,0,0,73.8,40000,21850,0.2555
FC-003588,UP,UP-Bundelkhand,Sugarcane,Rabi,1.06,Alluvial,1119.4,Rainfed,162519,2,0,73.1,251954,48303,0.1473
FC-003589,GJ,GJ-Saurashtra,Rice,Kharif,0.51,Black,662.9,Tubewell,46214,2,0,78.1,40000,40209,0.5686
FC-003590,KA,KA-South,Sugarcane,Rabi,0.85,Alluvial,866.0,Rainfed,124953,2,0,58.9,100032,26416,0.5907
FC-003591,UP,UP-Central,Rice,Rabi,1.35,Alluvial,1433.1,Rainfed,158600,4,0,62.9,117661,15182,0.2371
FC-003592,TN,TN-North,Pulses,Rabi,1.53,ClayLoam,1180.4,Rainfed,114823,1,0,69.2,40000,117141,0.7319
FC-003593,PB,PB-Majha,Rice,Kharif,0.23,Red,544.0,Canal,47062,0,0,49.9,40000,20563,0.5574
FC-003594,RJ,RJ-Mewar,Cotton,Kharif,0.89,Alluvial,636.9,Tubewell,89945,7,0,82.7,77894,52344,0.287
FC-003595,TN,TN-North,Rice,Rabi,1.33,Alluvial,316.2,Canal,122241,1,0,85.6,69923,40197,0.5765
FC-003596,TG,TG-Central,Maize,Rabi,1.45,Black,1285.0,Canal,79859,3,0,40.3,41020,7268,0.4134
FC-003597,HR,HR-East,Wheat,Rabi,1.64,ClayLoam,472.1,Rainfed,163811,4,0,58.5,85173,19335,0.64
FC-003598,MH,MH-Vidarbha,Rice,Kharif,4.24,Red,819.6,Tubewell,364853,0,0,73.2,267013,40063,0.319
FC-003599,RJ,RJ-Hadoti,Mustard,Rabi,0.79,Sandy,375.8,Drip,89582,2,0,86.5,40000,59536,0.7699
FC-003600,HR,HR-South,Wheat,Rabi,0.88,Sandy,667.5,Rainfed,82586,3,0,78.0,67964,51177,0.3447
FC-003601,AP,AP-Rayalaseema,Pulses,Kharif,1.27,Alluvial,1296.0,Tubewell,112982,5,0,85.0,40000,56093,0.7401
FC-003602,MH,MH-Western,Sugarcane,Rabi,0.96,Laterite,866.0,Tubewell,109116,3,0,67.3,163354,78097,0.4876
FC-003603,GJ,GJ-Central,Wheat,Rabi,0.68,Alluvial,782.3,Canal,97842,2,1,37.0,55975,400000,0.8967
FC-003604,MP,MP-Chambal,Groundnut,Kharif,0.59,Black,1081.4,Drip,75396,1,0,82.0,51339,0,0.2232
FC-003605,AP,AP-Upland,Cotton,Kharif,1.96,ClayLoam,1265.2,Rainfed,139250,3,0,72.3,175560,38911,0.2047
FC-003606,PB,PB-Doaba,Sugarcane,Rabi,1.98,Alluvial,732.9,Canal,213259,3,0,55.3,350250,6900,0.1299
FC-003607,TN,TN-North,Rice,Kharif,2.91,Red,1410.4,Tubewell,207948,3,0,89.2,155793,18796,0.175
FC-003608,TG,TG-North,Rice,Rabi,6.15,Red,860.5,Canal,403672,4,0,72.2,465905,89904,0.1575
FC-003609,RJ,RJ-Mewar,Millet,Kharif,0.96,Alluvial,266.1,Rainfed,77352,2,0,89.6,40000,93601,0.8659
FC-003610,KA,KA-South,Pulses,Kharif,2.86,Black,1579.7,Canal,232374,2,0,92.6,96201,31770,0.3658
FC-003611,KA,KA-Central,Maize,Rabi,1.91,ClayLoam,1384.1,Drip,153328,0,0,62.6,94572,20071,0.2839
FC-003612,UP,UP-Western,Sugarcane,Rabi,0.94,Alluvial,900.8,Drip,75763,2,0,100.0,112978,11924,0.1282
FC-003613,BR,BR-Gangetic,Rice,Rabi,4.41,Alluvial,1409.6,Tubewell,359662,6,0,71.5,208938,4086,0.2326
FC-003614,KA,KA-South,Soybean,Kharif,1.81,Red,1340.2,Rainfed,152520,3,0,75.7,70190,0,0.4528
FC-003615,RJ,RJ-Mewar,Groundnut,Rabi,1.42,Alluvial,407.9,Rainfed,111120,4,0,89.5,101090,0,0.1673
FC-003616,TG,TG-North,Rice,Rabi,1.87,Black,948.5,Tubewell,187007,3,0,91.2,111617,83650,0.3852
FC-003617,UP,UP-Western,Mustard,Rabi,0.69,Alluvial,1146.1,Canal,82722,2,0,71.2,40000,96168,0.634
FC-003618,RJ,RJ-Hadoti,Mustard,Rabi,2.52,Red,550.0,Tubewell,180056,2,0,81.1,149472,15273,0.2189
FC-003619,AP,AP-Coastal,Groundnut,Rabi,5.25,Sandy,1113.4,Rainfed,279346,1,0,78.6,228700,179812,0.2486
FC-003620,MH,MH-Marathwada,Soybean,Kharif,1.12,ClayLoam,910.4,Canal,84651,3,0,58.9,69036,42403,0.259
FC-003621,TG,TG-South,Maize,Rabi,1.01,Red,1094.8,Drip,114315,1,0,67.9,63568,6330,0.3673
FC-003622,RJ,RJ-Mewar,Wheat,Rabi,0.55,Sandy,349.9,Canal,72749,2,1,32.2,40000,21541,0.8023
FC-003623,MP,MP-Malwa,Millet,Kharif,0.73,Alluvial,1059.1,Canal,63111,2,1,44.5,40000,133854,0.8261
FC-003624,TG,TG-South,Rice,Kharif,0.4,ClayLoam,478.6,Rainfed,54611,1,0,52.7,40000,67635,0.8952
FC-003625,BR,BR-North,Wheat,Rabi,0.42,Alluvial,943.6,Drip,57828,2,1,50.4,40000,86625,0.7906
FC-003626,KA,KA-South,Rice,Kharif,2.22,Red,725.3,Canal,200826,1,0,57.5,78061,11576,0.6705
FC-003627,AP,AP-Coastal,Cotton,Kharif,0.32,Black,781.5,Drip,43652,0,0,89.5,40000,0,0.2649
FC-003628,MH,MH-Vidarbha,Rice,Rabi,0.3,Black,455.4,Canal,39379,4,0,79.3,40000,0,0.4301
FC-003629,PB,PB-Majha,Cotton,Kharif,0.58,Alluvial,756.3,Canal,77022,3,0,52.1,53213,10033,0.3214
FC-003630,AP,AP-Rayalaseema,Sugarcane,Rabi,0.81,Alluvial,760.7,Tubewell,73834,3,0,93.5,157261,102145,0.1748
FC-003631,KA,KA-South,Maize,Kharif,1.09,Sandy,1142.0,Canal,82211,3,0,100.0,40000,0,0.2158
FC-003632,UP,UP-Central,Wheat,Rabi,2.23,Sandy,1069.0,Rainfed,180072,3,0,56.3,90873,17915,0.511
FC-003633,MH,MH-Western,Sugarcane,Kharif,0.87,Black,737.7,Canal,78211,1,0,68.8,141746,20128,0.1248
FC-003634,PB,PB-Majha,Wheat,Rabi,0.99,Alluvial,524.5,Canal,87728,6,0,95.4,64051,9620,0.1716
FC-003635,AP,AP-Rayalaseema,Maize,Rabi,1.63,Laterite,1379.8,Canal,80059,5,0,78.9,52980,42271,0.4747
FC-003636,UP,UP-Eastern,Wheat,Rabi,0.67,Alluvial,906.3,Canal,90001,1,0,45.5,40000,10948,0.5849
FC-003637,GJ,GJ-North,Rice,Rabi,0.24,Sandy,673.4,Canal,50266,4,0,66.9,40000,19737,0.4877
FC-003638,MP,MP-Malwa,Rice,Rabi,1.36,Black,672.6,Drip,125819,0,0,57.6,69888,19428,0.47
FC-003639,BR,BR-Gangetic,Wheat,Rabi,1.3,Alluvial,858.1,Canal,120910,0,0,77.1,80712,54065,0.2971
FC-003640,UP,UP-Central,Sugarcane,Kharif,1.36,Sandy,1077.4,Canal,169552,1,0,77.1,196377,15680,0.1887
FC-003641,MH,MH-Vidarbha,Wheat,Rabi,5.48,Alluvial,421.7,Rainfed,243324,2,0,82.5,120546,47942,0.6275
FC-003642,TN,TN-Delta,Rice,Rabi,0.46,ClayLoam,1197.0,Canal,42331,1,0,67.5,40000,9034,0.2549
FC-003643,KA,KA-Central,Rice,Rabi,3.39,ClayLoam,639.8,Rainfed,188156,3,0,69.7,168916,29926,0.3467
FC-003644,MP,MP-Bundelkhand,Rice,Kharif,1.38,ClayLoam,931.0,Canal,80697,2,0,82.9,55801,73502,0.4561
FC-003645,MP,MP-Bundelkhand,Wheat,Rabi,1.08,Red,1198.0,Canal,104865,2,0,98.4,108722,19625,0.1961
FC-003646,MP,MP-Bundelkhand,Rice,Rabi,6.39,Red,842.1,Rainfed,368887,2,0,66.1,312314,13267,0.2741
FC-003647,UP,UP-Eastern,Rice,Rabi,0.33,Alluvial,814.7,Tubewell,63887,3,1,44.8,40000,53654,0.8568
FC-003648,MH,MH-Marathwada,Sugarcane,Rabi,1.08,Red,1081.8,Drip,126560,4,0,98.7,142006,13888,0.1646
FC-003649,PB,PB-Majha,Wheat,Rabi,0.87,Alluvial,807.3,Rainfed,75941,5,0,45.2,49670,29910,0.6635
FC-003650,TG,TG-South,Maize,Rabi,0.98,ClayLoam,1100.5,Canal,88975,1,0,66.1,48000,13312,0.5908
FC-003651,MH,MH-Marathwada,Sugarcane,Kharif,3.42,Laterite,1034.0,Canal,309450,4,0,71.8,487310,0,0.1229
FC-003652,UP,UP-Western,Sugarcane,Rabi,0.95,Alluvial,728.3,Tubewell,129481,0,0,77.0,115425,11840,0.3991
FC-003653,BR,BR-North,Rice,Kharif,1.18,Sandy,1151.4,Canal,112445,2,0,64.3,77249,151471,0.6898
FC-003654,MP,MP-Malwa,Wheat,Rabi,1.14,Black,1569.1,Rainfed,88299,0,0,72.9,48743,24813,0.5328
FC-003655,KA,KA-South,Groundnut,Rabi,0.42,Alluvial,1573.7,Rainfed,51304,2,0,86.0,40000,0,0.3962
FC-003656,RJ,RJ-Hadoti,Wheat,Rabi,0.64,Sandy,537.8,Canal,76143,1,0,56.2,40000,24815,0.5132
FC-003657,BR,BR-North,Pulses,Rabi,0.75,Alluvial,1179.7,Tubewell,89686,6,0,50.4,40000,10325,0.5303
FC-003658,RJ,RJ-Hadoti,Pulses,Kharif,0.66,Red,469.1,Tubewell,72510,0,0,77.2,40000,18068,0.4597
FC-003659,UP,UP-Central,Mustard,Rabi,1.74,ClayLoam,1064.0,Rainfed,174395,3,1,42.9,73112,382488,0.8052
FC-003660,KA,KA-Central,Sugarcane,Rabi,1.75,Red,1106.2,Rainfed,153756,5,0,65.8,270054,124889,0.3583
FC-003661,KA,KA-North,Maize,Kharif,2.47,Black,1327.4,Rainfed,175155,2,0,70.8,80683,0,0.4784
FC-003662,RJ,RJ-Hadoti,Cotton,Kharif,1.01,Sandy,341.4,Drip,116051,1,1,28.7,40000,62233,0.9196
FC-003663,UP,UP-Central,Sugarcane,Rabi,1.47,Black,905.0,Drip,144956,0,0,96.6,279989,0,0.0647
FC-003664,MP,MP-Malwa,Mustard,Rabi,0.78,Alluvial,865.3,Tubewell,75228,2,0,73.2,40000,11410,0.393
FC-003665,MP,MP-Chambal,Millet,Kharif,3.02,ClayLoam,1066.2,Tubewell,177876,1,0,97.5,81750,0,0.2198
FC-003666,AP,AP-Rayalaseema,Rice,Kharif,3.13,Red,935.1,Rainfed,201027,1,0,85.3,188355,52095,0.4037
FC-003667,MP,MP-Chambal,Wheat,Rabi,2.56,Black,973.6,Rainfed,131442,3,0,91.0,113987,117760,0.2156
FC-003668,KA,KA-Central,Maize,Kharif,0.65,Red,828.7,Drip,60238,1,0,87.6,40000,12329,0.2816
FC-003669,MP,MP-Mahakoshal,Maize,Kharif,1.04,Black,448.5,Tubewell,96721,1,0,87.0,49007,11237,0.4629
FC-003670,MH,MH-Vidarbha,Sugarcane,Rabi,0.77,Red,803.2,Tubewell,110458,0,0,100.0,131843,0,0.1513
FC-003671,AP,AP-Coastal,Cotton,Kharif,7.52,Black,1230.6,Rainfed,426035,5,0,86.0,670413,0,0.0992
FC-003672,GJ,GJ-North,Cotton,Kharif,0.52,Alluvial,634.2,Tubewell,50622,2,0,78.2,40000,0,0.4215
FC-003673,KA,KA-South,Rice,Rabi,1.67,Black,707.5,Tubewell,114568,1,0,66.9,101875,27922,0.4952
FC-003674,UP,UP-Eastern,Rice,Kharif,1.03,ClayLoam,946.0,Rainfed,92361,4,0,51.5,59985,102268,0.6802
FC-003675,BR,BR-South,Maize,Rabi,2.95,Alluvial,823.7,Rainfed,191413,1,0,66.7,113325,38802,0.5564
FC-003676,TN,TN-Delta,Rice,Rabi,0.69,Red,475.3,Rainfed,85004,0,0,63.2,40000,0,0.8143
FC-003677,PB,PB-Malwa,Wheat,Rabi,0.46,ClayLoam,821.9,Canal,78370,2,0,76.8,44789,0,0.4953
FC-003678,AP,AP-Upland,Rice,Rabi,0.43,Red,1044.7,Canal,47051,4,0,86.6,40000,1210,0.21
FC-003679,AP,AP-Rayalaseema,Rice,Kharif,1.28,Red,698.9,Drip,116068,1,0,78.6,69344,18983,0.5601
FC-003680,TG,TG-South,Cotton,Kharif,3.53,Red,735.9,Canal,345702,2,0,92.7,347179,6666,0.2215
FC-003681,UP,UP-Western,Groundnut,Rabi,0.63,Alluvial,1004.0,Rainfed,75842,3,0,59.8,49991,50327,0.5858
FC-003682,MH,MH-Western,Soybean,Kharif,0.69,Red,401.6,Drip,68146,7,0,69.3,40000,31158,0.554
FC-003683,UP,UP-Western,Wheat,Rabi,2.4,Alluvial,897.0,Canal,144560,2,0,75.5,105095,190961,0.3896
FC-003684,UP,UP-Western,Pulses,Rabi,1.83,ClayLoam,1051.1,Tubewell,99688,1,0,66.3,64211,7615,0.3255
FC-003685,RJ,RJ-Marwar,Wheat,Rabi,1.2,Alluvial,413.2,Tubewell,126024,3,0,70.5,57234,46307,0.6997
FC-003686,PB,PB-Doaba,Rice,Kharif,2.72,Alluvial,595.5,Drip,182218,1,0,58.3,144959,32038,0.2506
FC-003687,RJ,RJ-Shekhawati,Pulses,Kharif,0.33,Alluvial,436.5,Tubewell,57105,1,0,87.4,40000,0,0.3495
FC-003688,KA,KA-South,Pulses,Rabi,3.23,Black,1512.0,Canal,273139,1,0,87.6,106226,69826,0.5399
FC-003689,UP,UP-Eastern,Sugarcane,Kharif,0.37,Alluvial,783.9,Canal,96218,2,0,78.5,109857,5786,0.3064
FC-003690,MP,MP-Chambal,Cotton,Kharif,4.91,Black,820.9,Tubewell,308314,2,0,81.6,326969,22198,0.3325
FC-003691,KA,KA-North,Groundnut,Kharif,1.0,Laterite,1297.2,Rainfed,59423,1,0,91.2,51502,14042,0.2421
FC-003692,GJ,GJ-Saurashtra,Cotton,Kharif,0.88,Red,781.5,Tubewell,92116,2,0,71.8,96233,28338,0.3015
FC-003693,KA,KA-Central,Sugarcane,Kharif,0.75,Red,1283.4,Canal,92780,2,0,68.8,91607,0,0.2349
FC-003694,MP,MP-Malwa,Rice,Rabi,0.98,Black,901.6,Canal,99606,1,0,52.8,44173,61380,0.7518
FC-003695,TG,TG-Central,Cotton,Kharif,1.6,Black,589.4,Tubewell,119300,1,0,85.5,142801,4826,0.193
FC-003696,GJ,GJ-North,Millet,Kharif,1.98,Alluvial,715.0,Canal,133905,4,0,84.8,43701,0,0.5052
FC-003697,MP,MP-Malwa,Soybean,Kharif,2.19,Black,452.8,Rainfed,177659,0,0,55.9,78341,0,0.8224
FC-003698,BR,BR-Gangetic,Sugarcane,Kharif,3.98,ClayLoam,1002.4,Canal,266023,3,0,86.6,559958,5171,0.0774
FC-003699,MP,MP-Mahakoshal,Cotton,Kharif,1.2,Black,1358.8,Tubewell,146891,3,0,92.3,94722,10430,0.2351
FC-003700,AP,AP-Rayalaseema,Groundnut,Kharif,2.17,Red,888.7,Tubewell,168272,3,0,73.7,135563,40790,0.2141
FC-003701,TN,TN-South,Maize,Rabi,2.65,Alluvial,1161.5,Rainfed,181394,2,0,100.0,77852,16195,0.3079
FC-003702,MP,MP-Chambal,Soybean,Kharif,0.39,Black,1103.9,Canal,37394,4,0,67.3,40000,10439,0.209
FC-003703,UP,UP-Central,Wheat,Rabi,0.61,ClayLoam,1106.9,Rainfed,60944,1,0,77.9,40000,33216,0.6363
FC-003704,KA,KA-South,Groundnut,Rabi,0.4,Red,1597.4,Canal,45647,4,0,100.0,40000,19220,0.1549
FC-003705,UP,UP-Bundelkhand,Mustard,Rabi,1.22,Alluvial,949.4,Rainfed,138653,3,0,99.3,79564,4483,0.2982
FC-003706,AP,AP-Upland,Maize,Kharif,0.2,Alluvial,478.0,Tubewell,58261,1,0,58.6,40000,72878,0.8429
FC-003707,KA,KA-Coastal,Rice,Rabi,0.74,Alluvial,1263.6,Rainfed,81404,0,0,56.4,45860,10860,0.3322
FC-003708,MP,MP-Chambal,Soybean,Kharif,0.4,Red,1293.8,Canal,61233,0,0,67.8,40000,129025,0.7927
FC-003709,HR,HR-West,Wheat,Rabi,0.57,Alluvial,612.1,Rainfed,67576,0,0,87.6,40000,108164,0.8443
FC-003710,GJ,GJ-Saurashtra,Rice,Kharif,0.36,Red,644.6,Canal,58264,2,0,73.8,40000,32682,0.541
FC-003711,PB,PB-Majha,Rice,Rabi,0.78,Alluvial,743.1,Canal,70198,5,0,68.2,43566,71420,0.6145
FC-003712,RJ,RJ-Hadoti,Cotton,Kharif,3.14,Alluvial,558.4,Canal,278632,1,0,78.1,212329,40283,0.2414
FC-003713,KA,KA-Central,Soybean,Kharif,1.54,Laterite,1328.7,Rainfed,81868,3,0,75.2,72802,27562,0.2137
FC-003714,PB,PB-Majha,Mustard,Rabi,2.41,Sandy,768.0,Canal,157384,4,0,50.7,109540,0,0.3157
FC-003715,BR,BR-South,Rice,Kharif,1.22,Alluvial,1573.9,Canal,103197,6,0,90.7,70198,0,0.2955
FC-003716,UP,UP-Western,Sugarcane,Rabi,1.72,ClayLoam,812.2,Drip,165974,2,0,94.3,395980,0,0.1037
FC-003717,MP,MP-Bundelkhand,Soybean,Kharif,5.66,ClayLoam,1284.9,Rainfed,448910,5,0,79.6,281656,6264,0.3637
FC-003718,BR,BR-South,Rice,Kharif,1.08,Alluvial,1303.1,Canal,95491,0,0,82.7,40000,58162,0.7488
FC-003719,UP,UP-Western,Wheat,Rabi,1.42,Alluvial,1173.5,Tubewell,103594,0,0,35.4,42963,7129,0.5908
FC-003720,UP,UP-Western,Mustard,Rabi,0.39,Sandy,968.0,Tubewell,49685,2,0,80.2,40000,36378,0.5713
FC-003721,GJ,GJ-North,Soybean,Kharif,1.18,ClayLoam,926.5,Drip,114080,1,0,84.1,41235,11242,0.4854
FC-003722,UP,UP-Bundelkhand,Mustard,Rabi,0.97,Red,674.8,Rainfed,102942,3,1,35.7,40000,28989,0.8386
FC-003723,AP,AP-Coastal,Rice,Rabi,4.92,Black,540.9,Tubewell,262852,2,0,65.9,284603,42690,0.2535
FC-003724,TN,TN-South,Rice,Kharif,0.26,Red,1408.7,Tubewell,61099,4,0,88.1,40000,192421,0.8686
FC-003725,HR,HR-West,Rice,Kharif,2.36,Alluvial,475.0,Rainfed,127194,3,0,55.8,128282,59914,0.4558
FC-003726,KA,KA-South,Maize,Rabi,0.39,Alluvial,1488.1,Tubewell,56819,2,0,74.7,40000,10311,0.4274
FC-003727,PB,PB-Malwa,Cotton,Kharif,1.45,Alluvial,604.6,Tubewell,131975,4,0,66.3,90824,5426,0.2588
FC-003728,UP,UP-Eastern,Rice,Rabi,0.24,ClayLoam,1238.5,Canal,60562,3,0,65.8,40000,44802,0.6079
FC-003729,BR,BR-North,Sugarcane,Kharif,0.86,Alluvial,1258.1,Rainfed,116439,1,0,54.8,154086,57672,0.3038
FC-003730,UP,UP-Eastern,Sugarcane,Rabi,3.51,Alluvial,614.0,Canal,279607,3,0,57.9,651363,0,0.265
FC-003731,HR,HR-East,Wheat,Rabi,0.44,Alluvial,451.4,Drip,67317,1,0,75.8,40000,246249,0.7939
FC-003732,MH,MH-Western,Cotton,Kharif,0.6,Black,1121.9,Rainfed,49167,1,0,70.8,41096,128589,0.5996
FC-003733,KA,KA-South,Groundnut,Kharif,0.93,Red,1027.4,Canal,114926,2,0,84.0,65286,0,0.3582
FC-003734,RJ,RJ-Marwar,Wheat,Rabi,0.94,Sandy,355.6,Rainfed,94815,1,0,89.1,46398,0,0.5568
FC-003735,MH,MH-Western,Groundnut,Rabi,0.54,Black,1074.8,Rainfed,76217,1,0,69.3,40000,0,0.3455
FC-003736,BR,BR-South,Rice,Kharif,1.77,Alluvial,1185.5,Canal,113594,1,0,52.9,127885,7374,0.1783
FC-003737,RJ,RJ-Marwar,Mustard,Rabi,1.67,Sandy,350.1,Canal,98312,2,0,100.0,97043,28441,0.0667
FC-003738,TG,TG-North,Rice,Kharif,2.24,Alluvial,614.8,Canal,114011,5,0,68.8,141354,11482,0.2375
FC-003739,KA,KA-South,Groundnut,Kharif,1.61,Laterite,1621.5,Canal,106102,2,0,50.9,53214,43722,0.5551
FC-003740,TN,TN-Delta,Rice,Kharif,0.95,Laterite,953.4,Drip,102011,3,0,80.9,74739,10294,0.3502
FC-003741,BR,BR-North,Mustard,Rabi,3.69,Alluvial,1232.7,Drip,278839,1,0,80.9,141686,36560,0.3842
FC-003742,TG,TG-Central,Pulses,Kharif,0.54,Red,651.8,Rainfed,85878,4,0,65.2,40000,0,0.5702
FC-003743,UP,UP-Bundelkhand,Wheat,Rabi,0.37,ClayLoam,966.8,Canal,65089,2,0,70.0,40000,0,0.458
FC-003744,PB,PB-Majha,Rice,Kharif,0.93,ClayLoam,492.7,Rainfed,80458,3,1,60.2,40000,2670,0.8695
FC-003745,MP,MP-Malwa,Pulses,Rabi,0.41,ClayLoam,1072.2,Tubewell,38540,5,0,85.6,40000,25087,0.3367
FC-003746,MP,MP-Mahakoshal,Mustard,Rabi,1.91,Red,1016.8,Canal,94730,3,0,75.6,40000,98167,0.6921
FC-003747,UP,UP-Eastern,Cotton,Kharif,0.67,Alluvial,994.1,Rainfed,80818,4,0,47.5,69445,34017,0.3876
FC-003748,TG,TG-North,Maize,Rabi,3.27,Red,719.2,Rainfed,223054,2,0,61.8,136253,54828,0.5483
FC-003749,HR,HR-East,Rice,Kharif,1.77,Alluvial,673.8,Canal,118875,0,0,91.5,50321,0,0.2363
FC-003750,UP,UP-Central,Maize,Rabi,2.83,Alluvial,655.0,Tubewell,178085,1,0,69.8,157085,115314,0.3789
FC-003751,UP,UP-Central,Rice,Kharif,0.6,ClayLoam,697.9,Tubewell,60503,1,0,71.0,40000,13415,0.4911
FC-003752,UP,UP-Central,Sugarcane,Rabi,1.45,Alluvial,675.0,Rainfed,114976,3,0,75.0,135909,51496,0.49
FC-003753,TG,TG-Central,Rice,Rabi,0.42,Red,1170.5,Canal,53009,3,0,71.6,40000,30076,0.3055
FC-003754,UP,UP-Bundelkhand,Wheat,Rabi,3.51,Alluvial,982.1,Tubewell,200358,3,0,82.7,279009,52833,0.0826
FC-003755,HR,HR-East,Wheat,Rabi,1.35,Sandy,488.5,Canal,72329,2,0,69.1,65497,44866,0.3072
FC-003756,MP,MP-Malwa,Wheat,Rabi,1.54,Black,1136.0,Canal,104799,3,0,63.1,85795,44610,0.2799
FC-003757,UP,UP-Eastern,Pulses,Rabi,1.64,Black,683.4,Drip,123720,7,0,59.7,54996,4621,0.4748
FC-003758,TN,TN-South,Pulses,Kharif,3.99,Red,774.8,Drip,292068,2,0,94.0,197634,38675,0.248
FC-003759,KA,KA-Central,Sugarcane,Rabi,3.0,Sandy,845.2,Tubewell,266394,4,0,79.6,320346,226542,0.3509
FC-003760,MP,MP-Malwa,Pulses,Rabi,2.7,Black,809.6,Canal,195171,4,0,88.7,127227,4428,0.2341
FC-003761,RJ,RJ-Shekhawati,Wheat,Rabi,0.43,Black,556.5,Drip,52569,2,0,74.6,40000,23120,0.3708
FC-003762,BR,BR-North,Mustard,Rabi,1.61,Sandy,976.6,Rainfed,96024,4,0,84.1,85073,169350,0.6367
FC-003763,HR,HR-West,Mustard,Rabi,0.57,Alluvial,680.3,Canal,48670,1,0,57.5,40000,0,0.1628
FC-003764,AP,AP-Rayalaseema,Rice,Rabi,3.11,Alluvial,871.3,Canal,244855,0,0,68.6,230669,37505,0.149
FC-003765,TG,TG-Central,Cotton,Kharif,0.45,Red,1105.6,Drip,49884,1,0,72.4,40000,0,0.2034
FC-003766,GJ,GJ-Central,Rice,Rabi,1.94,Alluvial,920.5,Rainfed,186024,4,0,51.1,206684,61817,0.3196
FC-003767,UP,UP-Central,Sugarcane,Rabi,0.73,Alluvial,695.7,Rainfed,59156,4,0,80.7,73276,4096,0.3555
FC-003768,UP,UP-Eastern,Wheat,Rabi,2.3,Alluvial,1123.1,Tubewell,150137,2,0,57.5,129479,24469,0.2183
FC-003769,GJ,GJ-North,Rice,Kharif,0.4,Red,1111.3,Drip,71772,2,0,70.8,40000,59184,0.6752
FC-003770,RJ,RJ-Marwar,Millet,Kharif,1.18,ClayLoam,728.2,Rainfed,74531,3,0,80.9,40000,110899,0.6444
FC-003771,UP,UP-Central,Wheat,Rabi,1.42,Alluvial,719.1,Canal,138713,2,0,74.3,67085,0,0.5039
FC-003772,KA,KA-Central,Millet,Kharif,0.42,Red,1113.4,Tubewell,50630,3,0,62.7,40000,7387,0.2345
FC-003773,AP,AP-Rayalaseema,Millet,Kharif,0.98,Alluvial,682.1,Tubewell,107013,2,0,100.0,40000,49624,0.691
FC-003774,KA,KA-Coastal,Maize,Rabi,0.9,Black,754.1,Tubewell,65693,1,0,54.2,40000,60457,0.6365
FC-003775,MP,MP-Bundelkhand,Pulses,Rabi,0.35,Black,751.4,Tubewell,49854,1,0,69.8,40000,16991,0.3817
FC-003776,TN,TN-West,Rice,Rabi,1.02,Laterite,1253.8,Rainfed,90472,2,0,60.1,65415,88610,0.6225
FC-003777,PB,PB-Doaba,Rice,Rabi,1.49,Sandy,622.1,Canal,150560,0,0,64.4,90104,6489,0.2741
FC-003778,MH,MH-Marathwada,Rice,Kharif,0.64,Black,928.7,Rainfed,51863,0,0,93.1,40000,51688,0.4984
FC-003779,UP,UP-Bundelkhand,Rice,Kharif,2.31,Alluvial,1170.9,Rainfed,134537,1,0,80.9,92816,31639,0.3214
FC-003780,AP,AP-Rayalaseema,Rice,Rabi,3.35,Black,918.1,Drip,248451,4,0,84.4,275935,62935,0.1885
FC-003781,UP,UP-Eastern,Pulses,Kharif,1.37,Alluvial,846.3,Tubewell,72775,3,0,88.0,40000,7278,0.2518
FC-003782,MP,MP-Bundelkhand,Wheat,Rabi,3.01,Black,857.6,Canal,209032,1,0,55.3,102659,58734,0.6627
FC-003783,GJ,GJ-Saurashtra,Sugarcane,Kharif,0.61,Black,1209.5,Rainfed,86623,7,0,90.7,90187,22545,0.3543
FC-003784,UP,UP-Central,Cotton,Kharif,1.51,Alluvial,970.3,Tubewell,110357,0,0,75.1,63354,193767,0.7066
FC-003785,KA,KA-South,Wheat,Rabi,1.35,Alluvial,713.7,Rainfed,73387,4,0,52.9,71978,63321,0.5645
FC-003786,UP,UP-Bundelkhand,Wheat,Rabi,0.94,Alluvial,1157.1,Tubewell,107512,2,0,71.9,57089,0,0.2119
FC-003787,MH,MH-Vidarbha,Sugarcane,Rabi,1.82,Red,643.7,Rainfed,193134,2,0,89.2,223925,0,0.3818
FC-003788,MH,MH-Konkan,Sugarcane,Kharif,0.77,Black,1163.9,Drip,115908,4,0,81.5,154091,37985,0.1332
FC-003789,MP,MP-Malwa,Wheat,Rabi,0.76,Red,1049.9,Drip,60683,2,0,55.6,40000,0,0.4193
FC-003790,UP,UP-Central,Wheat,Rabi,2.22,ClayLoam,864.2,Rainfed,158724,2,0,73.6,86449,17358,0.4367
FC-003791,UP,UP-Central,Sugarcane,Rabi,3.65,Alluvial,1173.9,Canal,380137,2,0,83.1,451731,13444,0.1264
FC-003792,MH,MH-Marathwada,Pulses,Kharif,0.43,Black,785.6,Rainfed,39997,4,0,75.4,40000,17844,0.2424
FC-003793,UP,UP-Central,Rice,Rabi,2.21,Alluvial,962.5,Drip,192567,4,0,83.3,114776,11517,0.2252
FC-003794,UP,UP-Western,Rice,Rabi,0.82,Alluvial,841.5,Tubewell,106939,3,1,42.9,48575,8786,0.8215
FC-003795,MP,MP-Bundelkhand,Pulses,Kharif,1.13,Red,1037.2,Rainfed,106131,4,0,82.7,52009,0,0.4922
FC-003796,HR,HR-East,Rice,Kharif,3.18,Alluvial,559.2,Tubewell,262075,1,0,92.6,154079,0,0.144
FC-003797,BR,BR-South,Rice,Rabi,1.02,Alluvial,1267.0,Rainfed,143648,1,0,71.5,115377,92570,0.4711
FC-003798,HR,HR-East,Mustard,Rabi,1.1,Alluvial,595.6,Rainfed,84624,2,0,54.1,50062,38783,0.683
FC-003799,AP,AP-Rayalaseema,Rice,Rabi,0.8,Red,899.0,Drip,81848,2,0,61.8,44053,7901,0.4766
FC-003800,UP,UP-Bundelkhand,Mustard,Rabi,0.3,ClayLoam,949.0,Rainfed,68056,3,0,62.0,40000,12213,0.6497
FC-003801,AP,AP-Coastal,Rice,Rabi,0.59,Sandy,979.5,Drip,43776,4,0,61.6,40000,55402,0.387
FC-003802,PB,PB-Malwa,Wheat,Rabi,0.87,Red,873.9,Rainfed,78413,4,0,83.5,40000,3590,0.3757
FC-003803,PB,PB-Doaba,Wheat,Rabi,0.87,Alluvial,632.0,Rainfed,77123,0,0,73.7,66882,0,0.2641
FC-003804,KA,KA-South,Rice,Kharif,0.65,Red,1104.7,Rainfed,74630,3,0,58.1,40000,1288,0.4198
FC-003805,TN,TN-North,Pulses,Kharif,2.59,Black,1164.0,Rainfed,212480,1,1,28.6,65698,107868,0.8098
FC-003806,PB,PB-Doaba,Maize,Kharif,2.49,Sandy,396.3,Canal,168038,3,0,79.6,121024,10572,0.147
FC-003807,TG,TG-Central,Rice,Kharif,1.11,Red,1149.9,Tubewell,137084,2,0,81.1,107193,4508,0.3025
FC-003808,UP,UP-Eastern,Rice,Rabi,9.47,Black,852.7,Canal,727962,4,0,75.1,318479,93960,0.562
FC-003809,TG,TG-North,Maize,Kharif,0.45,Red,872.3,Tubewell,61315,4,1,36.3,40000,186195,0.8631
FC-003810,MH,MH-Konkan,Pulses,Rabi,0.58,Red,653.7,Drip,63106,5,1,31.2,40000,292839,0.7926
FC-003811,MP,MP-Chambal,Wheat,Rabi,3.43,ClayLoam,825.4,Drip,255523,4,0,51.3,248112,4925,0.2034
FC-003812,KA,KA-Central,Millet,Kharif,3.04,ClayLoam,1270.8,Canal,148364,2,0,75.1,40364,8140,0.494
FC-003813,PB,PB-Malwa,Cotton,Kharif,1.95,Alluvial,657.6,Canal,105332,2,0,48.0,96417,0,0.209
FC-003814,RJ,RJ-Hadoti,Mustard,Rabi,2.22,Sandy,473.2,Drip,128720,3,0,66.0,133843,30390,0.1836
FC-003815,TN,TN-West,Rice,Kharif,1.4,Laterite,1188.3,Rainfed,103875,1,0,82.7,77118,39566,0.3381
FC-003816,BR,BR-South,Maize,Rabi,0.99,Alluvial,1224.0,Canal,71847,0,0,59.6,53262,18194,0.3198
FC-003817,TG,TG-Central,Soybean,Kharif,1.28,Black,966.6,Canal,89569,1,0,94.6,49680,50257,0.3276
FC-003818,GJ,GJ-North,Cotton,Kharif,0.48,Sandy,985.9,Rainfed,77084,4,0,89.9,40000,68005,0.6826
FC-003819,PB,PB-Majha,Mustard,Rabi,1.34,Alluvial,874.4,Canal,93849,1,0,83.0,45144,0,0.2302
FC-003820,BR,BR-North,Rice,Kharif,0.36,Alluvial,1179.6,Canal,51151,0,0,48.5,40000,148583,0.8898
FC-003821,KA,KA-Coastal,Sugarcane,Rabi,1.05,Red,1257.4,Canal,133985,2,0,73.3,213053,0,0.1645
FC-003822,GJ,GJ-South,Pulses,Rabi,2.25,Black,347.2,Rainfed,135103,2,0,44.4,57086,8413,0.7331
FC-003823,HR,HR-South,Wheat,Rabi,0.71,Sandy,636.5,Tubewell,58845,0,0,85.4,40000,400000,0.8008
FC-003824,MH,MH-Vidarbha,Soybean,Kharif,0.72,Laterite,1179.0,Rainfed,59811,3,0,70.5,40000,28497,0.3839
FC-003825,TN,TN-North,Pulses,Rabi,0.69,Laterite,1041.4,Canal,75713,4,1,69.9,40000,72604,0.8321
FC-003826,MH,MH-Marathwada,Cotton,Kharif,1.04,Black,918.9,Rainfed,95540,2,0,90.6,52179,0,0.3867
FC-003827,BR,BR-Gangetic,Sugarcane,Rabi,3.02,Alluvial,1157.1,Rainfed,280438,3,0,74.0,358037,17949,0.1114
FC-003828,GJ,GJ-Central,Mustard,Rabi,1.26,Black,756.9,Rainfed,95566,5,0,77.3,40000,9138,0.4718
FC-003829,MP,MP-Malwa,Soybean,Kharif,3.44,Black,1185.4,Drip,177053,3,0,94.8,128523,0,0.1373
FC-003830,BR,BR-North,Wheat,Rabi,0.83,Alluvial,1134.5,Rainfed,107433,1,0,75.2,77885,64799,0.5452
FC-003831,TG,TG-North,Rice,Rabi,0.57,Black,1053.7,Rainfed,82804,6,1,25.7,40000,35552,0.7947
FC-003832,MH,MH-Vidarbha,Pulses,Rabi,2.09,Black,1004.6,Canal,180891,3,0,65.7,41605,5053,0.7475
FC-003833,UP,UP-Central,Sugarcane,Kharif,0.32,Sandy,922.7,Rainfed,46202,0,0,93.3,40000,40607,0.4969
FC-003834,TG,TG-Central,Cotton,Kharif,1.16,Red,1109.8,Rainfed,121572,1,1,44.4,40000,22415,0.8423
FC-003835,UP,UP-Bundelkhand,Rice,Rabi,1.29,Alluvial,849.0,Rainfed,92289,3,0,67.9,40000,22219,0.6847
FC-003836,MH,MH-Vidarbha,Millet,Kharif,1.09,Alluvial,881.5,Tubewell,98484,5,0,78.4,40000,14304,0.517
FC-003837,TN,TN-Delta,Maize,Rabi,0.29,Sandy,1051.4,Canal,44616,1,0,90.4,40000,0,0.2633
FC-003838,UP,UP-Western,Sugarcane,Kharif,1.16,Alluvial,1076.9,Drip,186820,1,0,95.7,257853,0,0.1084
FC-003839,HR,HR-South,Cotton,Kharif,1.15,Alluvial,544.3,Rainfed,128373,3,0,78.6,50409,26738,0.6424
FC-003840,UP,UP-Central,Rice,Kharif,5.9,Alluvial,863.7,Canal,450933,2,0,57.9,409471,5986,0.3015
FC-003841,RJ,RJ-Marwar,Mustard,Rabi,4.24,Sandy,250.0,Tubewell,321269,1,0,71.5,129240,43525,0.4033
FC-003842,MP,MP-Bundelkhand,Pulses,Rabi,0.51,Red,1002.8,Rainfed,81361,6,0,77.2,40000,40372,0.5075
FC-003843,MP,MP-Mahakoshal,Wheat,Rabi,2.11,Alluvial,1173.4,Canal,180405,2,0,78.2,117034,88945,0.4762
FC-003844,TG,TG-South,Pulses,Kharif,1.36,Black,1187.6,Canal,94810,4,0,80.6,40000,16147,0.609
FC-003845,MH,MH-Marathwada,Maize,Kharif,0.96,Red,929.4,Canal,103727,1,0,54.1,41017,631,0.6393
FC-003846,MP,MP-Bundelkhand,Cotton,Kharif,1.1,Black,1361.3,Rainfed,139009,3,0,89.9,117608,70508,0.329
FC-003847,MP,MP-Bundelkhand,Soybean,Kharif,0.24,Laterite,1381.6,Tubewell,46050,3,0,84.1,40000,59800,0.6479
FC-003848,UP,UP-Eastern,Sugarcane,Kharif,0.71,Alluvial,761.2,Canal,66963,1,0,83.6,110542,60846,0.3852
FC-003849,MH,MH-Marathwada,Maize,Rabi,0.28,Black,722.2,Tubewell,34234,1,0,71.2,40000,17779,0.1995
FC-003850,UP,UP-Western,Sugarcane,Rabi,1.03,Alluvial,686.2,Rainfed,115633,2,0,61.9,150569,40501,0.4089
FC-003851,UP,UP-Bundelkhand,Sugarcane,Rabi,0.42,Alluvial,1109.9,Tubewell,88141,2,0,86.9,74556,10305,0.2907
FC-003852,AP,AP-Coastal,Rice,Rabi,2.29,Black,940.4,Tubewell,185117,0,0,60.4,155295,49636,0.3451
FC-003853,RJ,RJ-Mewar,Millet,Kharif,2.19,Red,304.2,Canal,187475,2,0,51.9,40000,14220,0.8208
FC-003854,TN,TN-South,Rice,Kharif,5.83,Red,1183.9,Tubewell,484256,1,0,89.5,484326,22167,0.1093
FC-003855,PB,PB-Malwa,Wheat,Rabi,0.64,Alluvial,548.7,Tubewell,86665,3,0,89.6,40000,4635,0.3974
FC-003856,GJ,GJ-Saurashtra,Cotton,Kharif,0.7,Black,787.1,Drip,76865,0,0,96.7,51869,56042,0.5759
FC-003857,UP,UP-Eastern,Pulses,Kharif,1.75,Alluvial,994.9,Canal,139709,2,0,84.4,40000,74910,0.7585
FC-003858,MH,MH-Vidarbha,Sugarcane,Kharif,0.29,Black,1121.2,Drip,49654,1,0,91.0,54038,65002,0.3267
FC-003859,AP,AP-Coastal,Millet,Kharif,0.38,Black,770.8,Tubewell,38115,2,0,88.2,40000,0,0.1627
FC-003860,GJ,GJ-South,Maize,Kharif,2.0,Black,772.8,Canal,188373,2,0,58.7,78420,124936,0.7672
FC-003861,MP,MP-Malwa,Soybean,Kharif,4.57,Black,491.5,Rainfed,380741,1,0,63.7,232673,93510,0.5807
FC-003862,TN,TN-North,Cotton,Kharif,4.77,Black,995.4,Tubewell,300506,5,0,70.8,357127,28319,0.1963
FC-003863,MP,MP-Bundelkhand,Soybean,Kharif,2.49,Alluvial,1313.6,Canal,131842,3,0,37.8,102356,37464,0.2359
FC-003864,RJ,RJ-Mewar,Millet,Kharif,0.73,Red,556.7,Drip,58353,3,0,67.8,40000,32688,0.3249
FC-003865,PB,PB-Doaba,Wheat,Rabi,0.83,ClayLoam,745.0,Tubewell,105621,4,0,74.1,60786,24261,0.5559
FC-003866,AP,AP-Coastal,Sugarcane,Kharif,0.94,Black,1323.1,Tubewell,87726,4,0,62.8,130801,141049,0.2776
FC-003867,TN,TN-North,Rice,Kharif,0.41,Alluvial,659.7,Rainfed,52493,1,0,78.1,40000,68580,0.8304
FC-003868,MH,MH-Konkan,Wheat,Rabi,2.34,Alluvial,516.1,Drip,224436,4,0,72.2,127003,0,0.4336
FC-003869,UP,UP-Central,Rice,Rabi,0.5,Alluvial,934.5,Drip,51569,3,0,86.4,40000,0,0.3206
FC-003870,MH,MH-Vidarbha,Sugarcane,Kharif,4.71,Black,831.0,Canal,418643,1,0,88.7,700000,6190,0.1368
FC-003871,TG,TG-Central,Rice,Kharif,0.82,Red,764.5,Rainfed,55137,2,0,78.6,40000,14663,0.6162
FC-003872,GJ,GJ-North,Groundnut,Kharif,1.0,Sandy,740.3,Canal,107467,0,0,67.3,55571,0,0.3002
FC-003873,RJ,RJ-Mewar,Millet,Kharif,0.23,Sandy,250.0,Drip,39993,4,0,70.9,40000,0,0.4041
FC-003874,UP,UP-Western,Rice,Kharif,0.27,Alluvial,718.0,Tubewell,36607,5,0,72.8,40000,21732,0.3934
FC-003875,UP,UP-Bundelkhand,Sugarcane,Kharif,2.41,Alluvial,998.0,Drip,272536,2,0,95.3,418640,68665,0.0775
FC-003876,PB,PB-Majha,Rice,Kharif,2.29,Alluvial,460.1,Rainfed,200775,1,1,55.5,118596,151913,0.8906
FC-003877,PB,PB-Malwa,Rice,Kharif,0.7,ClayLoam,715.1,Tubewell,92700,1,0,83.6,66943,22751,0.2825
FC-003878,MH,MH-Western,Maize,Rabi,0.65,ClayLoam,857.9,Drip,85885,0,0,100.0,40000,9696,0.361
FC-003879,PB,PB-Majha,Mustard,Rabi,2.02,Alluvial,632.0,Rainfed,167072,4,0,86.1,68173,5057,0.3885
FC-003880,UP,UP-Eastern,Rice,Kharif,1.94,ClayLoam,1100.2,Canal,173304,3,0,73.4,113707,4456,0.3195
FC-003881,UP,UP-Eastern,Wheat,Rabi,1.52,Alluvial,1008.2,Rainfed,156811,2,0,100.0,147165,16051,0.1189
FC-003882,MP,MP-Mahakoshal,Maize,Kharif,0.78,Black,813.8,Rainfed,91671,6,0,68.8,40000,25107,0.6433
FC-003883,UP,UP-Eastern,Wheat,Rabi,1.19,ClayLoam,758.2,Drip,125186,5,0,60.8,52988,39017,0.5268
FC-003884,AP,AP-Upland,Rice,Rabi,2.48,Alluvial,747.7,Canal,254109,2,0,75.7,156390,0,0.4194
FC-003885,TN,TN-West,Rice,Kharif,1.49,Laterite,862.8,Canal,77276,4,0,56.5,40000,0,0.4159
FC-003886,KA,KA-Central,Sugarcane,Kharif,2.92,Black,1227.0,Canal,352540,3,0,39.3,512921,0,0.2348
FC-003887,MH,MH-Western,Rice,Kharif,0.36,Black,1067.8,Tubewell,52157,1,0,79.5,40000,17015,0.4724
FC-003888,PB,PB-Malwa,Rice,Kharif,2.36,Alluvial,582.4,Canal,208237,5,0,100.0,117600,44112,0.3066
FC-003889,RJ,RJ-Marwar,Mustard,Rabi,1.18,Sandy,303.4,Rainfed,99826,3,0,49.6,40971,4519,0.6551
FC-003890,AP,AP-Rayalaseema,Pulses,Kharif,4.4,Black,1022.9,Rainfed,316539,1,0,81.1,106636,0,0.613
FC-003891,TG,TG-Central,Maize,Kharif,1.93,Black,552.6,Canal,184803,4,0,74.4,77758,5870,0.5946
FC-003892,MH,MH-Konkan,Millet,Kharif,0.9,Black,856.4,Rainfed,56660,2,0,87.4,40000,18600,0.3044
FC-003893,PB,PB-Majha,Wheat,Rabi,1.21,Alluvial,540.7,Drip,126275,1,0,91.0,83627,3630,0.2492
FC-003894,BR,BR-Gangetic,Rice,Rabi,1.93,Alluvial,1353.4,Rainfed,178702,2,0,60.3,83037,153421,0.7906
FC-003895,MH,MH-Western,Groundnut,Rabi,0.31,Laterite,1005.0,Drip,66757,2,0,76.8,40000,35410,0.454
FC-003896,KA,KA-South,Maize,Rabi,1.04,Red,950.8,Drip,103375,0,0,66.2,40000,19605,0.6673
FC-003897,MH,MH-Konkan,Sugarcane,Kharif,1.72,Black,991.9,Rainfed,180506,0,0,63.7,266473,45254,0.162
FC-003898,TN,TN-Delta,Rice,Kharif,1.39,Sandy,1034.8,Canal,132220,4,0,71.3,47984,0,0.4171
FC-003899,BR,BR-Gangetic,Wheat,Rabi,2.47,Alluvial,1483.4,Canal,153789,3,0,86.5,153436,21419,0.1522
FC-003900,TG,TG-South,Maize,Rabi,0.35,Black,988.9,Drip,36743,2,0,74.6,40000,82831,0.6155
FC-003901,UP,UP-Bundelkhand,Cotton,Kharif,1.38,ClayLoam,1081.1,Tubewell,105749,3,0,47.6,106289,36888,0.4163
FC-003902,MH,MH-Vidarbha,Cotton,Kharif,2.03,Black,1016.8,Tubewell,106415,0,0,100.0,111097,50127,0.1326
FC-003903,AP,AP-Rayalaseema,Groundnut,Rabi,7.11,Black,677.8,Tubewell,346662,2,0,66.8,407832,11415,0.1689
FC-003904,BR,BR-South,Rice,Kharif,0.73,Alluvial,1425.8,Rainfed,93583,1,0,71.5,40000,17139,0.5066
FC-003905,UP,UP-Bundelkhand,Pulses,Rabi,0.72,Alluvial,996.0,Canal,57661,6,0,54.0,40000,400000,0.8371
FC-003906,GJ,GJ-Saurashtra,Cotton,Kharif,1.45,Black,896.5,Canal,160774,3,0,62.3,116751,0,0.349
FC-003907,KA,KA-North,Groundnut,Rabi,0.84,Laterite,1508.9,Rainfed,93846,2,0,55.1,46155,26111,0.6596
FC-003908,UP,UP-Eastern,Wheat,Rabi,2.28,Alluvial,1031.8,Rainfed,136630,3,0,85.1,142600,131621,0.2977
FC-003909,TG,TG-Central,Rice,Rabi,1.56,Black,872.8,Tubewell,113773,3,0,85.5,95537,25062,0.148
FC-003910,TN,TN-South,Rice,Kharif,2.86,ClayLoam,687.9,Drip,257817,4,0,70.1,142494,5936,0.3201
FC-003911,RJ,RJ-Shekhawati,Wheat,Rabi,0.49,Sandy,335.4,Drip,48373,4,0,81.9,40000,196834,0.6966
FC-003912,AP,AP-Coastal,Rice,Rabi,2.29,Red,852.3,Canal,126886,1,0,69.9,126042,8276,0.1963
FC-003913,RJ,RJ-Mewar,Maize,Kharif,1.09,ClayLoam,391.8,Tubewell,66182,1,0,63.4,55532,45868,0.2418
FC-003914,PB,PB-Malwa,Wheat,Rabi,1.07,Sandy,709.8,Tubewell,104001,1,0,50.8,62600,0,0.4316
FC-003915,TN,TN-Delta,Sugarcane,Rabi,3.14,Red,969.4,Tubewell,405173,2,0,72.1,545549,0,0.107
FC-003916,TN,TN-South,Millet,Kharif,1.56,Alluvial,862.8,Rainfed,116422,4,0,80.1,40000,199042,0.7463
FC-003917,HR,HR-West,Rice,Kharif,1.18,Alluvial,551.3,Tubewell,97770,0,0,59.4,66679,0,0.3844
FC-003918,AP,AP-Upland,Wheat,Rabi,0.83,Alluvial,765.1,Drip,71951,1,0,62.1,47295,61416,0.6655
FC-003919,KA,KA-North,Cotton,Kharif,0.86,Black,1404.9,Canal,78123,1,0,69.5,41685,24813,0.5491
FC-003920,HR,HR-West,Wheat,Rabi,4.19,ClayLoam,615.4,Rainfed,338502,1,0,77.6,221654,20816,0.2184
FC-003921,TN,TN-Delta,Groundnut,Kharif,2.08,Laterite,1026.3,Drip,201916,4,0,71.9,155663,17540,0.3437
FC-003922,MH,MH-Vidarbha,Pulses,Kharif,0.4,Sandy,1287.5,Drip,51695,2,0,99.3,40000,5377,0.2444
FC-003923,UP,UP-Central,Wheat,Rabi,2.72,Alluvial,520.4,Drip,230526,2,0,64.6,167535,6786,0.2525
FC-003924,RJ,RJ-Hadoti,Millet,Kharif,0.98,Sandy,767.9,Tubewell,94858,0,0,78.2,40000,29305,0.5306
FC-003925,TN,TN-North,Sugarcane,Rabi,1.58,Red,730.7,Rainfed,207600,2,0,85.4,216077,9429,0.3546
FC-003926,MP,MP-Malwa,Rice,Kharif,1.32,Laterite,977.1,Canal,118459,1,0,91.5,60628,0,0.31
FC-003927,TN,TN-Delta,Sugarcane,Kharif,1.08,Alluvial,860.3,Rainfed,148222,1,0,68.4,155448,66065,0.3001
FC-003928,MH,MH-Marathwada,Sugarcane,Kharif,1.51,Black,723.8,Canal,112000,5,0,90.3,136439,171765,0.3876
FC-003929,RJ,RJ-Mewar,Millet,Kharif,2.37,Alluvial,352.5,Canal,181736,0,1,44.1,57699,48452,0.7998
FC-003930,RJ,RJ-Hadoti,Cotton,Kharif,2.58,Sandy,511.4,Rainfed,205278,3,0,77.7,175750,32817,0.2537
FC-003931,HR,HR-West,Wheat,Rabi,1.6,Sandy,512.3,Drip,87510,2,0,76.8,84839,0,0.1102
FC-003932,HR,HR-West,Wheat,Rabi,0.48,Alluvial,523.6,Tubewell,70135,0,1,38.9,40000,177355,0.8716
FC-003933,GJ,GJ-Central,Rice,Rabi,1.05,Alluvial,348.4,Rainfed,116109,4,0,69.6,44922,2426,0.8043
FC-003934,PB,PB-Doaba,Cotton,Kharif,0.77,Alluvial,962.1,Canal,90073,4,0,85.9,40000,52773,0.6137
FC-003935,AP,AP-Rayalaseema,Pulses,Kharif,1.69,Alluvial,1074.1,Canal,125508,1,0,65.4,71231,22547,0.306
FC-003936,MH,MH-Western,Soybean,Kharif,0.26,Black,1066.8,Drip,50588,3,0,90.3,40000,2323,0.212
FC-003937,UP,UP-Central,Pulses,Kharif,0.35,Alluvial,905.5,Tubewell,51882,3,0,77.5,40000,55197,0.5476
FC-003938,UP,UP-Bundelkhand,Wheat,Rabi,1.57,Alluvial,1198.5,Rainfed,162071,1,0,82.9,136735,122010,0.3394
FC-003939,MP,MP-Malwa,Soybean,Kharif,0.61,Black,1032.2,Canal,59038,2,0,77.3,40000,0,0.5195
FC-003940,TG,TG-Central,Maize,Kharif,0.93,Alluvial,471.2,Drip,64498,4,0,76.2,40453,0,0.221
FC-003941,HR,HR-East,Mustard,Rabi,1.61,Alluvial,674.7,Rainfed,104987,1,0,74.0,95387,0,0.265
FC-003942,PB,PB-Malwa,Rice,Kharif,0.82,ClayLoam,589.1,Canal,66518,2,0,66.0,40000,39395,0.4355
FC-003943,BR,BR-North,Cotton,Kharif,0.59,Alluvial,1308.3,Drip,45120,1,0,73.2,40000,12756,0.2883
FC-003944,UP,UP-Bundelkhand,Wheat,Rabi,0.76,ClayLoam,1061.1,Tubewell,101909,1,0,61.8,54312,0,0.4205
FC-003945,HR,HR-South,Rice,Kharif,0.54,Red,665.1,Tubewell,58595,1,0,69.8,40000,53774,0.5014
FC-003946,MP,MP-Chambal,Wheat,Rabi,0.81,Red,927.5,Canal,66654,6,0,85.3,44198,77632,0.6018
FC-003947,AP,AP-Upland,Rice,Rabi,0.49,Black,1069.7,Rainfed,50022,3,0,71.1,40000,29302,0.4951
FC-003948,MP,MP-Bundelkhand,Soybean,Kharif,2.01,Alluvial,787.8,Tubewell,150922,1,1,45.9,40000,67304,0.8748
FC-003949,UP,UP-Central,Sugarcane,Rabi,0.39,Alluvial,803.8,Canal,76762,2,0,65.7,64520,0,0.3282
FC-003950,MP,MP-Chambal,Soybean,Kharif,0.89,Black,1340.8,Tubewell,98335,2,0,88.9,46570,174725,0.7612
FC-003951,TN,TN-South,Rice,Rabi,0.8,Black,888.6,Drip,74494,3,0,73.3,46317,8096,0.3701
FC-003952,TN,TN-South,Sugarcane,Rabi,0.77,Alluvial,779.1,Tubewell,83667,6,0,65.4,110264,39211,0.2985
FC-003953,RJ,RJ-Mewar,Groundnut,Rabi,3.31,Black,517.8,Tubewell,161051,1,0,70.9,198455,52120,0.1004
FC-003954,MP,MP-Malwa,Cotton,Kharif,0.36,Red,1203.4,Canal,36192,0,0,75.1,40000,146225,0.6814
FC-003955,TN,TN-Delta,Cotton,Kharif,1.02,Black,457.7,Tubewell,99444,3,0,75.5,40000,270979,0.8042
FC-003956,UP,UP-Bundelkhand,Rice,Kharif,0.7,Sandy,606.4,Drip,51865,2,0,75.2,40000,12851,0.4516
FC-003957,UP,UP-Bundelkhand,Wheat,Rabi,1.87,Alluvial,965.0,Rainfed,156103,2,0,71.9,134570,0,0.1708
FC-003958,HR,HR-West,Mustard,Rabi,0.64,Sandy,667.7,Drip,81977,3,0,76.8,40000,3754,0.4532
FC-003959,RJ,RJ-Shekhawati,Mustard,Rabi,0.58,Sandy,605.1,Tubewell,86047,1,0,63.8,40000,12634,0.4813
FC-003960,HR,HR-East,Cotton,Kharif,0.21,Alluvial,513.5,Canal,61024,4,0,83.0,40000,10412,0.3816
FC-003961,PB,PB-Doaba,Cotton,Kharif,2.62,Alluvial,784.1,Canal,234210,4,0,72.8,108411,59407,0.4789
FC-003962,UP,UP-Bundelkhand,Millet,Kharif,0.71,Alluvial,803.9,Canal,60090,3,0,96.2,40000,8743,0.2698
FC-003963,MH,MH-Konkan,Cotton,Kharif,3.7,Red,652.2,Canal,350845,2,0,67.1,274446,2767,0.5119
FC-003964,KA,KA-Central,Sugarcane,Kharif,0.59,Red,1597.1,Rainfed,59348,1,0,65.6,86078,0,0.2126
FC-003965,PB,PB-Malwa,Mustard,Rabi,1.83,Sandy,509.3,Rainfed,171370,2,0,91.8,84003,47315,0.6225
FC-003966,PB,PB-Malwa,Wheat,Rabi,0.56,Alluvial,741.0,Rainfed,53993,3,0,100.0,50300,6552,0.1887
FC-003967,TN,TN-North,Rice,Kharif,3.33,Black,811.4,Canal,322231,4,0,79.1,267829,38596,0.3057
FC-003968,TN,TN-West,Sugarcane,Kharif,1.02,Red,1014.6,Rainfed,130711,0,0,64.7,152553,118034,0.469
FC-003969,TG,TG-South,Maize,Rabi,0.98,Alluvial,947.3,Canal,58564,3,1,58.9,40000,219927,0.7784
FC-003970,BR,BR-North,Pulses,Rabi,0.33,Alluvial,965.6,Rainfed,61345,2,0,62.8,40000,12989,0.4597
FC-003971,UP,UP-Eastern,Mustard,Rabi,1.99,ClayLoam,1318.1,Rainfed,172822,2,0,83.5,91323,31908,0.2046
FC-003972,KA,KA-South,Millet,Kharif,0.67,Red,1562.3,Rainfed,70864,2,0,58.5,40000,0,0.5168
FC-003973,BR,BR-North,Rice,Kharif,0.93,Alluvial,1032.2,Rainfed,108013,1,0,85.4,40000,13959,0.73
FC-003974,RJ,RJ-Shekhawati,Wheat,Rabi,1.42,Alluvial,668.2,Rainfed,102642,3,0,88.3,140920,17932,0.1609
FC-003975,MH,MH-Konkan,Sugarcane,Kharif,0.29,ClayLoam,884.7,Tubewell,62909,2,0,79.5,69372,0,0.1585
FC-003976,BR,BR-North,Pulses,Rabi,1.27,Alluvial,1296.4,Canal,91689,3,0,65.8,40000,71094,0.8063
FC-003977,AP,AP-Upland,Pulses,Kharif,1.7,Black,943.7,Tubewell,124666,1,0,88.1,54368,10001,0.3647
FC-003978,MP,MP-Mahakoshal,Millet,Kharif,1.64,Black,1506.7,Canal,90933,4,0,71.4,40000,32733,0.5821
FC-003979,MH,MH-Marathwada,Soybean,Kharif,1.26,Black,879.8,Canal,82738,2,0,71.7,40000,0,0.3993
FC-003980,MH,MH-Konkan,Pulses,Rabi,1.63,Sandy,836.3,Tubewell,166741,2,0,37.0,70525,92885,0.8257
FC-003981,RJ,RJ-Mewar,Mustard,Rabi,2.41,Alluvial,527.9,Rainfed,191006,3,0,77.8,104880,5258,0.3083
FC-003982,GJ,GJ-North,Groundnut,Kharif,1.64,Alluvial,799.3,Drip,110011,2,0,63.8,81149,29877,0.2305
FC-003983,MH,MH-Marathwada,Soybean,Kharif,2.6,Red,929.6,Rainfed,229112,5,1,53.3,99677,30678,0.7833
FC-003984,MH,MH-Western,Soybean,Kharif,5.1,Black,746.3,Drip,258930,1,0,63.6,131446,55986,0.5657
FC-003985,MH,MH-Marathwada,Cotton,Kharif,1.8,Laterite,498.1,Rainfed,120793,3,1,65.9,40000,0,0.9057
FC-003986,UP,UP-Bundelkhand,Wheat,Rabi,1.29,Black,928.8,Rainfed,107271,2,0,72.3,66392,0,0.4777
FC-003987,PB,PB-Doaba,Wheat,Rabi,0.42,Alluvial,631.9,Tubewell,70707,6,1,29.0,40000,58737,0.8626
FC-003988,TN,TN-West,Pulses,Rabi,0.5,Alluvial,1258.4,Canal,69119,1,0,52.8,40000,0,0.4706
FC-003989,BR,BR-Gangetic,Pulses,Rabi,1.27,Alluvial,1425.8,Rainfed,121833,3,0,72.9,40000,0,0.7176
FC-003990,BR,BR-Gangetic,Wheat,Rabi,2.25,Alluvial,1234.4,Canal,195243,2,0,67.6,92228,73198,0.4906
FC-003991,MH,MH-Western,Cotton,Kharif,0.58,Laterite,938.2,Canal,47515,2,0,79.2,47355,41322,0.3264
FC-003992,BR,BR-South,Rice,Rabi,0.67,Alluvial,1625.9,Rainfed,47616,1,0,79.8,40000,28202,0.1809
FC-003993,KA,KA-North,Maize,Kharif,1.24,Black,982.4,Rainfed,117068,3,0,69.1,52824,32922,0.6557
FC-003994,BR,BR-Gangetic,Maize,Kharif,2.16,Alluvial,1039.8,Canal,109315,2,0,82.5,107296,34976,0.3601
FC-003995,MH,MH-Vidarbha,Wheat,Rabi,0.91,Black,989.8,Canal,81569,1,0,74.8,65116,107223,0.6273
FC-003996,HR,HR-West,Rice,Kharif,1.39,Alluvial,778.6,Rainfed,115938,0,0,57.2,75012,0,0.2984
FC-003997,UP,UP-Western,Rice,Kharif,1.56,Black,978.2,Rainfed,97232,1,0,100.0,90964,6160,0.2497
FC-003998,BR,BR-South,Maize,Rabi,1.08,ClayLoam,1206.8,Canal,117282,3,0,80.2,58585,83648,0.5844
FC-003999,RJ,RJ-Mewar,Millet,Kharif,2.67,Red,565.7,Canal,221537,5,0,89.8,41179,4788,0.5714
FC-004000,PB,PB-Majha,Rice,Kharif,1.09,Alluvial,425.5,Rainfed,113824,1,1,71.2,42308,14399,0.8504
FC-004001,BR,BR-North,Maize,Kharif,6.34,Alluvial,1225.2,Tubewell,292229,2,0,86.7,237124,83002,0.1855
FC-004002,GJ,GJ-Saurashtra,Pulses,Rabi,0.81,Sandy,500.5,Drip,84883,1,0,66.9,40000,22425,0.7644
FC-004003,MP,MP-Bundelkhand,Rice,Kharif,9.89,Sandy,692.5,Canal,651279,1,0,98.2,498684,114081,0.236
FC-004004,TG,TG-Central,Groundnut,Rabi,0.43,Red,956.9,Drip,68709,0,0,71.8,40000,17236,0.4238
FC-004005,MH,MH-Marathwada,Soybean,Kharif,1.73,Black,834.7,Drip,91846,0,0,38.6,87111,103270,0.5095
FC-004006,KA,KA-South,Maize,Kharif,2.29,Red,1389.1,Tubewell,157353,2,0,94.4,133300,0,0.1631
FC-004007,AP,AP-Coastal,Rice,Kharif,0.94,Alluvial,1262.7,Rainfed,72451,1,0,67.1,50367,7521,0.2623
FC-004008,AP,AP-Coastal,Maize,Rabi,2.86,Red,692.9,Tubewell,143453,1,0,76.1,169412,241706,0.3537
FC-004009,MH,MH-Vidarbha,Soybean,Kharif,0.48,Black,1388.9,Tubewell,71027,4,0,90.8,40000,17592,0.395
FC-004010,HR,HR-West,Wheat,Rabi,3.75,Alluvial,592.7,Tubewell,391729,3,0,64.3,364776,43633,0.1555
FC-004011,HR,HR-East,Wheat,Rabi,0.48,Alluvial,458.8,Canal,63729,2,0,75.8,40000,133438,0.7582
FC-004012,GJ,GJ-Central,Cotton,Kharif,1.08,Alluvial,592.5,Canal,109819,1,0,60.4,40385,69843,0.8645
FC-004013,RJ,RJ-Mewar,Mustard,Rabi,0.9,Alluvial,265.6,Tubewell,58639,6,0,86.7,40000,1565,0.3058
FC-004014,BR,BR-Gangetic,Rice,Kharif,2.43,Alluvial,847.8,Canal,188503,2,0,61.7,167129,11362,0.3061
FC-004015,AP,AP-Rayalaseema,Rice,Kharif,0.59,ClayLoam,760.3,Tubewell,51899,0,0,91.7,40000,4237,0.4146
FC-004016,KA,KA-Coastal,Maize,Kharif,0.73,Laterite,250.0,Tubewell,50866,4,0,75.7,40000,11825,0.5429
FC-004017,MP,MP-Mahakoshal,Soybean,Kharif,0.86,Black,951.3,Rainfed,83787,2,0,68.2,40000,14916,0.425
FC-004018,UP,UP-Central,Cotton,Kharif,1.59,ClayLoam,764.7,Canal,111231,3,0,82.4,101536,35864,0.2137
FC-004019,AP,AP-Rayalaseema,Rice,Kharif,2.53,Sandy,1107.5,Tubewell,265555,3,0,73.4,187365,265737,0.3899
FC-004020,MP,MP-Malwa,Pulses,Rabi,0.42,Black,944.1,Canal,52401,3,0,59.6,40000,0,0.2066
FC-004021,AP,AP-Upland,Maize,Kharif,2.21,Alluvial,966.2,Canal,145865,0,0,76.8,103002,26981,0.3432
FC-004022,MP,MP-Malwa,Wheat,Rabi,1.18,Black,835.3,Tubewell,93100,3,0,68.0,83548,0,0.2558
FC-004023,TN,TN-North,Wheat,Rabi,2.56,Red,586.2,Rainfed,213081,2,0,85.5,122980,0,0.4652
FC-004024,UP,UP-Eastern,Wheat,Rabi,3.23,Alluvial,1043.3,Canal,188512,2,0,91.1,145743,12997,0.1872
FC-004025,AP,AP-Upland,Rice,Kharif,1.39,Alluvial,799.2,Canal,77503,6,0,82.1,67689,3653,0.2933
FC-004026,PB,PB-Majha,Wheat,Rabi,0.78,Alluvial,403.7,Rainfed,66390,0,0,64.4,41801,9810,0.5769
FC-004027,PB,PB-Doaba,Cotton,Kharif,2.05,Alluvial,757.2,Drip,184936,4,0,78.8,173917,84137,0.1962
FC-004028,UP,UP-Western,Mustard,Rabi,2.47,Alluvial,855.4,Rainfed,127021,0,0,49.6,95949,400000,0.8532
FC-004029,UP,UP-Central,Wheat,Rabi,0.48,Sandy,1005.2,Canal,56210,1,0,57.4,40000,0,0.3362
FC-004030,MP,MP-Malwa,Pulses,Rabi,0.37,Black,610.8,Tubewell,58957,1,0,77.1,40000,86893,0.7967
FC-004031,MH,MH-Vidarbha,Wheat,Rabi,1.2,Red,892.2,Rainfed,74610,3,0,74.6,81498,5047,0.2487
FC-004032,MH,MH-Marathwada,Sugarcane,Kharif,0.92,Black,1055.6,Canal,130871,4,0,70.9,128169,6767,0.3104
FC-004033,MP,MP-Malwa,Wheat,Rabi,0.96,Black,924.8,Canal,98016,1,0,100.0,66533,25328,0.2048
FC-004034,TN,TN-South,Rice,Rabi,0.39,Laterite,765.0,Tubewell,70370,2,0,69.9,40000,16495,0.5178
FC-004035,AP,AP-Rayalaseema,Wheat,Rabi,2.85,Red,872.0,Drip,135683,2,0,88.4,149224,52044,0.1893
FC-004036,HR,HR-West,Wheat,Rabi,0.25,Alluvial,441.2,Canal,62385,1,0,76.6,40000,0,0.4207
FC-004037,PB,PB-Doaba,Rice,Rabi,2.46,ClayLoam,753.7,Drip,158919,4,0,80.3,147683,1476,0.2215
FC-004038,GJ,GJ-Central,Cotton,Kharif,0.6,Alluvial,792.0,Rainfed,65632,1,0,31.3,46674,11726,0.4792
FC-004039,TN,TN-South,Rice,Kharif,2.33,Red,1065.1,Drip,124523,1,0,65.6,156725,20777,0.1406
FC-004040,AP,AP-Rayalaseema,Sugarcane,Kharif,1.51,Black,1215.4,Canal,230391,1,0,95.8,385547,54454,0.131
FC-004041,PB,PB-Majha,Rice,Kharif,0.7,Sandy,751.3,Tubewell,67047,2,0,74.8,40000,0,0.3535
FC-004042,UP,UP-Western,Sugarcane,Kharif,0.94,Alluvial,693.3,Rainfed,74510,3,0,91.3,118990,12670,0.3606
FC-004043,HR,HR-South,Millet,Kharif,2.39,Alluvial,407.4,Rainfed,160410,2,0,83.4,50688,104450,0.8435
FC-004044,PB,PB-Malwa,Maize,Kharif,0.94,Sandy,633.5,Canal,59143,3,0,62.4,40000,52917,0.6779
FC-004045,HR,HR-West,Wheat,Rabi,0.35,Alluvial,605.3,Rainfed,66143,3,0,81.0,40000,8807,0.4642
FC-004046,TN,TN-West,Cotton,Kharif,1.47,Red,1134.6,Tubewell,172464,3,0,45.0,148306,153310,0.4247
FC-004047,TN,TN-South,Millet,Kharif,0.73,Sandy,974.2,Rainfed,97252,0,0,65.4,40000,0,0.6671
FC-004048,HR,HR-East,Mustard,Rabi,7.36,Alluvial,560.5,Drip,318376,2,0,92.1,139632,100866,0.5393
FC-004049,RJ,RJ-Shekhawati,Cotton,Kharif,1.55,Alluvial,544.8,Rainfed,155438,0,0,100.0,150438,150699,0.2747
FC-004050,MH,MH-Konkan,Sugarcane,Rabi,2.24,Black,919.7,Tubewell,241425,5,0,73.2,303939,5922,0.2348
FC-004051,BR,BR-North,Rice,Kharif,2.1,Sandy,1187.9,Tubewell,149854,1,0,61.0,99622,41879,0.4068
FC-004052,UP,UP-Eastern,Sugarcane,Rabi,1.48,Alluvial,1337.6,Canal,176447,1,0,100.0,214566,12783,0.1083
FC-004053,UP,UP-Eastern,Mustard,Rabi,0.84,Alluvial,838.4,Rainfed,90016,2,0,74.5,40000,48338,0.7407
FC-004054,GJ,GJ-South,Maize,Kharif,0.66,Alluvial,953.4,Drip,74361,4,1,20.7,40000,62624,0.8468
FC-004055,BR,BR-North,Rice,Rabi,2.11,Alluvial,1276.4,Rainfed,220093,3,0,40.5,131055,87694,0.6601
FC-004056,BR,BR-Gangetic,Pulses,Kharif,1.57,Alluvial,1124.5,Drip,98184,0,0,48.9,50301,48777,0.612
FC-004057,UP,UP-Bundelkhand,Rice,Rabi,1.87,Alluvial,1122.8,Rainfed,161181,4,0,85.0,84160,0,0.2886
FC-004058,KA,KA-South,Soybean,Kharif,0.24,Black,1287.2,Canal,63469,1,1,58.9,40000,205575,0.8893
FC-004059,UP,UP-Western,Pulses,Kharif,0.49,Alluvial,893.7,Drip,53433,1,0,68.9,40000,19770,0.3878
FC-004060,MH,MH-Marathwada,Pulses,Rabi,0.39,Alluvial,969.9,Canal,42670,2,0,74.5,40000,18245,0.2261
FC-004061,MP,MP-Chambal,Mustard,Rabi,1.36,Black,1020.3,Rainfed,105579,5,0,60.3,55830,29059,0.4727
FC-004062,PB,PB-Doaba,Rice,Kharif,1.82,Alluvial,683.7,Drip,148935,3,0,100.0,99334,12580,0.1931
FC-004063,TN,TN-North,Rice,Kharif,1.0,ClayLoam,1218.5,Canal,115754,2,0,40.8,75480,0,0.3268
FC-004064,BR,BR-North,Rice,Rabi,0.64,Black,1367.0,Rainfed,73257,0,0,88.5,40000,5642,0.2707
FC-004065,MP,MP-Chambal,Wheat,Rabi,1.23,Red,825.2,Rainfed,126867,1,0,75.2,66927,0,0.3214
FC-004066,MH,MH-Konkan,Cotton,Kharif,4.27,Black,978.6,Tubewell,289177,2,0,92.0,281268,12713,0.1496
FC-004067,PB,PB-Malwa,Mustard,Rabi,1.94,Alluvial,626.7,Tubewell,183298,5,0,62.2,79419,0,0.3659
FC-004068,HR,HR-South,Mustard,Rabi,2.26,Alluvial,653.9,Tubewell,139668,1,0,72.0,81895,0,0.3307
FC-004069,TN,TN-South,Sugarcane,Rabi,1.24,Alluvial,896.8,Rainfed,113897,6,0,63.5,153360,0,0.3266
FC-004070,KA,KA-Coastal,Cotton,Kharif,0.41,Black,1076.6,Rainfed,43159,5,0,63.0,40000,0,0.2651
FC-004071,UP,UP-Central,Rice,Kharif,1.09,Black,805.1,Canal,88651,0,0,78.8,51445,10365,0.4376
FC-004072,TG,TG-Central,Rice,Rabi,0.91,Black,1121.5,Canal,86077,1,0,80.0,54054,8665,0.2732
FC-004073,AP,AP-Rayalaseema,Groundnut,Rabi,0.42,Alluvial,1005.4,Canal,38077,2,0,78.1,40000,58880,0.4873
FC-004074,MP,MP-Bundelkhand,Soybean,Kharif,0.65,Red,783.2,Canal,66692,2,0,71.3,40000,24377,0.5814
FC-004075,BR,BR-North,Rice,Kharif,0.82,Alluvial,1154.6,Drip,75714,0,0,86.6,67749,9020,0.1455
FC-004076,HR,HR-South,Wheat,Rabi,2.04,Alluvial,675.8,Tubewell,191361,4,0,88.6,93260,79802,0.5383
FC-004077,MH,MH-Western,Pulses,Rabi,0.53,Laterite,921.1,Canal,80604,2,1,38.5,40000,63064,0.8286
FC-004078,TG,TG-South,Pulses,Rabi,0.8,ClayLoam,843.8,Canal,79858,3,0,66.7,40000,21857,0.6156
FC-004079,TN,TN-West,Millet,Kharif,0.55,Alluvial,924.9,Canal,41950,3,0,72.0,40000,20658,0.3558
FC-004080,PB,PB-Majha,Rice,Rabi,2.08,Alluvial,724.5,Tubewell,118672,1,0,69.2,82650,0,0.1672
FC-004081,RJ,RJ-Shekhawati,Groundnut,Rabi,1.73,Sandy,545.4,Canal,124139,4,0,83.3,123727,60388,0.182
FC-004082,MH,MH-Marathwada,Groundnut,Rabi,0.93,Black,1129.6,Canal,93380,5,0,57.2,64381,86930,0.5383
FC-004083,UP,UP-Bundelkhand,Maize,Rabi,0.7,Alluvial,1293.0,Canal,50451,4,1,38.5,40000,119369,0.792
FC-004084,UP,UP-Bundelkhand,Rice,Rabi,1.52,Alluvial,959.6,Canal,161195,1,0,88.0,105432,54702,0.3239
FC-004085,BR,BR-Gangetic,Pulses,Rabi,2.68,Alluvial,1221.0,Tubewell,178695,1,0,86.5,133236,36999,0.1572
FC-004086,AP,AP-Rayalaseema,Groundnut,Kharif,0.98,Alluvial,1223.1,Rainfed,90613,3,0,76.7,44994,7085,0.4644
FC-004087,HR,HR-East,Cotton,Kharif,1.21,Sandy,827.7,Tubewell,138018,2,0,100.0,113653,95200,0.3124
FC-004088,MP,MP-Chambal,Soybean,Kharif,1.0,Red,1076.6,Rainfed,75615,1,0,85.4,56768,27398,0.2782
FC-004089,BR,BR-South,Maize,Kharif,1.14,Alluvial,1130.3,Rainfed,122182,1,0,65.8,67402,153352,0.6551
FC-004090,UP,UP-Eastern,Sugarcane,Kharif,1.22,Alluvial,916.5,Canal,180316,0,0,69.5,189052,6564,0.1532
FC-004091,KA,KA-South,Maize,Rabi,0.31,ClayLoam,1072.8,Rainfed,37026,3,0,45.5,40000,11422,0.3836
FC-004092,TN,TN-North,Rice,Kharif,6.45,Alluvial,1284.1,Rainfed,554666,1,0,72.1,358418,33766,0.2509
FC-004093,TN,TN-West,Rice,Rabi,1.58,Laterite,771.8,Canal,106892,4,0,92.4,54505,0,0.3238
FC-004094,MH,MH-Vidarbha,Rice,Rabi,2.63,Black,897.0,Tubewell,253469,2,0,100.0,231793,0,0.1016
FC-004095,MH,MH-Vidarbha,Sugarcane,Kharif,1.15,Alluvial,612.1,Rainfed,98793,3,0,80.9,109801,47946,0.3673
FC-004096,UP,UP-Bundelkhand,Cotton,Kharif,0.55,Black,779.2,Rainfed,86059,4,0,81.5,40000,0,0.5771
FC-004097,TG,TG-Central,Rice,Kharif,1.86,Black,892.5,Rainfed,171082,3,0,92.3,150026,9096,0.2696
FC-004098,KA,KA-Coastal,Groundnut,Rabi,2.11,Black,798.7,Canal,145844,3,0,62.6,115025,3456,0.3672
FC-004099,UP,UP-Western,Pulses,Kharif,0.56,ClayLoam,1269.5,Rainfed,67077,1,0,53.8,40000,10342,0.5354
FC-004100,RJ,RJ-Hadoti,Millet,Kharif,0.67,Alluvial,652.6,Rainfed,66450,2,0,73.7,40000,33255,0.4832
FC-004101,GJ,GJ-Saurashtra,Wheat,Rabi,0.76,Red,1098.7,Rainfed,98393,3,0,82.9,40000,9675,0.6363
FC-004102,TG,TG-North,Pulses,Kharif,0.49,Black,505.1,Rainfed,69276,0,0,61.0,40000,29100,0.5512
FC-004103,PB,PB-Doaba,Wheat,Rabi,1.45,ClayLoam,599.2,Rainfed,163218,4,0,62.5,109695,0,0.4437
FC-004104,GJ,GJ-Saurashtra,Cotton,Kharif,2.01,Alluvial,676.2,Canal,119334,1,0,89.9,124280,69112,0.2528
FC-004105,UP,UP-Western,Soybean,Kharif,1.4,Alluvial,1182.2,Drip,98632,1,0,78.0,59351,12676,0.2491
FC-004106,UP,UP-Bundelkhand,Wheat,Rabi,1.3,Black,1067.1,Rainfed,108160,3,0,75.2,59853,13157,0.2396
FC-004107,HR,HR-West,Wheat,Rabi,1.49,Alluvial,701.2,Tubewell,127383,0,0,97.9,106049,95216,0.4482
FC-004108,MH,MH-Marathwada,Cotton,Kharif,0.52,Black,921.2,Rainfed,50373,1,0,84.8,41986,30388,0.309
FC-004109,AP,AP-Rayalaseema,Rice,Rabi,0.84,Black,938.9,Rainfed,87660,3,0,70.1,51024,10770,0.4679
FC-004110,MH,MH-Konkan,Sugarcane,Kharif,0.86,Black,1383.3,Tubewell,140481,2,0,60.3,152032,0,0.1513
FC-004111,GJ,GJ-Central,Mustard,Rabi,1.11,Sandy,1153.9,Rainfed,80350,1,0,54.5,40000,15334,0.5876
FC-004112,TG,TG-South,Rice,Kharif,0.8,ClayLoam,964.1,Canal,102059,3,0,62.3,58574,34080,0.554
FC-004113,BR,BR-Gangetic,Rice,Rabi,0.76,Sandy,1245.1,Tubewell,58413,1,0,87.2,40000,46089,0.5154
FC-004114,GJ,GJ-Central,Cotton,Kharif,0.97,ClayLoam,556.3,Rainfed,102145,2,0,54.5,90380,14634,0.5002
FC-004115,HR,HR-East,Mustard,Rabi,0.43,Alluvial,456.4,Rainfed,67606,5,0,87.0,40000,26564,0.3801
FC-004116,RJ,RJ-Shekhawati,Pulses,Rabi,1.7,ClayLoam,339.1,Tubewell,137561,2,0,85.5,46467,15515,0.5091
FC-004117,GJ,GJ-North,Cotton,Kharif,0.49,Black,693.1,Tubewell,65749,2,1,62.0,40718,92806,0.8382
FC-004118,TN,TN-South,Rice,Kharif,2.12,Red,904.3,Drip,119479,4,0,68.0,171563,22881,0.1379
FC-004119,GJ,GJ-North,Wheat,Rabi,1.24,ClayLoam,1304.4,Tubewell,111088,1,0,60.9,82300,62958,0.4018
FC-004120,TN,TN-North,Rice,Kharif,0.46,Red,1271.9,Canal,64561,3,1,34.5,40000,194111,0.8064
FC-004121,PB,PB-Doaba,Rice,Kharif,0.64,Alluvial,639.3,Tubewell,46509,2,0,89.0,40000,48429,0.4147
FC-004122,BR,BR-North,Wheat,Rabi,0.93,Alluvial,995.8,Rainfed,60819,3,0,79.8,46757,183135,0.8457
FC-004123,AP,AP-Coastal,Rice,Rabi,0.4,Sandy,787.8,Tubewell,40667,3,0,85.1,40000,77556,0.6897
FC-004124,UP,UP-Eastern,Mustard,Rabi,0.88,Alluvial,1145.0,Tubewell,103859,5,1,37.1,40000,86137,0.819
FC-004125,UP,UP-Bundelkhand,Pulses,Kharif,1.27,ClayLoam,846.5,Tubewell,120834,3,0,84.9,40000,19791,0.6302
FC-004126,UP,UP-Eastern,Sugarcane,Rabi,0.35,Alluvial,779.8,Drip,55767,2,0,77.9,61407,2254,0.2323
FC-004127,MP,MP-Mahakoshal,Wheat,Rabi,0.2,Alluvial,1012.5,Canal,53112,3,0,59.8,40000,34692,0.4914
FC-004128,UP,UP-Eastern,Maize,Kharif,0.34,ClayLoam,1411.6,Canal,70991,1,1,56.1,40000,272918,0.8195
FC-004129,RJ,RJ-Shekhawati,Mustard,Rabi,0.97,Black,642.7,Drip,75778,1,1,51.1,40000,193256,0.8122
FC-004130,MH,MH-Konkan,Pulses,Kharif,0.42,Black,1047.3,Tubewell,57121,2,0,52.0,40000,39516,0.675
FC-004131,HR,HR-South,Rice,Kharif,1.16,Alluvial,477.6,Canal,110429,0,0,70.8,83186,143025,0.5787
FC-004132,RJ,RJ-Shekhawati,Mustard,Rabi,2.61,Red,631.6,Canal,201105,1,0,75.3,40270,3670,0.5925
FC-004133,PB,PB-Malwa,Cotton,Kharif,0.45,Sandy,559.1,Rainfed,70038,2,0,87.7,40000,34792,0.7041
FC-004134,AP,AP-Upland,Groundnut,Kharif,4.22,Laterite,767.5,Tubewell,357298,2,0,100.0,126672,52409,0.5807
FC-004135,MH,MH-Konkan,Sugarcane,Kharif,2.07,Red,652.5,Tubewell,145221,1,0,83.5,221282,157980,0.3778
FC-004136,BR,BR-Gangetic,Mustard,Rabi,0.5,Alluvial,1266.7,Canal,76976,0,0,73.2,40000,11184,0.5931
FC-004137,AP,AP-Coastal,Rice,Kharif,1.68,ClayLoam,1160.3,Tubewell,168504,4,0,55.4,121822,0,0.5066
FC-004138,PB,PB-Malwa,Cotton,Kharif,0.54,Alluvial,526.0,Tubewell,52807,0,0,81.7,40000,5788,0.3489
FC-004139,TG,TG-Central,Maize,Rabi,1.13,Black,1156.3,Canal,76919,3,0,40.1,40000,19889,0.5194
FC-004140,MP,MP-Chambal,Soybean,Kharif,1.68,Black,1123.0,Tubewell,150106,2,0,100.0,93304,35724,0.2062
FC-004141,RJ,RJ-Mewar,Mustard,Rabi,0.84,Alluvial,250.0,Rainfed,70748,1,0,68.2,40000,0,0.4427
FC-004142,MH,MH-Marathwada,Cotton,Kharif,1.9,Black,1187.5,Canal,130918,1,0,53.5,124535,68674,0.4026
FC-004143,MP,MP-Mahakoshal,Soybean,Kharif,0.86,ClayLoam,1144.7,Drip,66421,2,0,93.5,48425,10760,0.2157
FC-004144,PB,PB-Doaba,Wheat,Rabi,3.78,Alluvial,485.5,Rainfed,228303,8,0,72.3,150652,88335,0.2873
FC-004145,BR,BR-Gangetic,Mustard,Rabi,1.17,Alluvial,1289.5,Tubewell,92916,3,0,76.4,43658,11991,0.4613
FC-004146,KA,KA-South,Sugarcane,Kharif,0.32,Red,494.8,Rainfed,62778,5,1,71.0,40000,1287,0.8543
FC-004147,MP,MP-Chambal,Pulses,Kharif,0.96,Black,640.4,Rainfed,60378,3,0,45.0,40000,8036,0.6356
FC-004148,UP,UP-Western,Pulses,Rabi,1.03,Alluvial,1040.3,Canal,120482,4,0,88.8,56679,45330,0.5188
FC-004149,KA,KA-North,Groundnut,Rabi,0.52,Alluvial,1625.2,Rainfed,62092,0,0,94.7,40000,7194,0.295
FC-004150,UP,UP-Central,Rice,Rabi,0.78,Alluvial,995.5,Rainfed,82636,2,0,33.7,73608,48849,0.4806
FC-004151,RJ,RJ-Marwar,Groundnut,Rabi,0.58,Sandy,530.3,Rainfed,51203,2,0,61.7,40000,26984,0.4543
FC-004152,UP,UP-Bundelkhand,Rice,Kharif,1.2,Alluvial,1006.9,Rainfed,109797,3,0,46.4,59478,22454,0.5282
FC-004153,UP,UP-Central,Wheat,Rabi,1.58,Alluvial,677.9,Tubewell,133756,4,0,50.0,61149,18516,0.5271
FC-004154,TG,TG-South,Rice,Rabi,0.7,Black,874.6,Rainfed,67021,3,1,43.1,40000,226231,0.8258
FC-004155,TG,TG-South,Maize,Rabi,0.52,Black,564.8,Rainfed,83214,2,0,67.7,40000,22575,0.825
FC-004156,TN,TN-Delta,Rice,Kharif,0.68,Red,969.1,Drip,58756,3,0,70.2,40000,15206,0.4134
FC-004157,MP,MP-Malwa,Pulses,Kharif,0.35,Black,943.4,Drip,69819,0,0,84.4,40000,8415,0.2853
FC-004158,UP,UP-Eastern,Wheat,Rabi,2.63,Alluvial,1010.1,Rainfed,221556,1,0,80.7,178211,21919,0.1925
FC-004159,HR,HR-South,Cotton,Kharif,0.94,Sandy,599.2,Canal,97389,2,0,73.7,58518,58519,0.4083
FC-004160,BR,BR-North,Wheat,Rabi,0.38,Alluvial,1279.0,Canal,48082,2,0,91.5,40000,62154,0.3854
FC-004161,PB,PB-Malwa,Wheat,Rabi,1.37,Alluvial,802.0,Canal,86569,1,0,80.5,79352,48903,0.2627
FC-004162,GJ,GJ-South,Cotton,Kharif,1.31,Red,585.4,Canal,100870,2,0,83.9,74043,14100,0.2493
FC-004163,PB,PB-Doaba,Rice,Rabi,1.26,ClayLoam,689.1,Tubewell,132128,4,0,81.1,79373,0,0.1307
FC-004164,UP,UP-Western,Soybean,Kharif,1.41,Alluvial,330.2,Tubewell,116525,2,1,39.8,40000,40797,0.9267
FC-004165,GJ,GJ-North,Pulses,Kharif,1.11,Black,349.7,Tubewell,120631,1,0,69.0,40000,21185,0.7052
FC-004166,TN,TN-West,Sugarcane,Kharif,0.47,Black,993.6,Rainfed,81124,4,0,92.5,81205,11131,0.1874
FC-004167,HR,HR-West,Wheat,Rabi,0.38,Alluvial,308.7,Rainfed,71226,1,0,70.0,40000,16696,0.7304
FC-004168,MP,MP-Bundelkhand,Soybean,Kharif,1.27,Red,998.6,Drip,70287,3,0,78.5,40000,6246,0.227
FC-004169,GJ,GJ-Central,Cotton,Kharif,0.8,Alluvial,711.1,Drip,83331,0,0,45.9,47276,3906,0.2655
FC-004170,RJ,RJ-Mewar,Pulses,Kharif,0.78,Sandy,347.8,Canal,91432,4,0,80.9,40000,0,0.386
FC-004171,UP,UP-Bundelkhand,Wheat,Rabi,0.28,Alluvial,668.3,Tubewell,42716,1,0,90.1,40000,0,0.3699
FC-004172,BR,BR-South,Rice,Kharif,1.89,Alluvial,1113.7,Drip,124506,1,0,59.2,122338,140786,0.3408
FC-004173,MP,MP-Malwa,Soybean,Kharif,6.43,ClayLoam,1106.8,Rainfed,366920,2,0,65.7,141670,15424,0.4742
FC-004174,TN,TN-North,Rice,Rabi,1.36,Red,1316.5,Canal,95964,4,0,49.5,60221,3230,0.3014
FC-004175,TN,TN-Delta,Sugarcane,Rabi,0.68,Black,1162.6,Canal,58569,4,0,100.0,106139,13125,0.1141
FC-004176,TG,TG-Central,Rice,Kharif,0.56,ClayLoam,1239.6,Rainfed,79473,2,1,68.3,40000,50932,0.8325
FC-004177,BR,BR-Gangetic,Rice,Kharif,0.36,Alluvial,1213.0,Rainfed,40654,1,0,97.4,40000,6119,0.246
FC-004178,GJ,GJ-Saurashtra,Groundnut,Kharif,0.91,Red,540.9,Tubewell,65218,0,0,73.3,48219,1657,0.4276
FC-004179,PB,PB-Malwa,Rice,Rabi,2.06,Alluvial,577.0,Drip,205060,5,0,74.7,145481,0,0.1915
FC-004180,TG,TG-South,Groundnut,Kharif,5.68,Alluvial,921.2,Canal,541151,2,0,100.0,468278,18121,0.1827
FC-004181,AP,AP-Upland,Sugarcane,Rabi,1.34,Alluvial,908.6,Tubewell,113014,4,0,86.5,268942,17792,0.0883
FC-004182,RJ,RJ-Mewar,Pulses,Kharif,1.64,Alluvial,323.9,Drip,128066,4,0,73.4,40000,17719,0.7203
FC-004183,RJ,RJ-Hadoti,Wheat,Rabi,0.2,Sandy,703.9,Tubewell,31586,4,0,79.2,40000,18588,0.2519
FC-004184,MH,MH-Western,Maize,Rabi,0.41,Red,784.1,Tubewell,38597,0,0,83.5,40000,24365,0.4577
FC-004185,TG,TG-South,Millet,Kharif,0.57,Black,644.0,Tubewell,79514,4,0,78.1,40000,0,0.4299
FC-004186,TN,TN-West,Rice,Kharif,0.48,Alluvial,835.3,Drip,54590,2,0,63.5,40000,9848,0.4863
FC-004187,KA,KA-Central,Wheat,Rabi,1.08,Alluvial,987.6,Canal,79403,4,1,46.9,49179,200033,0.8053
FC-004188,UP,UP-Western,Pulses,Rabi,0.65,Alluvial,897.1,Rainfed,92313,0,0,74.6,40000,9964,0.56
FC-004189,UP,UP-Western,Wheat,Rabi,6.94,Alluvial,956.2,Canal,390296,2,0,71.1,292682,0,0.1387
FC-004190,BR,BR-North,Rice,Rabi,0.81,Alluvial,1156.1,Rainfed,58204,8,1,15.1,40000,53885,0.884
FC-004191,GJ,GJ-Central,Cotton,Kharif,1.05,Black,406.2,Rainfed,125161,4,0,94.0,82829,5851,0.6159
FC-004192,MH,MH-Marathwada,Soybean,Kharif,0.84,Black,842.8,Canal,61034,1,0,94.6,40000,36266,0.3815
FC-004193,RJ,RJ-Shekhawati,Mustard,Rabi,3.85,Sandy,250.0,Rainfed,335905,1,0,51.5,177749,8347,0.6229
FC-004194,KA,KA-North,Rice,Rabi,0.34,Red,1164.7,Drip,36284,2,0,52.4,40000,47890,0.4173
FC-004195,KA,KA-North,Rice,Rabi,2.19,Laterite,876.5,Rainfed,201122,1,0,65.0,63927,13974,0.8111
FC-004196,UP,UP-Western,Wheat,Rabi,2.67,Alluvial,812.9,Tubewell,159831,3,0,76.4,156082,17274,0.249
FC-004197,HR,HR-South,Cotton,Kharif,1.01,Alluvial,514.8,Canal,130305,1,0,66.1,110644,13491,0.3429
FC-004198,MH,MH-Marathwada,Cotton,Kharif,1.43,Black,714.5,Rainfed,105167,2,0,82.1,100130,19453,0.3779
FC-004199,TN,TN-North,Groundnut,Kharif,0.33,Red,1071.3,Canal,38271,2,0,75.1,40000,35528,0.2904
FC-004200,RJ,RJ-Marwar,Wheat,Rabi,1.36,Black,547.1,Drip,168748,2,0,68.3,128792,102493,0.509
FC-004201,MH,MH-Western,Sugarcane,Kharif,1.95,Black,641.6,Canal,203968,2,0,63.8,169573,35981,0.3192
FC-004202,KA,KA-North,Cotton,Kharif,1.45,Black,1002.0,Tubewell,105573,1,0,57.1,80256,12470,0.3719
FC-004203,UP,UP-Central,Rice,Rabi,0.99,Sandy,633.5,Canal,104059,1,0,67.1,52284,14557,0.4972
FC-004204,BR,BR-South,Rice,Rabi,3.98,Alluvial,1499.6,Tubewell,374775,0,0,83.1,220931,9184,0.1329
FC-004205,AP,AP-Coastal,Cotton,Kharif,0.82,Laterite,879.5,Rainfed,97936,2,0,70.0,45829,24619,0.6353
FC-004206,KA,KA-Coastal,Pulses,Rabi,0.34,Black,250.0,Rainfed,64117,2,1,57.2,40000,9822,0.8448
FC-004207,UP,UP-Eastern,Rice,Rabi,1.49,Black,602.7,Drip,161962,1,0,76.9,88884,13524,0.4217
FC-004208,MP,MP-Mahakoshal,Wheat,Rabi,1.62,Red,1049.0,Drip,106302,3,0,91.3,100048,0,0.0985
FC-004209,RJ,RJ-Shekhawati,Mustard,Rabi,0.45,Sandy,535.8,Tubewell,46775,3,0,100.0,40000,0,0.1365
FC-004210,PB,PB-Doaba,Wheat,Rabi,3.92,Alluvial,653.4,Canal,234221,4,0,73.6,164678,2103,0.1634
FC-004211,MH,MH-Western,Wheat,Rabi,0.45,Laterite,1266.4,Canal,39139,2,0,68.2,40000,55248,0.3854
FC-004212,TN,TN-Delta,Rice,Kharif,1.43,Red,1349.4,Canal,156766,3,0,73.8,78168,0,0.3162
FC-004213,RJ,RJ-Marwar,Millet,Kharif,0.68,Sandy,319.7,Tubewell,62206,3,0,80.1,40000,37105,0.6532
FC-004214,AP,AP-Coastal,Millet,Kharif,0.31,Red,882.1,Canal,53253,1,0,68.9,40000,5045,0.3061
FC-004215,UP,UP-Western,Soybean,Kharif,2.04,ClayLoam,1191.4,Canal,146550,3,0,83.6,97702,133283,0.5174
FC-004216,AP,AP-Upland,Rice,Rabi,0.96,Red,895.0,Tubewell,70406,0,0,59.0,48574,38628,0.4815
FC-004217,MH,MH-Marathwada,Sugarcane,Rabi,0.9,Laterite,608.4,Drip,90371,2,0,65.1,78103,18154,0.318
FC-004218,TG,TG-Central,Cotton,Kharif,2.43,Black,882.2,Rainfed,163263,1,0,100.0,106640,13648,0.251
FC-004219,BR,BR-North,Wheat,Rabi,0.61,Alluvial,1132.3,Rainfed,85035,4,0,68.4,40253,303627,0.9112
FC-004220,RJ,RJ-Marwar,Cotton,Kharif,0.72,Sandy,344.9,Tubewell,56026,1,0,42.6,40000,0,0.6
FC-004221,PB,PB-Majha,Wheat,Rabi,6.4,Alluvial,568.3,Drip,327417,3,0,100.0,284254,0,0.1504
FC-004222,KA,KA-North,Cotton,Kharif,0.6,Red,738.3,Drip,84617,3,1,26.6,40000,35942,0.7821
FC-004223,PB,PB-Doaba,Cotton,Kharif,1.19,ClayLoam,825.6,Rainfed,131869,3,0,79.8,103059,0,0.3475
FC-004224,MH,MH-Marathwada,Cotton,Kharif,1.55,Red,768.1,Canal,85732,2,0,93.5,93304,9604,0.116
FC-004225,TG,TG-North,Maize,Kharif,3.82,Red,633.7,Drip,232952,1,0,69.7,102630,3436,0.5576
FC-004226,PB,PB-Majha,Cotton,Kharif,1.21,Alluvial,523.4,Rainfed,127748,2,0,76.0,56439,7871,0.5426
FC-004227,UP,UP-Eastern,Sugarcane,Kharif,1.79,ClayLoam,605.3,Tubewell,155233,1,0,71.3,300244,0,0.219
FC-004228,MH,MH-Konkan,Sugarcane,Rabi,0.23,Black,800.8,Tubewell,52632,2,0,60.4,40000,32525,0.5206
FC-004229,MP,MP-Chambal,Maize,Kharif,2.57,Red,1305.9,Canal,128498,0,0,58.7,64324,26849,0.4581
FC-004230,TN,TN-South,Groundnut,Rabi,0.88,Laterite,1199.6,Drip,69179,1,0,72.3,53628,0,0.1463
FC-004231,RJ,RJ-Mewar,Millet,Kharif,5.05,Sandy,393.7,Canal,338012,0,0,50.8,115160,10687,0.6863
FC-004232,GJ,GJ-North,Rice,Kharif,0.79,Alluvial,448.6,Drip,75917,3,0,68.3,40674,25015,0.5869
FC-004233,MH,MH-Konkan,Cotton,Kharif,7.14,Black,700.9,Rainfed,486308,2,0,79.6,455390,87884,0.325
FC-004234,KA,KA-North,Cotton,Kharif,0.8,Red,946.5,Tubewell,61334,1,0,71.2,67179,26279,0.3669
FC-004235,UP,UP-Western,Rice,Rabi,2.11,Sandy,779.4,Tubewell,222637,2,0,93.9,153605,10486,0.2601
FC-004236,AP,AP-Rayalaseema,Millet,Kharif,0.98,Black,697.5,Drip,77008,4,0,77.2,40000,0,0.2718
FC-004237,MH,MH-Konkan,Pulses,Rabi,7.72,Red,829.0,Rainfed,419276,1,0,92.0,260861,28925,0.2984
FC-004238,KA,KA-Central,Cotton,Kharif,0.29,Sandy,250.0,Rainfed,43301,2,1,45.8,40000,32040,0.9574
FC-004239,HR,HR-East,Rice,Kharif,1.16,Alluvial,604.2,Canal,130519,2,0,61.8,86511,11237,0.2516
FC-004240,GJ,GJ-South,Groundnut,Kharif,2.87,Sandy,1005.7,Rainfed,247717,1,0,79.0,154436,37164,0.2829
FC-004241,TN,TN-Delta,Pulses,Rabi,0.32,ClayLoam,1324.7,Rainfed,64557,3,0,89.9,40000,156799,0.84
FC-004242,TN,TN-North,Groundnut,Kharif,1.1,Alluvial,794.9,Tubewell,131959,3,0,75.8,100293,46279,0.3768
FC-004243,TG,TG-North,Cotton,Kharif,0.82,Red,723.0,Rainfed,84323,2,1,57.1,47394,294131,0.9324
FC-004244,UP,UP-Central,Wheat,Rabi,2.72,Alluvial,907.0,Rainfed,171348,2,0,81.2,136013,16445,0.2738
FC-004245,RJ,RJ-Hadoti,Millet,Kharif,6.48,Sandy,316.6,Rainfed,440072,2,0,71.2,136082,40255,0.6806
FC-004246,TN,TN-South,Rice,Rabi,0.96,Alluvial,1111.4,Canal,115792,1,0,66.1,73305,8272,0.5317
FC-004247,MP,MP-Bundelkhand,Pulses,Kharif,0.67,ClayLoam,1015.3,Canal,65504,2,0,100.0,40000,12881,0.334
FC-004248,RJ,RJ-Hadoti,Millet,Kharif,0.68,Sandy,451.2,Canal,76100,2,0,99.0,40000,0,0.2754
FC-004249,BR,BR-South,Maize,Kharif,0.47,Sandy,1223.5,Rainfed,77621,1,0,49.0,40000,8164,0.6188
FC-004250,KA,KA-South,Maize,Kharif,2.0,Red,1050.1,Rainfed,103156,3,0,100.0,86006,2308,0.1903
FC-004251,MH,MH-Western,Cotton,Kharif,1.27,Red,1045.5,Rainfed,107543,3,0,90.1,119486,86877,0.4594
FC-004252,MP,MP-Malwa,Soybean,Kharif,2.11,Black,1012.3,Canal,168431,3,0,53.4,103094,53825,0.3521
FC-004253,AP,AP-Upland,Cotton,Kharif,0.66,Black,1001.1,Canal,69493,1,0,68.4,51849,42640,0.4841
FC-004254,HR,HR-East,Wheat,Rabi,0.56,ClayLoam,716.3,Canal,86978,2,0,84.2,40000,27914,0.5363
FC-004255,RJ,RJ-Shekhawati,Mustard,Rabi,1.3,Alluvial,595.5,Rainfed,85855,2,0,78.5,40000,48587,0.6451
FC-004256,MP,MP-Mahakoshal,Wheat,Rabi,1.01,Alluvial,597.3,Tubewell,85116,2,0,59.6,43814,0,0.6371
FC-004257,UP,UP-Western,Wheat,Rabi,0.44,ClayLoam,935.5,Tubewell,57646,3,0,80.0,40000,0,0.3641
FC-004258,RJ,RJ-Hadoti,Wheat,Rabi,0.88,Sandy,703.7,Rainfed,60735,6,0,62.2,78979,7150,0.2897
FC-004259,MH,MH-Western,Wheat,Rabi,1.17,Black,1103.8,Canal,73549,0,0,100.0,106431,47808,0.1448
FC-004260,KA,KA-Coastal,Maize,Rabi,2.09,Laterite,844.5,Tubewell,161648,1,0,65.8,102825,34958,0.2985
FC-004261,UP,UP-Eastern,Sugarcane,Kharif,0.67,Black,858.8,Canal,115465,2,0,68.5,97506,207675,0.7434
FC-004262,MH,MH-Konkan,Cotton,Kharif,2.26,Black,1110.7,Tubewell,178066,1,0,73.9,132108,6763,0.3705
FC-004263,HR,HR-West,Rice,Rabi,0.54,Sandy,493.1,Tubewell,54203,2,0,47.4,40000,0,0.4534
FC-004264,AP,AP-Rayalaseema,Cotton,Kharif,3.02,Black,924.5,Tubewell,193922,3,0,95.1,283120,7354,0.0694
FC-004265,UP,UP-Bundelkhand,Sugarcane,Kharif,0.3,ClayLoam,928.9,Tubewell,64795,0,0,85.0,65676,23547,0.2624
FC-004266,TG,TG-South,Cotton,Kharif,1.41,Black,1073.3,Rainfed,115636,1,0,44.3,155522,5842,0.2126
FC-004267,RJ,RJ-Mewar,Millet,Kharif,1.83,ClayLoam,325.0,Rainfed,142413,1,0,89.9,40000,176609,0.8068
FC-004268,BR,BR-Gangetic,Rice,Rabi,1.85,Alluvial,1304.0,Rainfed,149475,1,0,100.0,85301,166366,0.7706
FC-004269,AP,AP-Upland,Rice,Rabi,0.76,Black,823.0,Tubewell,57009,4,0,84.7,41999,18309,0.4823
FC-004270,RJ,RJ-Shekhawati,Wheat,Rabi,2.86,Red,368.1,Tubewell,164991,1,0,84.7,131385,90276,0.2806
FC-004271,HR,HR-South,Wheat,Rabi,0.36,Sandy,865.2,Tubewell,38741,3,0,78.5,40000,10995,0.2256
FC-004272,HR,HR-South,Wheat,Rabi,1.5,ClayLoam,586.1,Drip,145025,2,0,35.8,126552,23805,0.4654
FC-004273,AP,AP-Coastal,Rice,Kharif,4.7,Laterite,1256.8,Tubewell,424289,1,0,71.8,272711,27625,0.3148
FC-004274,AP,AP-Coastal,Pulses,Kharif,0.22,Red,767.5,Rainfed,50247,4,0,79.7,40000,34734,0.4097
FC-004275,AP,AP-Rayalaseema,Groundnut,Rabi,1.5,Red,1178.2,Drip,109436,3,1,24.6,40000,34842,0.8794
FC-004276,BR,BR-Gangetic,Wheat,Rabi,0.29,Alluvial,1101.7,Rainfed,39570,2,0,60.8,40000,23877,0.5139
FC-004277,AP,AP-Upland,Cotton,Kharif,2.86,ClayLoam,931.9,Tubewell,228407,0,0,58.1,144614,26918,0.2967
FC-004278,GJ,GJ-Saurashtra,Cotton,Kharif,0.79,Black,713.1,Rainfed,78001,3,0,80.0,77803,94255,0.5684
FC-004279,KA,KA-North,Groundnut,Rabi,1.69,Black,1444.3,Rainfed,136196,3,0,100.0,77799,36677,0.3014
FC-004280,BR,BR-North,Rice,Kharif,0.89,Alluvial,1070.2,Drip,99881,3,0,60.7,89696,72817,0.407
FC-004281,GJ,GJ-North,Maize,Rabi,0.73,Sandy,1180.9,Canal,48172,3,0,68.3,40000,0,0.2195
FC-004282,HR,HR-South,Rice,Rabi,0.96,Alluvial,411.1,Tubewell,58981,3,0,93.9,52566,27875,0.2019
FC-004283,UP,UP-Western,Cotton,Kharif,1.05,Alluvial,726.3,Canal,81093,4,0,79.2,51308,7252,0.2823
FC-004284,GJ,GJ-Saurashtra,Wheat,Rabi,1.43,Black,972.8,Drip,144731,2,0,84.7,64811,0,0.3345
FC-004285,PB,PB-Majha,Rice,Kharif,1.27,Alluvial,659.3,Drip,96379,0,0,80.7,68989,105570,0.5553
FC-004286,RJ,RJ-Mewar,Wheat,Rabi,0.26,Alluvial,570.6,Drip,39214,2,0,47.4,40000,63799,0.4893
FC-004287,BR,BR-North,Maize,Rabi,3.13,Sandy,1384.2,Canal,139417,2,0,68.1,102721,36377,0.1766
FC-004288,BR,BR-South,Rice,Rabi,1.79,Alluvial,1010.0,Canal,134666,1,0,79.2,89424,0,0.2253
FC-004289,HR,HR-South,Wheat,Rabi,1.32,Alluvial,295.4,Rainfed,79160,0,0,91.4,94183,12383,0.3422
FC-004290,RJ,RJ-Shekhawati,Pulses,Rabi,0.55,Sandy,569.3,Rainfed,49214,2,0,63.6,40000,58962,0.6277
FC-004291,UP,UP-Bundelkhand,Rice,Rabi,0.44,Alluvial,1061.7,Tubewell,42107,2,1,68.5,40000,141684,0.8129
FC-004292,GJ,GJ-North,Cotton,Kharif,1.64,Alluvial,1034.7,Tubewell,106420,4,0,91.9,97831,3981,0.1777
FC-004293,HR,HR-West,Rice,Kharif,1.93,Sandy,358.9,Tubewell,152449,2,1,70.9,59007,47212,0.8083
FC-004294,RJ,RJ-Hadoti,Millet,Kharif,0.43,ClayLoam,366.0,Tubewell,45584,4,0,73.3,40000,0,0.3496
FC-004295,MH,MH-Konkan,Rice,Kharif,2.35,Black,1050.4,Canal,236622,2,0,62.2,170550,17016,0.2
FC-004296,KA,KA-South,Pulses,Kharif,1.72,Laterite,992.1,Rainfed,89637,1,0,94.3,45857,12690,0.3445
FC-004297,AP,AP-Rayalaseema,Millet,Kharif,0.52,ClayLoam,1025.2,Tubewell,74746,3,0,100.0,40000,13694,0.397
FC-004298,MH,MH-Marathwada,Cotton,Kharif,2.27,Black,1072.0,Drip,179347,5,0,89.7,159117,63705,0.1966
FC-004299,RJ,RJ-Mewar,Pulses,Kharif,1.96,Red,250.0,Canal,183369,2,0,78.1,58792,0,0.5995
FC-004300,MH,MH-Konkan,Wheat,Rabi,2.74,Laterite,1107.7,Canal,173429,1,0,69.4,132806,13947,0.2719
FC-004301,TN,TN-North,Pulses,Rabi,0.6,Alluvial,749.7,Drip,64561,4,1,42.4,40000,187550,0.8778
FC-004302,TN,TN-West,Rice,Rabi,1.32,ClayLoam,1287.4,Canal,99513,5,0,82.6,60543,84681,0.4363
FC-004303,MP,MP-Mahakoshal,Soybean,Kharif,1.01,Red,805.6,Rainfed,73622,1,0,60.6,40000,6838,0.4897
FC-004304,BR,BR-Gangetic,Rice,Kharif,0.61,Alluvial,1220.4,Canal,52923,2,0,55.9,40000,28083,0.5956
FC-004305,HR,HR-South,Rice,Kharif,0.55,ClayLoam,411.0,Tubewell,61422,2,0,53.4,40000,136077,0.8209
FC-004306,HR,HR-South,Wheat,Rabi,2.64,Black,644.2,Canal,166174,1,0,72.7,109323,17750,0.1963
FC-004307,MP,MP-Bundelkhand,Cotton,Kharif,1.72,Black,1073.2,Rainfed,158517,1,0,59.3,60468,75914,0.7673
FC-004308,KA,KA-Coastal,Pulses,Rabi,0.55,Black,1596.6,Canal,85641,2,0,57.4,40000,4381,0.4571
FC-004309,AP,AP-Rayalaseema,Sugarcane,Kharif,0.78,ClayLoam,872.7,Rainfed,73657,2,0,70.2,101768,0,0.2506
FC-004310,TN,TN-Delta,Sugarcane,Rabi,0.67,Laterite,816.0,Drip,59810,3,0,87.4,76033,75570,0.2544
FC-004311,UP,UP-Bundelkhand,Sugarcane,Rabi,0.62,Alluvial,998.5,Canal,80295,2,0,60.3,128896,0,0.1468
FC-004312,GJ,GJ-South,Pulses,Rabi,0.25,Alluvial,595.4,Rainfed,60438,1,0,93.7,40000,0,0.3685
FC-004313,AP,AP-Rayalaseema,Groundnut,Kharif,1.24,Red,1105.8,Tubewell,130981,2,1,23.8,55079,76586,0.81
FC-004314,MP,MP-Bundelkhand,Soybean,Kharif,1.4,Red,940.2,Rainfed,122740,5,0,69.6,59588,8492,0.5448
FC-004315,UP,UP-Bundelkhand,Rice,Rabi,2.49,Alluvial,960.1,Rainfed,199962,3,0,100.0,174094,38146,0.3034
FC-004316,HR,HR-West,Cotton,Kharif,0.51,Sandy,424.7,Tubewell,44381,0,0,67.4,40000,33254,0.6368
FC-004317,KA,KA-South,Rice,Kharif,2.72,Red,826.1,Rainfed,189593,3,0,81.6,94453,8185,0.5759
FC-004318,HR,HR-East,Maize,Kharif,0.52,Sandy,644.9,Drip,53471,3,1,35.0,40000,157347,0.8708
FC-004319,MH,MH-Vidarbha,Sugarcane,Kharif,2.11,Black,1305.5,Tubewell,197947,5,0,94.7,292587,5680,0.1246
FC-004320,AP,AP-Rayalaseema,Groundnut,Rabi,0.71,Black,899.2,Rainfed,49867,1,0,87.1,40000,20547,0.3652
FC-004321,PB,PB-Malwa,Pulses,Kharif,0.39,Sandy,536.2,Canal,54329,3,0,100.0,40000,10296,0.208
FC-004322,AP,AP-Rayalaseema,Groundnut,Kharif,3.95,Red,934.6,Drip,180870,2,0,81.6,165376,93750,0.236
FC-004323,KA,KA-South,Rice,Kharif,0.22,Red,1425.3,Tubewell,35882,0,0,87.8,40000,50669,0.2314
FC-004324,PB,PB-Majha,Rice,Kharif,4.25,ClayLoam,733.4,Rainfed,296213,0,0,80.2,217719,0,0.1757
FC-004325,MH,MH-Vidarbha,Cotton,Kharif,1.13,Black,1137.0,Canal,88018,4,0,82.3,81716,400000,0.6546
FC-004326,UP,UP-Bundelkhand,Sugarcane,Kharif,0.73,Alluvial,1162.6,Rainfed,93407,5,0,73.4,123596,29354,0.2031
FC-004327,MH,MH-Marathwada,Pulses,Kharif,2.13,Black,1159.3,Tubewell,108509,2,0,49.9,56676,0,0.5699
FC-004328,PB,PB-Doaba,Rice,Kharif,0.8,Alluvial,514.6,Canal,83719,3,0,62.7,56102,77428,0.5329
FC-004329,MP,MP-Mahakoshal,Pulses,Kharif,0.97,Black,1052.3,Rainfed,106682,1,0,86.3,40000,24938,0.6699
FC-004330,TG,TG-Central,Pulses,Rabi,1.71,Red,808.2,Tubewell,132914,1,0,88.1,69244,0,0.2346
FC-004331,MP,MP-Mahakoshal,Soybean,Kharif,1.32,Black,1216.6,Drip,97286,4,1,58.3,56885,141590,0.8204
FC-004332,TG,TG-North,Groundnut,Kharif,0.59,Black,1111.4,Canal,87458,2,0,53.2,40000,3687,0.377
FC-004333,RJ,RJ-Marwar,Mustard,Rabi,2.09,Alluvial,289.5,Drip,122497,1,0,70.3,61953,0,0.2453
FC-004334,PB,PB-Doaba,Rice,Kharif,0.69,Alluvial,615.3,Tubewell,85440,2,0,65.4,40000,7333,0.3562
FC-004335,PB,PB-Malwa,Maize,Kharif,1.69,Alluvial,665.4,Tubewell,132665,4,0,73.8,69558,6815,0.3044
FC-004336,GJ,GJ-South,Groundnut,Rabi,5.82,Sandy,866.3,Canal,560815,5,0,41.9,413094,103609,0.385
FC-004337,UP,UP-Central,Pulses,Rabi,1.04,Alluvial,731.9,Drip,88652,5,0,84.4,40000,400000,0.8217
FC-004338,RJ,RJ-Shekhawati,Millet,Kharif,1.57,Red,515.4,Rainfed,93709,2,0,72.3,40000,7585,0.5031
FC-004339,PB,PB-Malwa,Wheat,Rabi,2.29,ClayLoam,828.8,Canal,146641,3,0,61.1,137743,7370,0.2222
FC-004340,TG,TG-Central,Maize,Kharif,0.99,Red,899.6,Canal,91628,1,0,77.6,40000,65239,0.7313
FC-004341,MH,MH-Western,Groundnut,Kharif,6.45,Black,647.4,Tubewell,485954,3,0,78.4,380483,3832,0.3249
FC-004342,TG,TG-North,Cotton,Kharif,0.55,ClayLoam,1022.8,Rainfed,48630,1,0,74.4,40000,0,0.2673
FC-004343,TN,TN-South,Pulses,Rabi,0.54,Alluvial,783.6,Canal,48526,2,0,65.6,40000,27267,0.3147
FC-004344,MH,MH-Western,Cotton,Kharif,0.86,Black,1074.7,Drip,110377,0,0,71.9,87200,55385,0.3819
FC-004345,MP,MP-Chambal,Pulses,Kharif,0.88,Alluvial,695.7,Canal,55065,2,0,73.4,40000,4304,0.3504
FC-004346,MH,MH-Konkan,Wheat,Rabi,1.31,Laterite,813.7,Canal,128551,2,0,60.4,51747,12321,0.5696
FC-004347,KA,KA-North,Sugarcane,Rabi,1.54,Laterite,1179.2,Drip,163716,1,0,82.0,163040,181175,0.3522
FC-004348,BR,BR-Gangetic,Rice,Rabi,1.08,Alluvial,1019.3,Tubewell,96286,1,0,81.6,63172,150119,0.7474
FC-004349,RJ,RJ-Mewar,Pulses,Rabi,0.58,Sandy,740.3,Tubewell,49453,4,0,97.1,40000,6503,0.2548
FC-004350,PB,PB-Malwa,Rice,Kharif,2.02,Alluvial,755.6,Canal,152485,1,0,93.6,116665,26086,0.2116
FC-004351,MH,MH-Konkan,Soybean,Kharif,0.45,Black,451.4,Canal,66477,3,0,93.7,40000,42859,0.6161
FC-004352,MH,MH-Marathwada,Sugarcane,Kharif,2.25,Red,955.6,Rainfed,354135,2,0,100.0,528447,7543,0.1437
FC-004353,AP,AP-Upland,Cotton,Kharif,1.21,Red,665.3,Tubewell,135640,5,0,69.5,69699,0,0.5252
FC-004354,KA,KA-North,Cotton,Kharif,0.89,Red,1500.5,Canal,122732,6,0,97.8,80674,34072,0.3275
FC-004355,MH,MH-Marathwada,Sugarcane,Rabi,0.57,Black,1140.7,Rainfed,94033,1,0,78.7,86532,26117,0.3562
FC-004356,TG,TG-Central,Cotton,Kharif,0.91,Red,806.3,Tubewell,63412,2,0,68.1,48429,0,0.3075
FC-004357,RJ,RJ-Shekhawati,Millet,Kharif,2.52,Sandy,417.6,Canal,125122,2,0,62.4,58286,73295,0.6483
FC-004358,TN,TN-Delta,Rice,Kharif,1.34,Red,1095.2,Canal,138068,1,0,73.9,66493,66200,0.6001
FC-004359,UP,UP-Central,Rice,Rabi,1.37,ClayLoam,719.9,Rainfed,145529,2,1,55.1,73035,0,0.831
FC-004360,UP,UP-Bundelkhand,Pulses,Kharif,0.89,Alluvial,1114.2,Drip,71932,1,0,63.0,40000,8592,0.2545
FC-004361,BR,BR-Gangetic,Wheat,Rabi,1.34,ClayLoam,1090.1,Rainfed,139023,3,0,67.1,65075,23618,0.5959
FC-004362,HR,HR-East,Mustard,Rabi,1.12,Sandy,580.2,Rainfed,76180,3,0,79.8,40000,6178,0.3972
FC-004363,UP,UP-Central,Sugarcane,Kharif,1.02,Alluvial,946.4,Tubewell,108156,2,0,60.0,230903,0,0.1096
FC-004364,KA,KA-Central,Wheat,Rabi,2.53,Black,1503.2,Canal,226061,2,0,58.0,136742,0,0.3145
FC-004365,BR,BR-North,Rice,Rabi,0.89,Alluvial,1142.6,Rainfed,80192,1,0,58.5,59396,0,0.2808
FC-004366,MH,MH-Vidarbha,Soybean,Kharif,0.54,Black,734.1,Canal,47611,3,0,100.0,40000,0,0.1814
FC-004367,MH,MH-Konkan,Cotton,Kharif,0.55,Laterite,818.9,Tubewell,45546,2,0,59.2,40000,33923,0.382
FC-004368,TN,TN-West,Rice,Kharif,0.58,Alluvial,1186.0,Drip,73324,3,0,86.8,40000,30581,0.5246
FC-004369,KA,KA-Coastal,Pulses,Kharif,1.79,ClayLoam,879.4,Rainfed,143204,1,0,73.7,54046,14882,0.6618
FC-004370,RJ,RJ-Marwar,Wheat,Rabi,4.44,Sandy,697.5,Canal,403210,3,0,94.3,222151,33669,0.158
FC-004371,MH,MH-Konkan,Cotton,Kharif,0.63,Laterite,845.8,Tubewell,66650,1,0,74.3,45272,69630,0.601
FC-004372,RJ,RJ-Hadoti,Mustard,Rabi,1.24,Red,543.0,Canal,97958,4,0,53.0,40000,0,0.5118
FC-004373,KA,KA-North,Groundnut,Kharif,1.85,Laterite,1166.1,Drip,159167,3,0,93.0,127789,79244,0.3572
FC-004374,UP,UP-Bundelkhand,Mustard,Rabi,0.92,Alluvial,821.0,Tubewell,71407,3,0,60.7,40000,216239,0.8206
FC-004375,UP,UP-Eastern,Mustard,Rabi,1.56,Black,1047.7,Rainfed,94472,2,0,100.0,93458,13522,0.1612
FC-004376,UP,UP-Central,Sugarcane,Kharif,0.45,Alluvial,903.9,Drip,51511,3,0,61.5,52773,157781,0.7537
FC-004377,TG,TG-North,Millet,Kharif,3.66,Red,753.6,Canal,208534,1,0,92.4,121224,75081,0.5105
FC-004378,MH,MH-Marathwada,Rice,Kharif,3.9,Red,1069.2,Drip,262162,4,0,80.7,199150,21484,0.2036
FC-004379,TG,TG-Central,Sugarcane,Kharif,1.26,ClayLoam,947.7,Canal,109808,1,0,96.6,264540,8964,0.1003
FC-004380,BR,BR-Gangetic,Wheat,Rabi,2.07,Alluvial,1324.0,Rainfed,192752,5,0,75.5,144499,0,0.2332
FC-004381,TG,TG-South,Sugarcane,Kharif,0.57,Black,698.8,Tubewell,71900,2,0,77.0,106143,20507,0.1718
FC-004382,BR,BR-North,Rice,Kharif,1.89,Alluvial,1081.9,Rainfed,120871,1,0,85.3,133113,5881,0.3377
FC-004383,PB,PB-Majha,Wheat,Rabi,3.3,ClayLoam,660.2,Tubewell,313248,1,0,66.0,185631,0,0.365
FC-004384,MP,MP-Bundelkhand,Pulses,Kharif,0.67,Alluvial,1284.4,Rainfed,93300,2,0,45.3,40000,56182,0.8601
FC-004385,KA,KA-South,Sugarcane,Kharif,1.2,Red,1279.5,Drip,86025,2,0,81.7,151860,14823,0.0978
FC-004386,HR,HR-East,Rice,Kharif,0.81,Alluvial,491.4,Tubewell,76203,1,1,60.2,55296,118721,0.7775
FC-004387,BR,BR-South,Mustard,Rabi,0.45,Alluvial,1273.6,Drip,75995,1,0,60.6,40000,45025,0.6503
FC-004388,UP,UP-Western,Wheat,Rabi,1.6,Alluvial,642.8,Drip,157089,1,0,62.1,109560,46692,0.387
FC-004389,MP,MP-Bundelkhand,Pulses,Kharif,0.94,Black,948.0,Rainfed,80891,3,0,78.3,40000,25395,0.4085
FC-004390,BR,BR-South,Wheat,Rabi,1.16,Sandy,1228.9,Drip,93137,3,0,51.4,57093,56967,0.5151
FC-004391,MP,MP-Chambal,Wheat,Rabi,2.4,Laterite,659.6,Rainfed,112680,2,0,59.1,101628,100370,0.6366
FC-004392,MP,MP-Mahakoshal,Soybean,Kharif,0.57,Red,726.2,Drip,70766,2,0,70.4,40000,12711,0.5761
FC-004393,KA,KA-Coastal,Cotton,Kharif,1.47,Black,1121.9,Tubewell,139392,1,0,72.0,116652,30393,0.1925
FC-004394,MP,MP-Chambal,Cotton,Kharif,2.75,Alluvial,1102.8,Rainfed,162984,3,0,70.8,129254,87914,0.3794
FC-004395,GJ,GJ-South,Groundnut,Kharif,0.41,Alluvial,917.3,Canal,40878,2,0,61.1,40000,0,0.1888
FC-004396,RJ,RJ-Mewar,Groundnut,Rabi,0.93,ClayLoam,652.0,Rainfed,69174,0,0,30.0,50167,47422,0.627
FC-004397,UP,UP-Bundelkhand,Wheat,Rabi,0.38,Alluvial,815.0,Rainfed,46598,4,0,100.0,40000,38861,0.3865
FC-004398,RJ,RJ-Marwar,Pulses,Kharif,1.79,Sandy,290.2,Tubewell,121725,7,0,69.9,40000,0,0.6128
FC-004399,AP,AP-Rayalaseema,Maize,Rabi,0.44,Black,832.5,Tubewell,69353,4,0,93.4,40000,0,0.3727
FC-004400,TN,TN-West,Rice,Rabi,0.64,Laterite,1003.1,Drip,90157,4,0,72.3,40000,10618,0.5212
FC-004401,MP,MP-Malwa,Cotton,Kharif,0.3,Red,820.7,Rainfed,54803,2,0,75.3,40000,11546,0.4744
FC-004402,UP,UP-Eastern,Rice,Kharif,1.07,Alluvial,1051.8,Drip,133374,1,0,69.7,79805,9729,0.3995
FC-004403,TN,TN-West,Cotton,Kharif,1.01,Black,792.1,Canal,125173,3,0,95.3,92149,0,0.2058
FC-004404,BR,BR-North,Wheat,Rabi,1.5,Red,1083.2,Drip,86708,2,0,63.6,60378,21088,0.324
FC-004405,BR,BR-Gangetic,Wheat,Rabi,0.35,Alluvial,1185.0,Tubewell,61449,5,0,78.2,40000,0,0.3725
FC-004406,KA,KA-Central,Maize,Kharif,1.49,Laterite,938.1,Rainfed,94106,3,0,71.6,52160,7705,0.4143
FC-004407,UP,UP-Western,Rice,Rabi,1.25,ClayLoam,968.1,Canal,124719,3,0,55.9,67965,50021,0.4209
FC-004408,MP,MP-Chambal,Pulses,Rabi,0.47,Red,822.8,Tubewell,58363,0,0,62.2,40000,28566,0.4524
FC-004409,KA,KA-Coastal,Maize,Kharif,0.2,Red,799.6,Rainfed,31181,1,0,72.8,40000,3192,0.3438
FC-004410,RJ,RJ-Mewar,Pulses,Kharif,0.45,Red,342.4,Rainfed,65727,1,0,63.0,40000,9991,0.4575
FC-004411,RJ,RJ-Shekhawati,Wheat,Rabi,0.95,Sandy,442.9,Drip,76990,1,0,67.7,46285,0,0.3148
FC-004412,BR,BR-Gangetic,Rice,Rabi,0.98,Alluvial,1048.2,Tubewell,100060,4,1,25.8,40000,115340,0.9105
FC-004413,TG,TG-North,Cotton,Kharif,1.6,Black,1365.3,Rainfed,101439,4,0,91.2,95568,26929,0.1986
FC-004414,PB,PB-Malwa,Rice,Kharif,0.73,ClayLoam,872.7,Canal,88082,1,0,68.6,54611,172183,0.6644
FC-004415,BR,BR-Gangetic,Wheat,Rabi,1.23,Alluvial,1352.8,Tubewell,109442,8,0,88.1,103333,70880,0.3626
FC-004416,RJ,RJ-Mewar,Wheat,Rabi,2.3,Sandy,250.0,Rainfed,172034,3,0,87.7,112772,13801,0.4486
FC-004417,MH,MH-Western,Cotton,Kharif,1.68,Black,1186.7,Canal,108221,3,0,51.3,62653,43082,0.5509
FC-004418,UP,UP-Central,Wheat,Rabi,1.1,Alluvial,1059.5,Rainfed,104067,0,0,77.2,60434,10451,0.3443
FC-004419,MH,MH-Konkan,Pulses,Kharif,1.87,Black,1057.4,Tubewell,116259,5,0,86.6,73762,20136,0.2129
FC-004420,MH,MH-Vidarbha,Cotton,Kharif,1.84,Black,1070.8,Canal,114242,5,0,92.4,121358,31894,0.1667
FC-004421,KA,KA-South,Groundnut,Kharif,2.59,Laterite,1821.6,Canal,146228,0,0,73.3,63149,26870,0.3962
FC-004422,MP,MP-Mahakoshal,Soybean,Kharif,0.51,Black,1069.7,Canal,55589,3,0,75.1,40000,31230,0.3512
FC-004423,MP,MP-Bundelkhand,Soybean,Kharif,0.61,Red,1138.2,Rainfed,63808,3,0,86.8,40000,0,0.3038
FC-004424,GJ,GJ-North,Rice,Rabi,0.85,Alluvial,1042.9,Tubewell,101004,4,0,59.7,72748,66862,0.5004
FC-004425,UP,UP-Bundelkhand,Mustard,Rabi,0.85,Alluvial,1179.5,Canal,61253,0,0,82.8,40362,0,0.3165
FC-004426,AP,AP-Upland,Sugarcane,Kharif,0.6,Red,890.6,Canal,48999,1,0,70.9,40723,13399,0.2105
FC-004427,TN,TN-West,Rice,Kharif,3.01,Red,842.4,Tubewell,199645,1,0,92.2,202761,20154,0.1818
FC-004428,GJ,GJ-Central,Wheat,Rabi,0.67,Black,493.0,Rainfed,76447,7,0,83.9,53044,13576,0.525
FC-004429,AP,AP-Rayalaseema,Millet,Kharif,0.29,Alluvial,1037.0,Canal,42645,3,0,57.0,40000,39530,0.5203
FC-004430,KA,KA-Central,Maize,Kharif,1.43,Black,1035.3,Drip,121252,2,0,82.9,72595,4583,0.2021
FC-004431,HR,HR-West,Wheat,Rabi,0.8,Alluvial,568.0,Tubewell,76362,2,0,84.7,42468,2304,0.2962
FC-004432,HR,HR-East,Wheat,Rabi,0.56,Alluvial,472.3,Tubewell,69448,2,0,83.2,40000,22994,0.6649
FC-004433,AP,AP-Upland,Groundnut,Rabi,3.26,Alluvial,657.1,Rainfed,202105,1,0,82.8,167767,52443,0.5126
FC-004434,UP,UP-Western,Pulses,Rabi,1.76,ClayLoam,932.3,Rainfed,102523,2,0,100.0,57079,10979,0.282
FC-004435,AP,AP-Upland,Sugarcane,Rabi,0.62,Red,575.4,Rainfed,120356,2,1,33.2,124938,189818,0.8923
FC-004436,HR,HR-South,Sugarcane,Rabi,1.3,Alluvial,582.7,Canal,129116,0,0,60.2,222502,21113,0.2469
FC-004437,MP,MP-Chambal,Soybean,Kharif,2.07,Black,946.9,Rainfed,159421,1,0,68.9,87687,0,0.5302
FC-004438,KA,KA-Coastal,Pulses,Rabi,0.77,Black,1265.3,Tubewell,56469,1,0,100.0,40000,52904,0.2496
FC-004439,AP,AP-Rayalaseema,Rice,Rabi,1.44,Alluvial,1100.7,Rainfed,136778,2,0,88.1,109569,20511,0.2287
FC-004440,HR,HR-West,Wheat,Rabi,0.39,Alluvial,753.1,Canal,66125,2,0,60.5,40000,7557,0.375
FC-004441,MH,MH-Western,Wheat,Rabi,1.57,Red,1184.8,Rainfed,117698,1,0,60.1,97606,26855,0.2055
FC-004442,MP,MP-Bundelkhand,Rice,Rabi,1.73,Black,1506.4,Rainfed,97116,2,0,84.1,105142,87576,0.1961
FC-004443,GJ,GJ-North,Wheat,Rabi,2.78,Black,562.9,Canal,241705,2,0,73.1,171590,45419,0.2724
FC-004444,TG,TG-Central,Rice,Rabi,1.09,Red,1157.6,Rainfed,113657,0,0,89.0,50367,0,0.3365
FC-004445,MH,MH-Western,Sugarcane,Kharif,1.36,Black,1156.9,Rainfed,106832,3,0,80.0,260815,0,0.1179
FC-004446,MH,MH-Western,Rice,Rabi,2.53,Red,815.9,Tubewell,158423,2,0,78.3,134916,38149,0.3
FC-004447,KA,KA-South,Wheat,Rabi,1.43,Sandy,1241.2,Canal,152075,4,0,100.0,65623,0,0.3941
FC-004448,KA,KA-South,Pulses,Rabi,0.63,Red,1106.1,Rainfed,87143,0,0,74.9,40000,21084,0.7713
FC-004449,TN,TN-Delta,Sugarcane,Kharif,0.74,ClayLoam,527.0,Canal,102874,1,0,84.1,94462,0,0.3358
FC-004450,BR,BR-Gangetic,Wheat,Rabi,2.13,Black,1397.6,Tubewell,158007,3,0,77.5,101081,8788,0.3346
FC-004451,AP,AP-Rayalaseema,Rice,Rabi,6.07,Red,1033.0,Canal,418147,3,0,43.5,263179,23468,0.2795
FC-004452,MP,MP-Bundelkhand,Soybean,Kharif,0.29,Red,1181.9,Rainfed,43958,1,0,100.0,40000,15010,0.295
FC-004453,RJ,RJ-Shekhawati,Mustard,Rabi,0.61,ClayLoam,250.0,Drip,63090,1,1,48.7,40000,164338,0.8451
FC-004454,MP,MP-Malwa,Cotton,Kharif,1.18,Black,810.7,Canal,77920,1,0,68.9,121448,0,0.1328
FC-004455,RJ,RJ-Marwar,Pulses,Rabi,0.48,ClayLoam,807.5,Tubewell,51371,1,0,89.1,40000,0,0.2229
FC-004456,MP,MP-Chambal,Soybean,Kharif,4.39,Red,1384.4,Drip,184451,5,0,84.0,138298,32295,0.1874
FC-004457,PB,PB-Majha,Wheat,Rabi,1.68,ClayLoam,948.7,Drip,164008,3,0,66.7,94326,16708,0.2152
FC-004458,UP,UP-Western,Mustard,Rabi,0.94,Alluvial,1048.8,Tubewell,63248,2,0,71.0,50849,19157,0.3373
FC-004459,PB,PB-Doaba,Wheat,Rabi,1.6,Alluvial,807.1,Rainfed,156520,1,0,95.3,102660,29348,0.1927
FC-004460,UP,UP-Central,Wheat,Rabi,2.85,Alluvial,1186.9,Canal,222678,1,0,75.3,168055,12039,0.1516
FC-004461,GJ,GJ-Saurashtra,Rice,Rabi,1.89,Black,512.2,Rainfed,124293,3,0,41.5,62461,0,0.6136
FC-004462,MP,MP-Chambal,Wheat,Rabi,1.14,Red,978.5,Tubewell,100987,2,0,79.6,62206,19468,0.3412
FC-004463,TN,TN-South,Rice,Kharif,1.17,Laterite,853.2,Rainfed,102038,3,0,96.1,60841,2621,0.2721
FC-004464,KA,KA-Coastal,Rice,Rabi,1.27,Red,1109.6,Canal,130306,2,1,49.9,82676,236975,0.8227
FC-004465,UP,UP-Western,Wheat,Rabi,0.39,Alluvial,644.3,Drip,56021,0,0,73.4,40000,0,0.405
FC-004466,MP,MP-Bundelkhand,Pulses,Kharif,1.25,Black,1100.6,Canal,106953,2,1,49.3,40000,17369,0.8054
FC-004467,AP,AP-Rayalaseema,Rice,Kharif,1.27,Black,763.5,Drip,147625,4,0,44.1,79460,59317,0.4883
FC-004468,MP,MP-Chambal,Soybean,Kharif,0.33,Black,1186.1,Rainfed,70415,3,0,56.7,40000,16316,0.5945
FC-004469,MH,MH-Western,Wheat,Rabi,0.76,Black,992.9,Rainfed,68417,3,0,72.5,45501,56692,0.5828
FC-004470,BR,BR-North,Rice,Kharif,1.91,Alluvial,1070.6,Drip,169279,3,0,58.7,115102,3869,0.2807
FC-004471,AP,AP-Upland,Maize,Rabi,3.39,Black,670.3,Rainfed,159558,2,0,99.5,103276,79371,0.3218
FC-004472,KA,KA-Central,Sugarcane,Kharif,0.99,Laterite,697.1,Canal,112523,5,0,72.7,152184,7605,0.3402
FC-004473,AP,AP-Coastal,Rice,Kharif,3.68,ClayLoam,691.4,Tubewell,254554,2,0,81.3,214567,9710,0.1564
FC-004474,PB,PB-Majha,Wheat,Rabi,1.28,Alluvial,612.9,Canal,104665,3,0,60.8,81940,16490,0.4433
FC-004475,UP,UP-Central,Sugarcane,Rabi,1.12,Alluvial,1143.7,Tubewell,184263,3,0,93.9,209917,46407,0.1616
FC-004476,BR,BR-Gangetic,Rice,Kharif,2.09,Alluvial,1219.0,Canal,176594,3,0,51.7,133033,0,0.2484
FC-004477,RJ,RJ-Marwar,Mustard,Rabi,2.67,Red,311.1,Rainfed,166971,0,0,53.6,86935,125329,0.8122
FC-004478,MH,MH-Vidarbha,Pulses,Rabi,1.23,Black,1021.2,Canal,72197,1,0,50.3,40000,166032,0.7667
FC-004479,MH,MH-Marathwada,Groundnut,Rabi,1.34,Alluvial,729.6,Tubewell,124893,0,0,57.7,52986,22726,0.4862
FC-004480,GJ,GJ-North,Mustard,Rabi,1.04,Alluvial,1042.1,Rainfed,64300,4,0,81.4,57480,15813,0.2565
FC-004481,BR,BR-South,Wheat,Rabi,2.86,Alluvial,1060.5,Canal,265321,0,0,94.5,204562,18486,0.3434
FC-004482,MH,MH-Western,Wheat,Rabi,0.49,Black,993.7,Canal,56337,5,0,76.5,40000,63560,0.5835
FC-004483,TN,TN-West,Rice,Kharif,1.78,Laterite,1225.5,Rainfed,152890,6,0,83.6,104280,43615,0.4918
FC-004484,TG,TG-North,Rice,Rabi,1.66,Red,978.5,Rainfed,115154,0,0,85.0,89903,0,0.215
FC-004485,MH,MH-Western,Pulses,Rabi,0.66,Black,646.8,Rainfed,78529,2,0,80.6,40000,8402,0.5261
FC-004486,HR,HR-East,Wheat,Rabi,1.69,ClayLoam,527.4,Rainfed,174056,2,0,70.3,124806,57021,0.2948
FC-004487,AP,AP-Rayalaseema,Rice,Kharif,2.18,Black,1117.9,Drip,221806,4,0,75.1,168916,72984,0.4844
FC-004488,BR,BR-North,Rice,Rabi,0.95,ClayLoam,1381.1,Rainfed,89890,2,1,24.3,42227,182816,0.9054
FC-004489,MP,MP-Malwa,Soybean,Kharif,1.76,Red,1243.0,Canal,88812,1,0,59.4,71947,126933,0.5351
FC-004490,KA,KA-South,Soybean,Kharif,2.77,Black,1264.4,Tubewell,149525,1,0,99.9,138700,61174,0.3379
FC-004491,GJ,GJ-South,Rice,Rabi,0.63,Black,1139.8,Rainfed,75182,3,1,72.1,40000,64553,0.8589
FC-004492,MH,MH-Marathwada,Sugarcane,Kharif,1.28,Black,1091.2,Canal,165501,4,0,70.2,219186,3476,0.1332
FC-004493,AP,AP-Coastal,Rice,Rabi,1.07,Red,885.0,Tubewell,64009,3,0,76.1,46492,18177,0.4835
FC-004494,MP,MP-Mahakoshal,Pulses,Rabi,1.02,Alluvial,966.4,Canal,117037,3,0,63.3,40000,125057,0.7836
FC-004495,MH,MH-Western,Maize,Rabi,0.2,Red,909.3,Rainfed,60497,1,0,94.6,40000,0,0.4526
FC-004496,RJ,RJ-Shekhawati,Millet,Kharif,2.35,Red,483.4,Drip,146701,1,0,72.6,53754,48026,0.7055
FC-004497,UP,UP-Eastern,Wheat,Rabi,1.56,Alluvial,655.0,Canal,132573,5,0,88.0,68085,3833,0.3428
FC-004498,UP,UP-Central,Rice,Kharif,3.02,Alluvial,1150.6,Rainfed,155313,2,0,76.8,179529,62814,0.1887
FC-004499,RJ,RJ-Shekhawati,Maize,Kharif,1.64,Black,669.2,Drip,131730,2,0,92.5,78157,5424,0.1708
FC-004500,TN,TN-Delta,Groundnut,Kharif,0.97,Laterite,669.3,Drip,65218,0,0,87.1,40000,23427,0.4294
FC-004501,MP,MP-Bundelkhand,Soybean,Kharif,1.02,ClayLoam,1207.2,Canal,87184,0,0,74.8,41150,77852,0.8262
FC-004502,AP,AP-Upland,Millet,Kharif,0.45,Red,1137.9,Tubewell,67832,4,0,77.8,40000,20382,0.4723
FC-004503,PB,PB-Majha,Pulses,Rabi,2.57,Alluvial,836.6,Tubewell,218075,1,1,35.7,40000,0,0.875
FC-004504,UP,UP-Eastern,Maize,Kharif,2.74,Alluvial,1019.1,Tubewell,195183,3,0,68.0,109055,90445,0.4832
FC-004505,TN,TN-West,Sugarcane,Kharif,1.43,Alluvial,820.3,Tubewell,192299,1,0,58.7,238881,23557,0.3076
FC-004506,TG,TG-South,Cotton,Kharif,2.1,Red,856.3,Canal,173513,1,0,91.7,94111,25040,0.3109
FC-004507,GJ,GJ-North,Cotton,Kharif,1.51,Black,692.9,Tubewell,143290,4,0,77.9,118457,4108,0.2785
FC-004508,MH,MH-Western,Soybean,Kharif,1.01,Red,1076.4,Tubewell,107890,2,0,69.2,40000,31448,0.5519
FC-004509,UP,UP-Eastern,Rice,Rabi,1.52,Sandy,1064.2,Tubewell,164817,2,0,64.0,103361,5912,0.3698
FC-004510,GJ,GJ-Central,Rice,Rabi,1.76,Sandy,489.0,Tubewell,124131,1,0,68.0,81357,35171,0.5029
FC-004511,KA,KA-South,Maize,Rabi,0.74,ClayLoam,1190.4,Rainfed,87318,3,0,49.5,40000,9011,0.5536
FC-004512,KA,KA-Central,Cotton,Kharif,1.58,Red,1064.8,Drip,108904,2,0,82.9,93138,0,0.136
FC-004513,TN,TN-Delta,Rice,Rabi,1.1,Red,878.4,Tubewell,130847,3,0,55.6,69472,15859,0.4891
FC-004514,RJ,RJ-Marwar,Mustard,Rabi,0.87,Black,753.4,Rainfed,93012,5,0,100.0,40000,0,0.4169
FC-004515,UP,UP-Western,Maize,Kharif,0.43,Alluvial,1037.9,Tubewell,51018,3,0,78.1,40000,65213,0.6222
FC-004516,PB,PB-Majha,Mustard,Rabi,1.42,Alluvial,418.5,Rainfed,120618,1,0,76.4,94467,38217,0.3537
FC-004517,RJ,RJ-Mewar,Maize,Rabi,0.82,Sandy,361.0,Tubewell,86531,1,1,49.1,45195,24283,0.7951
FC-004518,MH,MH-Marathwada,Sugarcane,Rabi,3.99,Black,819.6,Drip,280388,2,0,72.7,700000,31823,0.1689
FC-004519,KA,KA-Central,Soybean,Kharif,0.78,ClayLoam,1077.5,Drip,76994,1,0,60.4,40000,24929,0.532
FC-004520,RJ,RJ-Shekhawati,Pulses,Kharif,2.93,ClayLoam,482.9,Tubewell,230377,2,0,100.0,87476,0,0.275
FC-004521,AP,AP-Coastal,Sugarcane,Kharif,1.21,Black,1126.4,Tubewell,117975,1,0,97.0,215492,6801,0.0926
FC-004522,RJ,RJ-Hadoti,Millet,Kharif,3.3,Red,511.3,Canal,147983,3,0,69.9,55869,0,0.3958
FC-004523,KA,KA-Coastal,Maize,Rabi,0.33,Red,423.1,Tubewell,43594,6,0,44.3,40000,48132,0.6691
FC-004524,MP,MP-Chambal,Cotton,Kharif,0.45,Red,1051.3,Rainfed,62809,3,0,88.3,40000,0,0.3066
FC-004525,TN,TN-Delta,Sugarcane,Kharif,0.56,Black,648.9,Rainfed,106457,0,0,66.1,122363,15628,0.6539
FC-004526,AP,AP-Coastal,Rice,Rabi,1.44,Red,889.0,Rainfed,100455,3,0,67.1,82957,7890,0.3104
FC-004527,AP,AP-Rayalaseema,Millet,Kharif,1.64,Alluvial,988.8,Rainfed,147342,3,1,50.6,40000,0,0.8346
FC-004528,MP,MP-Mahakoshal,Maize,Rabi,1.25,ClayLoam,1417.3,Canal,76907,1,0,88.9,76228,119165,0.3516
FC-004529,AP,AP-Rayalaseema,Sugarcane,Rabi,2.78,Black,1027.3,Canal,395927,3,0,94.2,592668,14169,0.1143
FC-004530,BR,BR-North,Rice,Rabi,0.56,ClayLoam,1194.3,Rainfed,49424,2,0,66.0,40000,0,0.2904
FC-004531,MP,MP-Chambal,Mustard,Rabi,0.78,Black,671.5,Tubewell,89633,3,0,77.9,40000,158104,0.7941
FC-004532,AP,AP-Upland,Rice,Kharif,0.55,Alluvial,1034.1,Rainfed,42649,0,0,64.0,43944,64429,0.5294
FC-004533,MH,MH-Konkan,Wheat,Rabi,0.68,Black,1076.5,Canal,86921,2,0,68.1,41669,21846,0.5103
FC-004534,AP,AP-Coastal,Cotton,Kharif,1.19,Sandy,1104.8,Tubewell,86579,1,0,63.1,84389,26050,0.3192
FC-004535,PB,PB-Doaba,Mustard,Rabi,1.07,Alluvial,629.3,Canal,65060,8,0,81.0,44109,48391,0.526
FC-004536,TN,TN-North,Rice,Kharif,1.23,Laterite,1154.9,Canal,102160,4,0,66.3,64719,67389,0.3971
FC-004537,TG,TG-Central,Rice,Kharif,1.28,Black,906.5,Drip,87474,3,0,91.0,74456,46424,0.2002
FC-004538,MH,MH-Konkan,Soybean,Kharif,3.6,Laterite,1032.9,Canal,219225,1,0,99.0,132566,14495,0.206
FC-004539,BR,BR-Gangetic,Wheat,Rabi,0.36,Alluvial,1399.4,Canal,61588,0,0,99.5,40000,0,0.1741
FC-004540,UP,UP-Central,Sugarcane,Rabi,2.77,Alluvial,1177.8,Canal,160702,3,0,80.6,264677,43296,0.1191
FC-004541,AP,AP-Coastal,Rice,Kharif,1.12,Black,759.8,Drip,78187,2,0,48.8,72584,0,0.3018
FC-004542,GJ,GJ-Saurashtra,Groundnut,Rabi,3.21,Black,1271.0,Rainfed,231856,6,0,72.2,165203,10975,0.3971
FC-004543,MP,MP-Bundelkhand,Wheat,Rabi,0.26,Black,1148.8,Canal,35668,1,0,67.2,40000,31589,0.3287
FC-004544,MP,MP-Malwa,Rice,Kharif,4.1,Sandy,627.5,Tubewell,266400,3,0,94.6,237337,5570,0.2336
FC-004545,MH,MH-Konkan,Cotton,Kharif,4.25,ClayLoam,817.7,Tubewell,186129,2,0,79.2,129470,12637,0.358
FC-004546,MH,MH-Marathwada,Cotton,Kharif,0.66,Red,518.2,Tubewell,54582,3,0,85.6,61593,67643,0.578
FC-004547,BR,BR-Gangetic,Rice,Kharif,0.86,Alluvial,1038.1,Rainfed,96976,0,0,66.8,59972,117337,0.8683
FC-004548,MH,MH-Konkan,Maize,Rabi,3.94,Black,635.6,Drip,255850,2,0,74.1,198164,0,0.3076
FC-004549,HR,HR-South,Pulses,Kharif,1.11,Alluvial,557.5,Rainfed,101938,1,0,71.6,41318,78135,0.78
FC-004550,MP,MP-Mahakoshal,Soybean,Kharif,1.12,Black,672.8,Canal,82133,4,0,86.4,40000,17635,0.4295
FC-004551,BR,BR-Gangetic,Pulses,Kharif,1.06,Alluvial,1176.2,Canal,85121,1,0,88.5,40000,11216,0.3587
FC-004552,UP,UP-Central,Wheat,Rabi,0.4,Alluvial,1015.2,Tubewell,69619,8,0,74.0,40000,0,0.4328
FC-004553,TG,TG-Central,Rice,Kharif,5.51,Red,250.0,Canal,379578,2,0,70.7,213648,11490,0.5599
FC-004554,RJ,RJ-Hadoti,Pulses,Rabi,2.91,Sandy,558.5,Canal,270840,2,0,68.9,132892,208198,0.5765
FC-004555,MH,MH-Western,Cotton,Kharif,4.98,Red,546.4,Rainfed,464144,1,0,83.7,446644,0,0.4992
FC-004556,GJ,GJ-South,Groundnut,Kharif,0.22,Red,315.3,Canal,38631,3,0,78.7,40000,2270,0.3468
FC-004557,AP,AP-Coastal,Wheat,Rabi,0.97,Black,829.0,Tubewell,72009,0,0,71.4,44947,35976,0.4883
FC-004558,MH,MH-Marathwada,Sugarcane,Kharif,1.66,Black,1041.4,Canal,156379,0,0,61.5,282263,72177,0.207
FC-004559,KA,KA-North,Rice,Kharif,4.63,Laterite,545.2,Drip,215426,4,0,47.4,144803,87210,0.4669
FC-004560,KA,KA-South,Rice,Rabi,1.09,Red,1314.1,Rainfed,93945,2,0,76.2,60718,18915,0.5257
FC-004561,MP,MP-Mahakoshal,Maize,Kharif,2.02,Red,972.2,Tubewell,171594,1,0,63.8,86193,10986,0.3966
FC-004562,UP,UP-Central,Wheat,Rabi,1.03,Black,890.3,Drip,128176,2,0,71.5,97709,0,0.1936
FC-004563,UP,UP-Central,Soybean,Kharif,1.36,Alluvial,856.1,Canal,111294,3,0,76.5,40000,45890,0.6682
FC-004564,RJ,RJ-Marwar,Wheat,Rabi,2.38,Sandy,438.6,Rainfed,182747,3,0,48.5,158763,60738,0.4165
FC-004565,UP,UP-Eastern,Wheat,Rabi,0.54,ClayLoam,871.3,Tubewell,59153,0,0,82.8,40000,6521,0.3825
FC-004566,MP,MP-Chambal,Pulses,Rabi,1.48,Sandy,1083.1,Rainfed,139585,0,0,71.8,56215,0,0.4698
FC-004567,KA,KA-Central,Cotton,Kharif,1.25,Black,1203.4,Rainfed,85567,3,0,87.4,117990,106117,0.2999
FC-004568,MH,MH-Vidarbha,Maize,Kharif,0.8,Alluvial,1005.1,Rainfed,91104,1,0,39.1,40000,4593,0.644
FC-004569,KA,KA-Coastal,Maize,Kharif,0.37,Laterite,1223.1,Rainfed,55082,3,0,78.5,40000,50518,0.5608
FC-004570,MH,MH-Vidarbha,Pulses,Kharif,1.22,Red,649.1,Rainfed,77471,0,1,61.6,40000,81806,0.8215
FC-004571,AP,AP-Coastal,Rice,Rabi,0.49,Sandy,1052.3,Rainfed,56552,2,0,87.8,40000,4747,0.4557
FC-004572,PB,PB-Majha,Mustard,Rabi,1.61,Alluvial,607.3,Drip,148483,4,0,64.8,65903,34897,0.5041
FC-004573,TN,TN-South,Soybean,Kharif,1.22,Black,991.3,Rainfed,96762,2,1,39.5,40000,123133,0.8117
FC-004574,MH,MH-Vidarbha,Soybean,Kharif,2.9,Black,669.1,Canal,137398,4,0,65.6,157900,7375,0.2632
FC-004575,MP,MP-Chambal,Wheat,Rabi,5.79,Red,842.5,Canal,442596,1,0,79.2,210810,164806,0.5631
FC-004576,MP,MP-Mahakoshal,Maize,Kharif,0.2,Black,802.3,Tubewell,60745,1,0,68.4,40000,87559,0.9263
FC-004577,TN,TN-North,Rice,Rabi,2.33,ClayLoam,743.9,Canal,172657,2,0,44.4,154182,110100,0.2784
FC-004578,AP,AP-Coastal,Rice,Kharif,1.69,ClayLoam,1063.8,Canal,128547,1,0,68.4,119989,45960,0.3562
FC-004579,TG,TG-Central,Cotton,Kharif,7.14,Alluvial,501.8,Rainfed,522589,0,1,64.7,335088,10670,0.8383
FC-004580,PB,PB-Doaba,Wheat,Rabi,1.02,Alluvial,764.5,Drip,63734,1,0,82.1,40000,965,0.2986
FC-004581,KA,KA-Coastal,Maize,Kharif,0.72,Laterite,928.0,Rainfed,73734,5,0,71.0,40000,36292,0.6586
FC-004582,MP,MP-Mahakoshal,Soybean,Kharif,1.41,Red,1216.8,Canal,81991,0,0,96.3,71858,30419,0.2326
FC-004583,TN,TN-North,Rice,Rabi,0.39,Red,1182.0,Rainfed,54242,4,0,80.2,40000,84173,0.597
FC-004584,UP,UP-Central,Groundnut,Rabi,2.7,Alluvial,759.7,Rainfed,194581,1,0,96.2,117453,49318,0.2515
FC-004585,UP,UP-Western,Wheat,Rabi,0.87,Alluvial,1119.3,Canal,62281,1,0,87.6,56758,20905,0.2647
FC-004586,GJ,GJ-Saurashtra,Rice,Kharif,0.81,Sandy,1289.8,Tubewell,53631,1,0,62.3,40000,74887,0.5989
FC-004587,UP,UP-Western,Pulses,Rabi,0.31,Black,1037.0,Drip,46376,0,0,71.4,40000,26126,0.4485
FC-004588,UP,UP-Bundelkhand,Pulses,Kharif,1.9,ClayLoam,1117.9,Tubewell,165960,1,0,71.2,72611,73582,0.6748
FC-004589,PB,PB-Doaba,Wheat,Rabi,2.27,Alluvial,664.2,Tubewell,110437,3,0,58.3,105647,2525,0.3108
FC-004590,TN,TN-West,Millet,Kharif,1.16,Sandy,1003.2,Rainfed,68733,2,0,72.0,40000,11581,0.3713
FC-004591,TN,TN-North,Wheat,Rabi,1.64,Red,892.7,Canal,84146,3,0,92.4,62768,84350,0.5419
FC-004592,HR,HR-South,Rice,Kharif,0.79,Alluvial,530.6,Drip,54662,1,0,72.2,61524,0,0.1516
FC-004593,UP,UP-Eastern,Rice,Rabi,1.27,Alluvial,911.8,Canal,87586,4,0,82.4,57369,98494,0.3863
FC-004594,UP,UP-Western,Sugarcane,Kharif,0.68,Alluvial,741.4,Tubewell,104388,3,1,34.5,81270,118123,0.8268
FC-004595,TN,TN-Delta,Maize,Kharif,0.61,Red,1187.4,Rainfed,46928,2,0,63.3,40000,3654,0.2131
FC-004596,MH,MH-Konkan,Rice,Rabi,0.21,Laterite,1216.7,Drip,42562,3,0,71.1,40000,197499,0.8454
FC-004597,TG,TG-South,Cotton,Kharif,0.93,Laterite,995.1,Rainfed,96887,4,0,100.0,82016,28584,0.2694
FC-004598,GJ,GJ-Central,Groundnut,Rabi,1.23,Black,325.0,Tubewell,66612,2,0,80.3,40000,31278,0.6199
FC-004599,AP,AP-Rayalaseema,Sugarcane,Kharif,0.59,Alluvial,950.7,Rainfed,71732,2,0,50.7,138685,39244,0.2854
FC-004600,BR,BR-North,Rice,Kharif,0.23,Alluvial,1066.4,Rainfed,35647,3,0,71.3,40000,9467,0.3295
FC-004601,MP,MP-Mahakoshal,Cotton,Kharif,2.48,Red,820.0,Tubewell,179597,2,0,44.5,245305,5151,0.2142
FC-004602,MH,MH-Konkan,Soybean,Kharif,1.1,Black,980.8,Tubewell,63657,1,0,100.0,40000,9998,0.2257
FC-004603,RJ,RJ-Marwar,Wheat,Rabi,0.63,Alluvial,532.4,Rainfed,59890,2,0,56.8,54046,56795,0.4788
FC-004604,RJ,RJ-Mewar,Millet,Kharif,2.48,Red,515.5,Canal,199721,0,1,31.3,68319,53567,0.7904
FC-004605,UP,UP-Western,Wheat,Rabi,1.67,ClayLoam,764.0,Tubewell,159316,4,0,88.2,73443,32978,0.5493
FC-004606,TG,TG-North,Maize,Rabi,1.91,Sandy,1257.5,Rainfed,148002,1,1,42.2,40000,0,0.8336
FC-004607,GJ,GJ-Saurashtra,Maize,Kharif,1.76,Black,250.0,Tubewell,90264,3,0,54.2,57999,9747,0.4386
FC-004608,MP,MP-Mahakoshal,Cotton,Kharif,1.88,Black,1140.7,Drip,138995,3,0,72.7,147948,73831,0.2099
FC-004609,TN,TN-South,Cotton,Kharif,2.89,Red,741.2,Tubewell,155087,2,0,100.0,259971,26382,0.0932
FC-004610,MH,MH-Konkan,Groundnut,Rabi,3.49,Black,657.6,Rainfed,280204,2,0,67.7,155876,0,0.3458
FC-004611,BR,BR-Gangetic,Pulses,Kharif,0.38,Alluvial,1150.3,Rainfed,58649,3,0,79.0,40000,13003,0.5319
FC-004612,HR,HR-East,Sugarcane,Kharif,0.31,Alluvial,531.9,Tubewell,64249,0,0,91.1,43075,0,0.2974
FC-004613,KA,KA-Central,Maize,Kharif,1.15,Red,1025.1,Tubewell,80620,1,0,77.6,40000,34056,0.462
FC-004614,UP,UP-Central,Rice,Rabi,0.69,Alluvial,707.9,Canal,55094,3,0,95.6,41585,0,0.2484
FC-004615,KA,KA-Coastal,Millet,Kharif,0.89,Red,459.5,Tubewell,106544,3,0,76.0,40000,47051,0.8423
FC-004616,KA,KA-South,Sugarcane,Kharif,0.24,Red,1509.6,Canal,38809,0,0,89.9,40000,123627,0.7761
FC-004617,KA,KA-Coastal,Wheat,Rabi,1.3,Black,1264.0,Drip,159561,1,0,74.9,121078,12034,0.2122
FC-004618,TN,TN-Delta,Pulses,Kharif,1.36,Red,1220.1,Canal,84731,3,0,77.9,59471,62005,0.3604
FC-004619,TG,TG-Central,Rice,Kharif,1.59,ClayLoam,1089.6,Rainfed,170860,4,0,89.1,117125,132975,0.3711
FC-004620,MH,MH-Western,Cotton,Kharif,1.27,Sandy,927.3,Drip,157518,2,0,85.3,114780,0,0.2125
FC-004621,TN,TN-West,Sugarcane,Rabi,1.17,Red,785.0,Rainfed,92323,1,0,64.8,188988,0,0.2318
FC-004622,BR,BR-South,Wheat,Rabi,3.0,Red,1427.4,Drip,218820,2,0,63.0,197962,40505,0.1966
FC-004623,PB,PB-Majha,Wheat,Rabi,1.37,Alluvial,643.7,Rainfed,130067,1,0,71.7,95496,7215,0.2114
FC-004624,PB,PB-Malwa,Cotton,Kharif,2.89,Alluvial,792.0,Tubewell,211998,4,0,62.3,261713,27779,0.2421
FC-004625,UP,UP-Eastern,Wheat,Rabi,1.77,Alluvial,544.6,Rainfed,129294,3,0,56.3,102057,0,0.4885
FC-004626,GJ,GJ-Central,Cotton,Kharif,0.58,Laterite,772.1,Drip,57433,1,0,79.7,46191,72061,0.3991
FC-004627,KA,KA-Coastal,Cotton,Kharif,2.71,Laterite,895.2,Canal,211891,5,0,93.8,145598,6588,0.2929
FC-004628,MP,MP-Malwa,Pulses,Kharif,1.23,Red,951.7,Canal,82449,1,0,71.4,40000,81239,0.8111
FC-004629,UP,UP-Bundelkhand,Pulses,Kharif,0.65,Alluvial,1222.6,Tubewell,56490,2,0,67.1,40000,17802,0.475
FC-004630,MH,MH-Western,Cotton,Kharif,0.95,Black,1115.3,Canal,79356,3,0,69.2,82796,23054,0.2826
FC-004631,MP,MP-Malwa,Groundnut,Kharif,1.71,Alluvial,994.3,Rainfed,158090,2,0,66.8,144450,53171,0.298
FC-004632,BR,BR-North,Maize,Kharif,2.46,Alluvial,1148.3,Tubewell,147245,4,0,76.6,51941,20507,0.5226
FC-004633,TG,TG-North,Cotton,Kharif,1.67,Black,951.0,Rainfed,184969,4,0,69.2,115476,0,0.4136
FC-004634,RJ,RJ-Mewar,Millet,Kharif,0.25,ClayLoam,469.9,Rainfed,41818,1,0,86.5,40000,0,0.1532
FC-004635,UP,UP-Bundelkhand,Sugarcane,Rabi,0.84,Sandy,866.3,Canal,67300,2,0,90.9,98610,51569,0.1947
FC-004636,MH,MH-Vidarbha,Cotton,Kharif,1.1,Black,917.9,Tubewell,128807,5,0,39.6,72726,11022,0.4495
FC-004637,KA,KA-Coastal,Wheat,Rabi,2.07,Black,1026.6,Canal,115687,3,0,57.2,155286,400000,0.7756
FC-004638,PB,PB-Doaba,Pulses,Kharif,0.2,Alluvial,637.0,Drip,63005,0,1,49.3,40000,93885,0.88
FC-004639,MP,MP-Mahakoshal,Pulses,Rabi,1.11,Black,1347.3,Tubewell,76797,1,0,59.8,46333,0,0.3659
FC-004640,TN,TN-South,Rice,Kharif,0.3,Laterite,715.0,Canal,41662,1,0,66.9,40000,48625,0.5353
FC-004641,TG,TG-North,Rice,Rabi,0.79,ClayLoam,834.8,Tubewell,84054,3,0,76.5,44816,28689,0.5402
FC-004642,MH,MH-Konkan,Cotton,Kharif,1.07,ClayLoam,669.7,Canal,93611,4,0,41.8,93319,87465,0.5489
FC-004643,MP,MP-Bundelkhand,Groundnut,Kharif,2.3,ClayLoam,889.7,Rainfed,130049,2,0,67.0,187365,15040,0.1028
FC-004644,UP,UP-Eastern,Rice,Rabi,0.59,Alluvial,1108.5,Rainfed,87196,2,0,85.8,42829,0,0.2893
FC-004645,GJ,GJ-North,Maize,Kharif,0.95,Black,638.3,Rainfed,86128,2,0,82.0,40000,26770,0.6705
FC-004646,MP,MP-Mahakoshal,Rice,Kharif,0.94,Black,1233.1,Canal,107695,3,0,71.9,40000,76011,0.8616
FC-004647,TN,TN-South,Sugarcane,Kharif,3.14,Laterite,929.3,Rainfed,300938,3,0,98.0,571413,224565,0.238
FC-004648,MP,MP-Malwa,Soybean,Kharif,1.37,Alluvial,913.4,Canal,97429,1,0,64.0,60773,105381,0.8243
FC-004649,HR,HR-West,Wheat,Rabi,0.8,Alluvial,711.1,Tubewell,68409,2,0,65.2,42995,74084,0.7133
FC-004650,RJ,RJ-Hadoti,Millet,Kharif,2.6,Sandy,348.8,Rainfed,215689,1,1,69.4,58724,26198,0.8026
FC-004651,MH,MH-Western,Groundnut,Rabi,1.39,Black,474.7,Rainfed,110854,2,1,34.9,40000,16874,0.9079
FC-004652,AP,AP-Upland,Rice,Rabi,2.82,Black,1065.0,Rainfed,234964,2,0,59.6,238633,4839,0.1936
FC-004653,TN,TN-North,Rice,Kharif,4.17,Alluvial,1022.1,Drip,208650,1,0,74.3,235830,0,0.1056
FC-004654,UP,UP-Western,Rice,Rabi,0.93,Alluvial,1052.3,Tubewell,113000,3,0,85.0,98024,33479,0.3418
FC-004655,GJ,GJ-Central,Groundnut,Kharif,0.64,Sandy,882.2,Tubewell,58250,1,0,75.0,40000,5371,0.2258
FC-004656,UP,UP-Western,Rice,Rabi,1.08,Alluvial,704.4,Tubewell,123093,4,0,76.0,64482,4132,0.537
FC-004657,BR,BR-South,Wheat,Rabi,1.32,Alluvial,1112.3,Tubewell,134104,1,0,66.9,55169,11626,0.6206
FC-004658,AP,AP-Upland,Maize,Rabi,2.89,Alluvial,1171.8,Rainfed,215366,2,0,84.9,145335,42112,0.3436
FC-004659,PB,PB-Majha,Wheat,Rabi,0.6,Alluvial,508.0,Drip,59895,1,0,80.0,40000,0,0.3556
FC-004660,MH,MH-Konkan,Cotton,Kharif,4.1,Red,944.1,Tubewell,319581,2,0,55.1,383397,44121,0.201
FC-004661,BR,BR-Gangetic,Pulses,Kharif,0.64,ClayLoam,788.5,Tubewell,65469,0,0,100.0,40000,4938,0.4697
FC-004662,UP,UP-Eastern,Wheat,Rabi,2.25,Sandy,1091.9,Canal,197513,4,0,84.4,73148,29160,0.5287
FC-004663,MP,MP-Bundelkhand,Maize,Rabi,0.88,Red,665.3,Tubewell,71261,1,1,44.0,40000,208039,0.9217
FC-004664,MH,MH-Vidarbha,Sugarcane,Rabi,0.64,Laterite,1131.7,Tubewell,96107,1,0,66.7,56383,31072,0.4542
FC-004665,UP,UP-Central,Mustard,Rabi,1.0,Sandy,823.6,Canal,110714,1,0,84.1,40000,10561,0.5438
FC-004666,KA,KA-South,Sugarcane,Kharif,6.76,ClayLoam,1286.2,Canal,406873,2,0,58.2,700000,17623,0.1554
FC-004667,UP,UP-Bundelkhand,Wheat,Rabi,0.63,Alluvial,756.0,Drip,70659,0,0,83.4,40000,57875,0.5748
FC-004668,TN,TN-Delta,Cotton,Kharif,1.0,Red,1058.9,Tubewell,97208,2,0,93.2,58620,0,0.2117
FC-004669,PB,PB-Doaba,Wheat,Rabi,0.88,Alluvial,620.4,Drip,59446,1,0,68.1,54119,18902,0.2483
FC-004670,MP,MP-Chambal,Soybean,Kharif,0.28,Red,1308.9,Rainfed,68675,0,1,39.1,40000,70342,0.9264
FC-004671,TN,TN-South,Rice,Kharif,0.74,Laterite,1120.2,Drip,61077,3,0,87.2,61271,32797,0.1236
FC-004672,UP,UP-Western,Rice,Kharif,1.62,Alluvial,867.1,Tubewell,114280,2,0,100.0,102373,4833,0.1075
FC-004673,GJ,GJ-Saurashtra,Wheat,Rabi,0.44,Black,1110.0,Canal,54490,3,0,69.8,40000,26809,0.2999
FC-004674,MP,MP-Chambal,Pulses,Rabi,0.82,Red,984.0,Rainfed,95246,1,0,67.2,40000,2996,0.5548
FC-004675,PB,PB-Doaba,Rice,Kharif,0.24,Alluvial,928.4,Canal,40525,3,0,65.2,40000,17269,0.3095
FC-004676,MP,MP-Malwa,Wheat,Rabi,0.78,Sandy,543.7,Drip,57689,3,0,65.5,40000,19327,0.2443
FC-004677,KA,KA-Central,Cotton,Kharif,0.97,Alluvial,1111.9,Rainfed,115532,2,0,83.9,45785,52412,0.8174
FC-004678,AP,AP-Coastal,Maize,Kharif,1.02,ClayLoam,919.5,Canal,116825,1,0,58.6,55307,29041,0.5925
FC-004679,HR,HR-South,Wheat,Rabi,0.68,ClayLoam,250.0,Rainfed,54468,0,0,70.6,40000,55360,0.8262
FC-004680,MH,MH-Marathwada,Groundnut,Kharif,3.34,Black,500.0,Rainfed,261482,2,0,79.5,223916,4018,0.4626
FC-004681,RJ,RJ-Mewar,Soybean,Kharif,0.67,Black,430.4,Drip,56321,1,0,78.8,40000,0,0.3338
FC-004682,KA,KA-South,Millet,Kharif,0.3,Red,1219.8,Canal,49040,1,0,79.6,40000,54940,0.3444
FC-004683,TG,TG-South,Rice,Rabi,0.76,Alluvial,929.8,Rainfed,98978,3,0,83.7,42477,11002,0.5202
FC-004684,BR,BR-Gangetic,Wheat,Rabi,0.88,Alluvial,1172.1,Canal,89859,2,0,71.4,46486,11013,0.4292
FC-004685,UP,UP-Eastern,Sugarcane,Kharif,0.93,Alluvial,1105.2,Tubewell,118106,1,0,84.8,122462,63534,0.3993
FC-004686,HR,HR-East,Wheat,Rabi,1.46,Alluvial,441.6,Canal,113562,2,0,68.1,52344,43346,0.5987
FC-004687,UP,UP-Central,Soybean,Kharif,0.38,Alluvial,814.0,Drip,47709,4,0,75.9,40000,0,0.3147
FC-004688,TG,TG-North,Cotton,Kharif,1.03,ClayLoam,775.1,Rainfed,106263,2,0,69.6,67591,14493,0.5053
FC-004689,MH,MH-Konkan,Cotton,Kharif,3.02,Black,1199.9,Rainfed,203717,2,0,92.4,275206,144382,0.1975
FC-004690,KA,KA-North,Cotton,Kharif,1.1,Black,945.5,Rainfed,75893,6,0,93.3,40000,7439,0.5081
FC-004691,HR,HR-East,Wheat,Rabi,1.11,Alluvial,866.3,Canal,87339,2,0,100.0,88268,20810,0.1197
FC-004692,MH,MH-Konkan,Sugarcane,Rabi,0.86,Black,1297.8,Canal,126399,3,0,69.7,93724,0,0.1885
FC-004693,KA,KA-North,Maize,Kharif,0.92,ClayLoam,1220.4,Canal,85334,0,0,71.0,60728,5053,0.268
FC-004694,UP,UP-Central,Cotton,Kharif,0.34,Alluvial,1133.5,Canal,68358,3,0,83.4,40000,41952,0.5066
FC-004695,UP,UP-Western,Wheat,Rabi,0.69,Alluvial,961.2,Tubewell,67414,4,0,100.0,40000,9856,0.3576
FC-004696,UP,UP-Bundelkhand,Wheat,Rabi,2.4,Alluvial,873.8,Drip,154287,2,0,83.4,151196,28469,0.1382
FC-004697,MH,MH-Konkan,Soybean,Kharif,0.81,Black,844.0,Canal,58408,4,0,64.3,40000,0,0.2787
FC-004698,AP,AP-Rayalaseema,Rice,Kharif,1.42,Red,981.0,Canal,103526,1,0,64.4,104255,41798,0.2028
FC-004699,KA,KA-South,Pulses,Rabi,1.24,Red,977.2,Canal,115868,3,0,44.0,40000,11371,0.6254
FC-004700,UP,UP-Western,Wheat,Rabi,0.28,Alluvial,796.1,Canal,56866,1,0,100.0,40000,92842,0.7561
FC-004701,UP,UP-Eastern,Rice,Rabi,2.42,Alluvial,842.1,Tubewell,165871,5,0,67.4,146654,0,0.1832
FC-004702,KA,KA-Coastal,Maize,Kharif,3.43,Red,1190.9,Rainfed,344655,0,0,86.2,237865,0,0.1167
FC-004703,MP,MP-Mahakoshal,Soybean,Kharif,4.54,Black,855.3,Canal,345081,1,0,69.9,253368,0,0.2846
FC-004704,PB,PB-Malwa,Cotton,Kharif,2.65,Alluvial,804.5,Canal,229238,5,1,61.8,96239,225379,0.7914
FC-004705,TG,TG-South,Pulses,Rabi,0.91,ClayLoam,665.8,Drip,74281,2,0,52.5,40000,17560,0.5078
FC-004706,UP,UP-Western,Sugarcane,Kharif,4.28,Alluvial,1091.9,Rainfed,295358,3,0,68.5,700000,12345,0.1389
FC-004707,UP,UP-Bundelkhand,Rice,Rabi,1.83,Alluvial,795.2,Tubewell,132677,5,0,46.4,121505,0,0.3208
FC-004708,TG,TG-Central,Cotton,Kharif,1.65,ClayLoam,790.0,Tubewell,172200,5,0,66.5,132164,30309,0.3647
FC-004709,MP,MP-Chambal,Mustard,Rabi,0.36,Black,861.1,Tubewell,68629,1,0,100.0,40000,71113,0.637
FC-004710,MP,MP-Mahakoshal,Soybean,Kharif,2.63,Alluvial,654.6,Tubewell,195674,3,0,80.7,72071,15635,0.5192
FC-004711,TG,TG-South,Rice,Rabi,1.41,ClayLoam,901.0,Rainfed,137356,2,0,80.7,67308,15393,0.2948
FC-004712,PB,PB-Malwa,Rice,Kharif,0.91,Sandy,708.7,Canal,59942,4,0,100.0,49718,60061,0.2781
FC-004713,BR,BR-South,Maize,Rabi,2.26,Alluvial,1380.6,Canal,110861,2,0,73.1,113240,6893,0.1377
FC-004714,UP,UP-Central,Millet,Kharif,4.49,Sandy,1081.2,Drip,286390,1,0,64.3,106258,18206,0.6235
FC-004715,MH,MH-Konkan,Soybean,Kharif,2.71,Black,1331.5,Tubewell,138854,4,0,75.1,128999,89622,0.2742
FC-004716,RJ,RJ-Mewar,Wheat,Rabi,1.42,Black,354.8,Tubewell,142687,3,0,100.0,88851,8702,0.3846
FC-004717,KA,KA-Central,Pulses,Rabi,4.58,Black,948.8,Rainfed,270891,2,0,93.9,120522,1198,0.3603
FC-004718,AP,AP-Coastal,Cotton,Kharif,4.06,Red,586.8,Tubewell,194541,2,0,100.0,138907,113717,0.3972
FC-004719,UP,UP-Bundelkhand,Rice,Rabi,0.66,Alluvial,1098.5,Canal,48710,2,0,54.5,42385,11775,0.2473
FC-004720,UP,UP-Central,Maize,Rabi,0.82,Alluvial,1090.2,Canal,64343,2,0,71.6,44692,22847,0.3429
FC-004721,UP,UP-Eastern,Rice,Rabi,2.4,Alluvial,941.7,Canal,129530,1,0,71.6,140517,16010,0.2144
FC-004722,AP,AP-Upland,Maize,Rabi,0.44,Red,1003.5,Tubewell,39510,2,0,75.3,40000,38784,0.4687
FC-004723,GJ,GJ-Central,Mustard,Rabi,2.73,Black,1162.2,Tubewell,236698,1,0,84.3,142456,0,0.2658
FC-004724,UP,UP-Bundelkhand,Cotton,Kharif,0.97,Alluvial,925.8,Rainfed,72912,4,0,67.0,82288,0,0.2633
FC-004725,GJ,GJ-North,Groundnut,Kharif,2.53,Red,326.5,Rainfed,196948,1,1,43.9,49596,106019,0.9246
FC-004726,MP,MP-Bundelkhand,Wheat,Rabi,0.97,Black,985.5,Canal,63804,2,0,81.3,58083,1697,0.1837
FC-004727,KA,KA-North,Rice,Rabi,1.4,Red,1208.6,Rainfed,118904,4,0,60.5,83154,14236,0.3787
FC-004728,TN,TN-West,Sugarcane,Rabi,0.33,Red,762.0,Tubewell,47565,3,0,56.8,45330,45073,0.5404
FC-004729,AP,AP-Upland,Pulses,Kharif,0.38,Black,1336.3,Canal,45291,0,1,61.8,40000,76929,0.7782
FC-004730,TG,TG-South,Groundnut,Rabi,2.0,Black,851.1,Tubewell,180695,4,0,62.7,116945,0,0.3534
FC-004731,HR,HR-West,Wheat,Rabi,0.94,Alluvial,397.9,Drip,75955,4,0,90.1,59261,37379,0.248
FC-004732,UP,UP-Western,Cotton,Kharif,4.22,Alluvial,973.0,Rainfed,243134,1,0,71.0,362851,61357,0.1512
FC-004733,PB,PB-Doaba,Wheat,Rabi,1.82,Alluvial,719.0,Rainfed,193003,4,0,66.6,107612,4548,0.4534
FC-004734,RJ,RJ-Shekhawati,Millet,Kharif,3.26,Black,404.2,Canal,133553,2,0,82.2,52780,96502,0.4999
FC-004735,UP,UP-Eastern,Wheat,Rabi,5.06,Sandy,583.1,Drip,305420,0,0,87.3,197159,82028,0.2494
FC-004736,TN,TN-South,Rice,Kharif,2.09,Laterite,950.7,Rainfed,229329,0,0,66.6,159095,37389,0.2379
FC-004737,BR,BR-North,Pulses,Rabi,1.16,Alluvial,1324.7,Canal,119339,1,1,48.4,43559,30350,0.7812
FC-004738,PB,PB-Doaba,Wheat,Rabi,1.63,Alluvial,533.1,Drip,108657,2,0,76.5,107989,85360,0.2615
FC-004739,GJ,GJ-Saurashtra,Wheat,Rabi,1.01,Red,645.8,Tubewell,98183,3,0,60.4,56999,73866,0.5933
FC-004740,KA,KA-South,Millet,Kharif,0.68,Red,352.8,Drip,60391,4,0,69.4,40000,12967,0.3673
FC-004741,TN,TN-Delta,Maize,Kharif,1.34,Alluvial,746.9,Canal,69047,2,0,100.0,40071,3962,0.2765
FC-004742,MP,MP-Mahakoshal,Soybean,Kharif,2.37,Black,896.3,Canal,224042,0,0,82.9,152908,30272,0.2978
FC-004743,RJ,RJ-Hadoti,Pulses,Kharif,1.99,Red,406.3,Canal,148051,1,0,68.2,64739,6686,0.5543
FC-004744,UP,UP-Central,Wheat,Rabi,2.28,Alluvial,796.2,Canal,175499,1,0,95.8,120186,8728,0.1562
FC-004745,HR,HR-West,Rice,Rabi,0.99,Alluvial,648.4,Drip,115817,5,0,86.1,56651,19980,0.4136
FC-004746,GJ,GJ-Saurashtra,Groundnut,Kharif,1.66,ClayLoam,1135.0,Rainfed,110567,2,0,70.2,101298,16042,0.2402
FC-004747,BR,BR-South,Rice,Kharif,0.66,Alluvial,1204.9,Rainfed,90232,1,0,92.3,40000,0,0.5083
FC-004748,GJ,GJ-South,Groundnut,Rabi,0.48,Black,1302.9,Tubewell,50670,1,0,80.6,40000,6756,0.3396
FC-004749,UP,UP-Eastern,Pulses,Rabi,1.35,Alluvial,956.3,Canal,75874,1,0,68.4,51692,28649,0.3274
FC-004750,RJ,RJ-Hadoti,Mustard,Rabi,2.75,ClayLoam,421.5,Tubewell,172456,2,0,73.3,149214,97861,0.3774
FC-004751,AP,AP-Rayalaseema,Cotton,Kharif,1.34,ClayLoam,858.3,Drip,137171,1,0,68.1,101480,89724,0.3432
FC-004752,BR,BR-South,Mustard,Rabi,3.64,ClayLoam,976.1,Rainfed,303348,3,0,81.9,140437,33038,0.4365
FC-004753,MP,MP-Malwa,Maize,Rabi,0.44,Black,630.8,Tubewell,41758,1,0,72.6,40000,93677,0.7052
FC-004754,BR,BR-Gangetic,Pulses,Kharif,0.26,Alluvial,986.6,Rainfed,37095,3,0,58.5,40000,7634,0.3897
FC-004755,BR,BR-Gangetic,Pulses,Kharif,2.61,Alluvial,1338.6,Rainfed,157093,2,0,76.7,64389,51393,0.6948
FC-004756,TN,TN-South,Pulses,Rabi,2.71,Black,603.0,Drip,193451,2,1,51.2,71437,106714,0.8468
FC-004757,MH,MH-Konkan,Sugarcane,Rabi,1.36,Alluvial,460.6,Rainfed,89549,3,0,67.4,101731,93858,0.756
FC-004758,BR,BR-North,Maize,Kharif,1.18,Sandy,814.8,Tubewell,109624,2,0,94.8,59733,31867,0.3943
FC-004759,MP,MP-Chambal,Wheat,Rabi,2.28,Alluvial,860.9,Tubewell,212663,3,0,50.4,159262,41666,0.5055
FC-004760,TG,TG-South,Rice,Rabi,1.52,ClayLoam,857.5,Canal,105873,2,0,32.6,147310,62680,0.318
FC-004761,GJ,GJ-Saurashtra,Cotton,Kharif,2.28,Sandy,668.0,Rainfed,119570,3,0,77.4,150785,4084,0.1701
FC-004762,MH,MH-Konkan,Rice,Rabi,1.27,Alluvial,906.4,Drip,137415,2,0,73.1,73616,85887,0.4507
FC-004763,PB,PB-Majha,Pulses,Kharif,2.13,ClayLoam,690.4,Tubewell,177450,3,0,71.9,63104,32696,0.6761
FC-004764,TG,TG-Central,Rice,Rabi,1.59,Red,1187.0,Tubewell,122935,3,0,61.5,86557,130910,0.619
FC-004765,UP,UP-Western,Wheat,Rabi,0.68,Alluvial,1286.1,Canal,94308,0,0,70.1,40000,15433,0.6174
FC-004766,MH,MH-Marathwada,Pulses,Kharif,0.44,Black,872.2,Tubewell,55458,0,0,85.8,40000,17622,0.4571
FC-004767,HR,HR-South,Wheat,Rabi,1.32,ClayLoam,360.0,Tubewell,127678,1,0,89.5,40000,2474,0.6326
FC-004768,GJ,GJ-Central,Wheat,Rabi,7.81,ClayLoam,866.7,Rainfed,649434,3,0,83.7,568099,13263,0.1974
FC-004769,AP,AP-Upland,Groundnut,Kharif,0.81,Alluvial,940.0,Rainfed,57438,1,0,69.7,40000,0,0.2861
FC-004770,UP,UP-Central,Maize,Rabi,1.51,Sandy,807.9,Canal,115638,0,0,100.0,52350,0,0.3328
FC-004771,PB,PB-Doaba,Rice,Rabi,0.3,Alluvial,634.5,Rainfed,69624,2,0,78.0,40000,3285,0.5803
FC-004772,MH,MH-Konkan,Pulses,Rabi,1.31,Black,768.2,Tubewell,70203,5,0,54.1,40000,51654,0.5814
FC-004773,TG,TG-North,Millet,Kharif,3.22,Black,914.1,Canal,157848,2,0,58.4,68754,13563,0.4647
FC-004774,MP,MP-Bundelkhand,Soybean,Kharif,3.96,Black,1073.7,Tubewell,204845,3,1,72.2,40000,7324,0.8352
FC-004775,RJ,RJ-Shekhawati,Maize,Rabi,2.48,ClayLoam,501.7,Tubewell,212969,2,0,88.3,138219,25994,0.1957
FC-004776,MP,MP-Mahakoshal,Wheat,Rabi,2.23,Red,1022.5,Drip,127691,1,0,100.0,97071,31644,0.2
FC-004777,UP,UP-Bundelkhand,Rice,Kharif,0.72,Alluvial,1051.9,Rainfed,47725,3,0,88.4,41032,8253,0.3619
FC-004778,MP,MP-Malwa,Soybean,Kharif,0.8,Red,937.1,Canal,87787,2,0,56.3,40000,8287,0.4483
FC-004779,AP,AP-Coastal,Cotton,Kharif,1.75,Sandy,812.8,Drip,141907,3,0,74.3,118815,63144,0.2627
FC-004780,AP,AP-Upland,Pulses,Kharif,1.08,Red,672.8,Rainfed,86130,2,0,63.5,40000,10308,0.5456
FC-004781,BR,BR-South,Rice,Kharif,0.84,Alluvial,987.4,Rainfed,53465,0,0,87.9,44310,9615,0.382
FC-004782,PB,PB-Malwa,Wheat,Rabi,1.67,Sandy,773.1,Tubewell,92353,3,0,95.9,64889,14895,0.2832
FC-004783,MP,MP-Mahakoshal,Soybean,Kharif,0.89,Sandy,903.6,Canal,56330,2,0,89.5,40000,236137,0.8017
FC-004784,UP,UP-Western,Sugarcane,Kharif,0.89,Alluvial,970.2,Rainfed,92665,1,0,58.6,117245,3697,0.2963
FC-004785,MH,MH-Konkan,Sugarcane,Kharif,0.92,Black,524.3,Rainfed,95564,4,0,63.8,88020,38549,0.6451
FC-004786,KA,KA-North,Groundnut,Rabi,3.5,Alluvial,998.0,Rainfed,185938,1,0,88.6,135297,17330,0.1574
FC-004787,UP,UP-Bundelkhand,Pulses,Rabi,0.78,ClayLoam,1040.1,Canal,91292,3,0,52.3,40000,81821,0.808
FC-004788,GJ,GJ-Saurashtra,Groundnut,Kharif,5.25,ClayLoam,824.7,Rainfed,241012,1,0,92.9,187150,69134,0.2266
FC-004789,MH,MH-Marathwada,Cotton,Kharif,1.53,Black,1254.3,Rainfed,149914,3,0,100.0,86952,13293,0.2673
FC-004790,MH,MH-Marathwada,Soybean,Kharif,1.74,Alluvial,923.8,Canal,145037,1,0,62.4,92744,0,0.2317
FC-004791,KA,KA-North,Rice,Kharif,1.22,Alluvial,911.2,Canal,83778,4,0,87.7,58641,51766,0.504
FC-004792,KA,KA-Central,Millet,Kharif,1.08,Black,916.7,Rainfed,88572,5,0,64.7,40000,11209,0.4011
FC-004793,TN,TN-South,Rice,Kharif,0.83,Alluvial,1319.9,Rainfed,88616,2,0,87.5,54325,13646,0.2495
FC-004794,MP,MP-Bundelkhand,Pulses,Kharif,0.52,Black,1075.1,Drip,74848,1,0,37.6,40000,151097,0.8388
FC-004795,TN,TN-Delta,Maize,Kharif,1.62,Black,859.6,Drip,139671,3,0,68.8,79332,2628,0.3177
FC-004796,KA,KA-Coastal,Cotton,Kharif,1.15,Laterite,961.4,Canal,110664,2,0,82.3,85718,15266,0.2138
FC-004797,TN,TN-Delta,Soybean,Kharif,1.52,Black,923.5,Canal,92428,0,0,73.3,45112,154709,0.7121
FC-004798,MP,MP-Bundelkhand,Soybean,Kharif,2.36,ClayLoam,714.8,Rainfed,204043,2,0,54.5,104501,28632,0.6331
FC-004799,KA,KA-Central,Cotton,Kharif,1.19,Alluvial,875.4,Tubewell,122950,3,0,70.5,78176,0,0.4902
FC-004800,MH,MH-Vidarbha,Maize,Kharif,2.42,ClayLoam,850.2,Canal,192943,3,0,86.5,97879,10606,0.3284
FC-004801,RJ,RJ-Shekhawati,Millet,Kharif,1.42,Sandy,250.0,Tubewell,92233,0,0,93.4,40000,7110,0.4136
FC-004802,RJ,RJ-Shekhawati,Mustard,Rabi,0.62,ClayLoam,547.1,Tubewell,69265,0,0,80.5,40000,8278,0.4436
FC-004803,TG,TG-North,Cotton,Kharif,1.44,Alluvial,705.3,Drip,179913,3,0,96.8,155347,15537,0.3157
FC-004804,BR,BR-Gangetic,Rice,Kharif,1.6,Alluvial,1134.0,Canal,123128,1,0,85.5,81549,197855,0.6014
FC-004805,UP,UP-Eastern,Mustard,Rabi,0.94,Alluvial,1044.3,Rainfed,61184,3,0,80.6,52419,0,0.1657
FC-004806,UP,UP-Eastern,Wheat,Rabi,0.24,Alluvial,863.5,Rainfed,61374,2,0,61.0,40000,0,0.5322
FC-004807,MP,MP-Chambal,Soybean,Kharif,2.42,Black,1133.4,Rainfed,141967,2,0,66.3,120665,12189,0.3149
FC-004808,TN,TN-Delta,Pulses,Kharif,1.24,Alluvial,1315.6,Drip,105195,4,0,91.7,40635,17583,0.5119
FC-004809,UP,UP-Eastern,Wheat,Rabi,6.93,Alluvial,929.2,Rainfed,500996,2,0,71.3,310708,39029,0.2917
FC-004810,MH,MH-Western,Pulses,Rabi,0.66,Laterite,1028.3,Tubewell,48563,1,0,52.7,40000,82778,0.7848
FC-004811,GJ,GJ-Saurashtra,Cotton,Kharif,0.89,Black,798.9,Rainfed,55199,1,0,74.6,46858,73436,0.4012
FC-004812,MP,MP-Malwa,Cotton,Kharif,0.74,ClayLoam,896.0,Tubewell,91984,2,0,74.8,54930,29420,0.4953
FC-004813,AP,AP-Coastal,Rice,Rabi,1.17,ClayLoam,1238.0,Drip,94823,2,0,76.7,64493,0,0.2736
FC-004814,TN,TN-North,Rice,Kharif,0.81,Alluvial,1226.4,Rainfed,74366,5,0,88.6,61878,33833,0.2576
FC-004815,GJ,GJ-Central,Maize,Rabi,2.89,Red,496.9,Rainfed,231020,0,0,92.3,129105,17824,0.5281
FC-004816,AP,AP-Rayalaseema,Cotton,Kharif,1.97,Red,872.5,Drip,142394,2,0,62.7,133923,22276,0.1809
FC-004817,MH,MH-Vidarbha,Sugarcane,Kharif,4.28,Black,577.6,Tubewell,269543,3,0,70.1,532723,5174,0.1964
FC-004818,KA,KA-Central,Soybean,Kharif,0.36,Sandy,1081.4,Rainfed,63496,0,0,49.4,40000,3681,0.6761
FC-004819,KA,KA-Coastal,Rice,Kharif,1.85,Laterite,1353.4,Rainfed,146105,2,0,79.5,171931,0,0.1111
FC-004820,MH,MH-Vidarbha,Sugarcane,Kharif,1.46,Black,1006.3,Tubewell,122014,3,0,53.1,150639,21444,0.2143
FC-004821,MH,MH-Vidarbha,Pulses,Rabi,1.31,Red,977.6,Tubewell,91497,1,0,79.6,45999,93885,0.7413
FC-004822,AP,AP-Upland,Rice,Rabi,2.41,Red,909.5,Canal,153325,4,0,59.0,85044,53694,0.3919
FC-004823,UP,UP-Central,Cotton,Kharif,2.67,Sandy,787.4,Canal,219862,6,0,82.8,189886,10564,0.2262
FC-004824,UP,UP-Bundelkhand,Pulses,Rabi,1.95,Alluvial,872.5,Drip,170486,0,0,61.8,65277,21414,0.6743
FC-004825,PB,PB-Malwa,Mustard,Rabi,2.66,Alluvial,630.5,Tubewell,159627,2,0,74.0,108535,34170,0.1575
FC-004826,RJ,RJ-Hadoti,Millet,Kharif,1.0,ClayLoam,663.1,Rainfed,110086,0,0,66.8,40000,0,0.5654
FC-004827,PB,PB-Malwa,Rice,Rabi,1.72,Alluvial,743.3,Canal,116572,4,0,47.9,111667,9944,0.1479
FC-004828,AP,AP-Rayalaseema,Sugarcane,Rabi,3.94,Red,789.7,Drip,272392,1,0,100.0,409781,19554,0.1142
FC-004829,MH,MH-Western,Pulses,Rabi,1.39,Sandy,724.9,Rainfed,86826,3,0,67.8,53807,7868,0.3571
FC-004830,TN,TN-South,Rice,Kharif,1.43,Alluvial,1112.4,Rainfed,148904,2,0,48.5,151935,0,0.2636
FC-004831,MP,MP-Chambal,Wheat,Rabi,0.59,Red,1010.6,Tubewell,83638,2,0,59.7,41173,0,0.3978
FC-004832,GJ,GJ-Central,Cotton,Kharif,1.8,Alluvial,650.0,Rainfed,143395,2,0,63.2,82507,963,0.572
FC-004833,AP,AP-Rayalaseema,Groundnut,Kharif,0.63,Alluvial,849.3,Rainfed,74846,4,0,67.1,43286,10691,0.5061
FC-004834,GJ,GJ-Saurashtra,Millet,Kharif,1.1,ClayLoam,709.8,Tubewell,94835,2,1,40.3,40000,49010,0.8353
FC-004835,TN,TN-South,Rice,Rabi,1.66,Red,858.0,Rainfed,115137,1,0,82.7,77433,14327,0.4014
FC-004836,PB,PB-Malwa,Rice,Rabi,1.74,Alluvial,616.6,Rainfed,177987,0,0,66.1,116996,0,0.3184
FC-004837,MP,MP-Malwa,Pulses,Kharif,0.41,Sandy,810.1,Canal,46050,2,0,67.9,40000,14594,0.1839
FC-004838,GJ,GJ-North,Groundnut,Kharif,1.8,Black,775.0,Rainfed,177401,4,0,91.5,78851,20026,0.4983
FC-004839,KA,KA-Central,Rice,Kharif,1.34,Red,1080.3,Rainfed,72539,6,0,77.3,54447,45746,0.3426
FC-004840,UP,UP-Central,Maize,Kharif,4.68,Alluvial,1009.6,Drip,359641,5,0,67.8,252070,170935,0.2942
FC-004841,GJ,GJ-Saurashtra,Mustard,Rabi,2.93,Red,407.6,Drip,264102,4,0,57.5,185924,0,0.3153
FC-004842,MH,MH-Konkan,Sugarcane,Rabi,2.06,Black,976.5,Canal,231496,4,0,100.0,396169,14997,0.0502
FC-004843,UP,UP-Central,Wheat,Rabi,1.2,Alluvial,1184.3,Canal,124101,3,0,86.2,68385,14735,0.1494
FC-004844,TN,TN-Delta,Sugarcane,Kharif,0.62,Red,977.9,Canal,97716,4,0,67.0,97451,195578,0.6271
FC-004845,HR,HR-West,Wheat,Rabi,0.29,Alluvial,574.0,Drip,45926,2,0,100.0,40000,10513,0.1903
FC-004846,KA,KA-North,Groundnut,Rabi,0.38,Red,877.6,Canal,71988,1,0,76.7,40000,3761,0.4734
FC-004847,MH,MH-Vidarbha,Cotton,Kharif,0.49,Laterite,993.2,Drip,77005,1,0,53.1,40000,15761,0.5145
FC-004848,UP,UP-Central,Maize,Rabi,0.93,Alluvial,1125.0,Tubewell,54184,1,0,59.7,40000,92942,0.6832
FC-004849,KA,KA-North,Sugarcane,Rabi,2.91,Laterite,1422.2,Drip,211326,3,0,73.8,314772,9619,0.107
FC-004850,UP,UP-Eastern,Wheat,Rabi,1.25,Sandy,726.5,Canal,102280,0,0,75.8,54803,38430,0.4645
FC-004851,GJ,GJ-North,Groundnut,Rabi,2.55,Alluvial,1157.1,Rainfed,138410,1,0,58.6,116564,54647,0.3137
FC-004852,RJ,RJ-Shekhawati,Millet,Kharif,0.79,Sandy,250.0,Rainfed,93754,3,0,76.3,40000,70716,0.8908
FC-004853,GJ,GJ-Central,Rice,Kharif,0.2,ClayLoam,541.3,Tubewell,39845,5,0,82.4,40000,165454,0.8943
FC-004854,BR,BR-North,Rice,Rabi,2.56,ClayLoam,1084.7,Rainfed,126367,3,0,84.1,148352,5565,0.1438
FC-004855,GJ,GJ-Saurashtra,Cotton,Kharif,1.88,Sandy,898.4,Tubewell,190547,4,0,57.2,164852,1774,0.2489
FC-004856,MH,MH-Vidarbha,Pulses,Rabi,1.77,Black,920.5,Rainfed,162793,0,0,83.8,63579,155370,0.6743
FC-004857,BR,BR-Gangetic,Rice,Kharif,0.87,Sandy,1092.8,Drip,87907,3,0,60.2,55761,21923,0.2814
FC-004858,MH,MH-Western,Soybean,Kharif,0.49,Black,773.2,Tubewell,45865,3,0,100.0,40000,11357,0.1937
FC-004859,KA,KA-Coastal,Soybean,Kharif,2.25,Black,749.4,Tubewell,204340,2,0,83.3,96239,7601,0.5252
FC-004860,RJ,RJ-Hadoti,Groundnut,Kharif,1.99,Sandy,866.6,Tubewell,166408,2,0,41.1,90212,28063,0.6617
FC-004861,MH,MH-Konkan,Cotton,Kharif,2.43,Black,673.6,Tubewell,146988,2,0,75.9,176390,3330,0.2492
FC-004862,BR,BR-Gangetic,Wheat,Rabi,1.99,ClayLoam,1069.3,Rainfed,201689,4,0,76.3,138301,8037,0.3111
FC-004863,BR,BR-North,Rice,Kharif,5.09,ClayLoam,1029.7,Tubewell,412369,3,0,64.2,166893,8235,0.6194
FC-004864,MH,MH-Marathwada,Cotton,Kharif,3.05,Red,1004.3,Canal,132894,2,0,79.5,106085,16989,0.1477
FC-004865,GJ,GJ-South,Pulses,Rabi,0.75,Black,1001.2,Canal,81305,4,0,93.5,40000,18315,0.3002
FC-004866,MP,MP-Bundelkhand,Wheat,Rabi,1.28,Alluvial,815.9,Drip,91068,5,0,75.0,80454,30205,0.2273
FC-004867,MH,MH-Marathwada,Cotton,Kharif,0.31,Red,965.6,Rainfed,48396,2,0,73.5,40000,53771,0.5571
FC-004868,MH,MH-Vidarbha,Soybean,Kharif,0.43,Laterite,667.3,Tubewell,48004,0,0,66.2,40000,209662,0.8101
FC-004869,AP,AP-Upland,Rice,Rabi,0.79,Black,909.9,Rainfed,104194,2,0,72.1,48260,5605,0.6772
FC-004870,TN,TN-West,Wheat,Rabi,2.0,Red,860.9,Drip,117728,4,0,84.9,90011,100449,0.3474
FC-004871,BR,BR-North,Maize,Kharif,0.57,Alluvial,1355.0,Canal,48203,3,0,100.0,40000,48837,0.2811
FC-004872,TN,TN-West,Pulses,Kharif,0.82,Red,895.9,Rainfed,94743,0,0,89.7,40000,4529,0.4331
FC-004873,MH,MH-Konkan,Cotton,Kharif,0.63,Black,681.9,Tubewell,89113,1,0,68.3,44607,31748,0.7264
FC-004874,GJ,GJ-Saurashtra,Groundnut,Rabi,1.99,Sandy,970.9,Rainfed,193984,1,0,85.7,96256,7256,0.2776
FC-004875,RJ,RJ-Shekhawati,Wheat,Rabi,0.37,Sandy,250.0,Drip,60464,2,0,64.8,40000,0,0.3787
FC-004876,MP,MP-Chambal,Wheat,Rabi,0.31,Black,743.5,Tubewell,51276,2,1,16.0,40000,400000,0.9496
FC-004877,UP,UP-Western,Mustard,Rabi,1.22,Alluvial,1261.7,Canal,109484,3,0,77.4,67949,122538,0.6244
FC-004878,KA,KA-South,Groundnut,Rabi,1.34,Red,1076.6,Canal,124335,1,0,99.9,82015,60357,0.3808
FC-004879,MH,MH-Marathwada,Soybean,Kharif,7.68,Sandy,858.7,Drip,407208,3,0,100.0,323106,94150,0.1103
FC-004880,UP,UP-Western,Pulses,Rabi,2.24,Alluvial,969.2,Rainfed,165712,5,0,76.5,61248,0,0.5319
FC-004881,TG,TG-Central,Rice,Rabi,1.53,Black,1194.5,Tubewell,167591,1,0,97.3,116800,18842,0.2222
FC-004882,TG,TG-South,Millet,Kharif,1.06,Sandy,821.6,Canal,91864,3,0,62.3,40000,10036,0.6019
FC-004883,MH,MH-Western,Groundnut,Rabi,1.86,Black,841.1,Tubewell,183873,0,1,69.7,82184,90646,0.7951
FC-004884,PB,PB-Doaba,Mustard,Rabi,3.36,ClayLoam,499.7,Drip,166378,2,0,64.5,154757,52408,0.1789
FC-004885,MH,MH-Marathwada,Wheat,Rabi,1.3,Laterite,786.8,Drip,122532,0,0,93.4,80641,21294,0.2446
FC-004886,MH,MH-Marathwada,Sugarcane,Rabi,1.37,Black,1251.3,Tubewell,167065,4,0,86.8,176621,38022,0.1913
FC-004887,TG,TG-South,Pulses,Kharif,1.28,ClayLoam,727.7,Canal,131184,3,0,72.4,40000,0,0.5326
FC-004888,TN,TN-Delta,Rice,Rabi,0.78,Red,564.6,Tubewell,93531,3,0,85.1,40000,41120,0.8446
FC-004889,AP,AP-Coastal,Rice,Kharif,0.46,Black,847.3,Drip,77009,1,0,78.6,40000,0,0.3992
FC-004890,MH,MH-Vidarbha,Cotton,Kharif,1.44,Black,684.6,Canal,111229,3,0,99.2,77814,26632,0.2509
FC-004891,UP,UP-Eastern,Rice,Rabi,1.73,Alluvial,880.0,Canal,88495,1,0,79.1,80374,88510,0.3529
FC-004892,TG,TG-North,Cotton,Kharif,1.92,Red,1022.1,Canal,162743,0,0,66.8,86351,0,0.3465
FC-004893,AP,AP-Rayalaseema,Rice,Rabi,6.26,ClayLoam,1456.2,Rainfed,442172,3,0,68.1,384953,8295,0.2451
FC-004894,TG,TG-South,Maize,Kharif,4.44,Alluvial,666.3,Rainfed,290987,1,0,80.0,242977,12549,0.3398
FC-004895,UP,UP-Eastern,Maize,Kharif,1.33,Alluvial,1189.4,Rainfed,82341,5,0,57.2,74408,8841,0.3753
FC-004896,PB,PB-Majha,Wheat,Rabi,0.61,Alluvial,528.4,Canal,76878,3,1,39.0,40000,51862,0.7979
FC-004897,BR,BR-North,Sugarcane,Kharif,0.67,Alluvial,806.8,Rainfed,57835,5,0,83.9,87325,13682,0.5705
FC-004898,MH,MH-Marathwada,Soybean,Kharif,0.82,Black,942.7,Rainfed,89828,1,0,62.9,40000,28485,0.6579
FC-004899,UP,UP-Bundelkhand,Wheat,Rabi,0.86,Alluvial,905.2,Rainfed,62422,1,0,60.5,40000,19097,0.6514
FC-004900,UP,UP-Bundelkhand,Rice,Rabi,0.74,Alluvial,1063.0,Rainfed,90872,6,0,50.1,40000,16642,0.6411
FC-004901,UP,UP-Eastern,Wheat,Rabi,1.75,Alluvial,792.0,Canal,118215,1,0,63.8,68015,23779,0.487
FC-004902,MP,MP-Chambal,Rice,Kharif,4.89,Black,890.8,Tubewell,416723,1,0,70.3,207761,28754,0.5458
FC-004903,MP,MP-Mahakoshal,Millet,Kharif,1.05,Black,574.4,Rainfed,63089,2,0,98.1,40000,0,0.3217
FC-004904,PB,PB-Malwa,Rice,Rabi,1.38,Alluvial,560.8,Tubewell,130242,1,0,76.0,55644,63294,0.8099
FC-004905,PB,PB-Malwa,Wheat,Rabi,0.58,ClayLoam,838.0,Canal,84727,2,0,84.8,40000,10050,0.2893
FC-004906,AP,AP-Coastal,Rice,Rabi,1.08,Red,997.0,Drip,127844,1,0,100.0,86615,77598,0.3312
FC-004907,GJ,GJ-North,Cotton,Kharif,1.91,Sandy,819.4,Tubewell,122567,0,0,84.1,83369,40194,0.3222
FC-004908,MH,MH-Marathwada,Cotton,Kharif,0.92,Red,813.0,Tubewell,116628,2,0,72.6,68286,0,0.463
FC-004909,AP,AP-Rayalaseema,Groundnut,Kharif,0.63,Sandy,600.3,Tubewell,65405,1,1,59.2,40000,65349,0.8577
FC-004910,MH,MH-Vidarbha,Pulses,Rabi,0.49,Black,1016.1,Canal,71569,2,0,72.0,40000,8377,0.2999
FC-004911,AP,AP-Upland,Maize,Kharif,2.72,ClayLoam,736.1,Drip,140450,0,0,79.6,181719,22659,0.21
FC-004912,UP,UP-Bundelkhand,Sugarcane,Rabi,0.41,Red,876.3,Tubewell,71621,3,1,42.9,45821,74144,0.8967
FC-004913,HR,HR-West,Cotton,Kharif,1.05,Alluvial,528.8,Canal,82889,3,0,70.6,78195,20423,0.2233
FC-004914,GJ,GJ-Central,Groundnut,Rabi,0.52,ClayLoam,865.1,Drip,76891,2,0,69.8,42942,57806,0.7744
FC-004915,AP,AP-Upland,Pulses,Kharif,0.65,Red,1053.1,Rainfed,85422,3,0,90.0,40000,32577,0.6979
FC-004916,AP,AP-Upland,Pulses,Rabi,0.62,Black,648.3,Rainfed,52348,3,0,69.7,40000,9101,0.4481
FC-004917,UP,UP-Bundelkhand,Rice,Rabi,0.62,Alluvial,1189.8,Tubewell,89663,3,0,66.5,43095,0,0.5085
FC-004918,RJ,RJ-Shekhawati,Millet,Kharif,4.78,Alluvial,250.0,Tubewell,291346,2,0,68.4,76047,7758,0.8386
FC-004919,UP,UP-Bundelkhand,Mustard,Rabi,2.15,Alluvial,1104.8,Drip,172963,2,0,67.4,135277,17564,0.2466
FC-004920,GJ,GJ-South,Maize,Rabi,1.44,Alluvial,818.2,Tubewell,84940,0,0,81.5,53176,28058,0.3236
FC-004921,BR,BR-Gangetic,Maize,Kharif,2.67,Alluvial,980.4,Drip,129538,4,0,65.2,132114,0,0.1735
FC-004922,MP,MP-Mahakoshal,Mustard,Rabi,0.38,ClayLoam,994.3,Canal,64863,2,0,91.1,40000,400000,0.7764
FC-004923,AP,AP-Rayalaseema,Pulses,Kharif,0.31,Red,1149.2,Canal,53982,8,0,65.9,40000,0,0.2553
FC-004924,MH,MH-Konkan,Pulses,Rabi,1.7,Sandy,987.1,Drip,88684,0,0,99.9,40000,29593,0.3207
FC-004925,MH,MH-Western,Millet,Kharif,1.48,ClayLoam,1152.0,Drip,94536,1,0,65.9,40000,80982,0.8358
FC-004926,KA,KA-Central,Pulses,Rabi,2.19,Laterite,667.7,Rainfed,138285,1,1,52.4,65970,98463,0.8206
FC-004927,RJ,RJ-Mewar,Cotton,Kharif,1.1,Red,348.5,Rainfed,62430,1,0,57.6,46460,26137,0.6733
FC-004928,TG,TG-Central,Sugarcane,Rabi,2.31,Black,534.3,Rainfed,213050,2,0,100.0,224978,0,0.2092
FC-004929,KA,KA-South,Cotton,Kharif,0.88,Black,1150.1,Tubewell,73142,2,0,93.9,80374,10071,0.2296
FC-004930,HR,HR-West,Wheat,Rabi,1.12,Alluvial,455.8,Rainfed,114007,0,0,86.3,40000,113509,0.8499
FC-004931,KA,KA-South,Pulses,Rabi,0.25,Black,638.1,Rainfed,62966,2,0,100.0,40000,0,0.3419
FC-004932,GJ,GJ-Central,Groundnut,Kharif,1.64,Black,533.0,Tubewell,94308,1,0,74.8,108175,41316,0.2435
FC-004933,MH,MH-Western,Soybean,Kharif,0.83,Black,952.1,Rainfed,88633,3,0,81.9,40000,25037,0.6635
FC-004934,BR,BR-North,Rice,Rabi,3.22,Alluvial,1077.0,Tubewell,222551,1,0,65.4,154437,35153,0.2786
FC-004935,RJ,RJ-Hadoti,Wheat,Rabi,0.57,Sandy,584.6,Canal,62821,2,0,64.7,40000,8946,0.2727
FC-004936,BR,BR-North,Pulses,Rabi,1.2,Alluvial,1515.1,Rainfed,104993,5,0,59.1,40000,6558,0.6747
FC-004937,MP,MP-Malwa,Wheat,Rabi,1.35,Red,1299.0,Drip,114933,2,0,80.9,69775,22167,0.3991
FC-004938,UP,UP-Western,Pulses,Kharif,0.68,ClayLoam,935.5,Canal,83203,4,0,52.0,40000,0,0.6858
FC-004939,MH,MH-Vidarbha,Cotton,Kharif,1.34,Red,953.8,Canal,139581,3,0,100.0,82170,42954,0.2556
FC-004940,UP,UP-Eastern,Sugarcane,Rabi,0.94,Alluvial,518.2,Drip,75402,1,0,70.2,72572,94701,0.5714
FC-004941,KA,KA-Central,Groundnut,Rabi,1.4,Red,1246.1,Rainfed,118113,1,0,88.6,87392,9769,0.2645
FC-004942,BR,BR-North,Rice,Rabi,1.62,ClayLoam,1132.6,Tubewell,107683,2,0,74.9,104183,6689,0.2099
FC-004943,PB,PB-Malwa,Cotton,Kharif,0.48,Alluvial,851.4,Tubewell,67497,1,0,66.2,40000,108126,0.797
FC-004944,MH,MH-Marathwada,Pulses,Kharif,3.39,Sandy,781.3,Canal,200151,2,0,79.3,154988,69376,0.3149
FC-004945,MP,MP-Chambal,Soybean,Kharif,0.87,Alluvial,798.4,Drip,54971,1,0,66.6,40000,0,0.2565
FC-004946,MH,MH-Marathwada,Millet,Kharif,7.25,Black,827.2,Tubewell,339184,2,0,77.9,83237,0,0.6724
FC-004947,RJ,RJ-Marwar,Millet,Kharif,1.04,Alluvial,742.5,Rainfed,108107,4,0,78.1,40000,6950,0.395
FC-004948,KA,KA-Central,Pulses,Kharif,0.62,Laterite,940.3,Tubewell,77383,1,0,81.4,40000,28021,0.454
FC-004949,HR,HR-East,Mustard,Rabi,2.07,Sandy,461.5,Rainfed,163303,1,0,97.1,79683,3852,0.2712
FC-004950,MH,MH-Marathwada,Rice,Rabi,0.64,Red,1010.8,Canal,89599,4,0,58.1,40000,8443,0.5783
FC-004951,MH,MH-Marathwada,Cotton,Kharif,3.48,Alluvial,878.5,Tubewell,251026,4,0,81.9,278047,6237,0.0991
FC-004952,RJ,RJ-Mewar,Millet,Kharif,2.37,ClayLoam,423.6,Canal,175791,2,0,87.9,40000,107983,0.6364
FC-004953,UP,UP-Western,Cotton,Kharif,0.6,Alluvial,998.7,Rainfed,61576,4,0,70.5,40000,49112,0.5325
FC-004954,MP,MP-Chambal,Mustard,Rabi,0.44,Alluvial,825.1,Tubewell,64834,0,0,92.0,40000,54898,0.7266
FC-004955,HR,HR-West,Rice,Kharif,0.94,Alluvial,655.4,Tubewell,96926,2,0,76.7,44521,41069,0.5203
FC-004956,RJ,RJ-Shekhawati,Mustard,Rabi,1.8,Red,491.6,Rainfed,129149,3,0,100.0,104771,39438,0.2829
FC-004957,KA,KA-Central,Sugarcane,Rabi,0.47,Black,1320.0,Tubewell,59984,1,0,98.9,110236,14466,0.1638
FC-004958,TN,TN-South,Rice,Kharif,5.64,Laterite,723.8,Drip,394048,4,0,78.9,309017,10347,0.1668
FC-004959,TG,TG-Central,Soybean,Kharif,1.05,Red,810.7,Tubewell,93651,0,0,63.5,55167,19620,0.4061
FC-004960,TN,TN-West,Sugarcane,Rabi,0.8,Laterite,815.8,Rainfed,119758,0,0,60.0,93523,7020,0.5921
FC-004961,HR,HR-West,Wheat,Rabi,0.94,Alluvial,547.7,Rainfed,88191,5,0,66.8,50535,0,0.3405
FC-004962,HR,HR-West,Rice,Rabi,0.99,Alluvial,806.8,Drip,113540,1,0,75.2,51666,11053,0.4125
FC-004963,UP,UP-Central,Sugarcane,Rabi,0.63,Red,759.3,Rainfed,53924,4,0,58.9,80239,29160,0.4904
FC-004964,TN,TN-South,Cotton,Kharif,3.54,Red,1128.1,Rainfed,259883,0,0,94.2,332183,0,0.1168
FC-004965,GJ,GJ-Saurashtra,Wheat,Rabi,2.69,Black,857.3,Tubewell,165267,3,0,100.0,190074,23006,0.1005
FC-004966,TN,TN-West,Rice,Rabi,3.94,Alluvial,977.8,Canal,288777,0,0,53.5,233623,36547,0.4886
FC-004967,BR,BR-South,Wheat,Rabi,0.48,Alluvial,1004.3,Rainfed,69882,1,0,96.3,40000,20209,0.5426
FC-004968,TN,TN-North,Rice,Rabi,2.01,Laterite,888.1,Rainfed,199203,2,0,83.5,146218,8292,0.2882
FC-004969,RJ,RJ-Shekhawati,Millet,Kharif,2.18,Sandy,451.6,Tubewell,105596,1,0,73.4,40000,182500,0.7345
FC-004970,MH,MH-Vidarbha,Maize,Kharif,0.68,Black,512.9,Tubewell,87304,2,1,28.7,40000,55086,0.8406
FC-004971,KA,KA-North,Sugarcane,Rabi,1.36,Black,500.4,Rainfed,162481,0,1,54.6,119928,58507,0.921
FC-004972,HR,HR-West,Wheat,Rabi,1.36,Sandy,415.6,Drip,99256,1,0,77.6,49608,78990,0.6807
FC-004973,UP,UP-Eastern,Pulses,Kharif,0.7,Alluvial,1052.8,Rainfed,62499,1,0,92.0,40000,115336,0.8129
FC-004974,TG,TG-South,Groundnut,Kharif,0.71,Black,1093.6,Canal,71810,0,0,73.2,40000,0,0.5067
FC-004975,GJ,GJ-Central,Mustard,Rabi,1.77,Alluvial,665.5,Canal,132844,1,0,58.5,74375,41388,0.4825
FC-004976,HR,HR-East,Mustard,Rabi,1.23,Alluvial,429.2,Canal,92755,2,0,83.8,65541,38383,0.2941
FC-004977,UP,UP-Eastern,Rice,Rabi,1.12,ClayLoam,908.5,Rainfed,79532,0,0,74.4,101077,73772,0.345
FC-004978,HR,HR-West,Wheat,Rabi,2.11,Sandy,694.6,Rainfed,164239,1,0,64.5,63726,0,0.4762
FC-004979,UP,UP-Western,Pulses,Kharif,0.61,Alluvial,1012.9,Drip,59215,2,1,33.5,40000,101135,0.8006
FC-004980,BR,BR-South,Rice,Kharif,2.27,Alluvial,1118.3,Rainfed,206670,4,0,69.8,195616,29875,0.3153
FC-004981,UP,UP-Bundelkhand,Wheat,Rabi,0.59,Alluvial,1366.8,Rainfed,44216,0,0,83.4,40000,0,0.2652
FC-004982,AP,AP-Rayalaseema,Groundnut,Kharif,1.2,Black,886.9,Drip,139580,1,0,69.7,72921,146741,0.8424
FC-004983,TN,TN-North,Rice,Rabi,0.78,Alluvial,839.9,Tubewell,76525,2,0,63.9,56273,146636,0.77
FC-004984,UP,UP-Central,Wheat,Rabi,2.44,Sandy,1225.6,Tubewell,239206,2,0,73.0,211384,73465,0.2695
FC-004985,AP,AP-Upland,Groundnut,Kharif,10.0,Alluvial,1147.4,Canal,579213,2,0,85.9,375411,4820,0.1968
FC-004986,BR,BR-Gangetic,Wheat,Rabi,0.65,Alluvial,998.3,Canal,63684,2,0,66.3,40000,6485,0.3932
FC-004987,KA,KA-Central,Cotton,Kharif,1.22,Black,1531.6,Drip,124689,0,0,97.5,71943,11156,0.2471
FC-004988,TN,TN-South,Maize,Rabi,1.89,Red,534.2,Tubewell,159827,0,0,65.9,71548,23439,0.7097
FC-004989,UP,UP-Bundelkhand,Mustard,Rabi,2.6,Alluvial,750.5,Canal,141424,2,0,85.0,109895,8700,0.1696
FC-004990,GJ,GJ-North,Cotton,Kharif,0.24,Alluvial,443.6,Drip,41279,1,0,66.5,40000,18111,0.4526
FC-004991,MP,MP-Mahakoshal,Soybean,Kharif,3.8,Red,1093.7,Canal,170529,3,0,80.5,168137,5661,0.2548
FC-004992,MH,MH-Vidarbha,Cotton,Kharif,4.45,Black,807.5,Tubewell,251910,3,0,73.5,316946,13055,0.1749
FC-004993,TN,TN-North,Rice,Rabi,0.28,Sandy,723.0,Canal,51652,6,0,61.0,40000,0,0.3966
FC-004994,MP,MP-Malwa,Pulses,Rabi,0.67,ClayLoam,1436.4,Canal,85287,1,0,88.0,40000,51256,0.6474
FC-004995,KA,KA-North,Maize,Kharif,4.24,Sandy,959.8,Canal,356118,2,0,80.7,142680,0,0.3517
FC-004996,BR,BR-North,Wheat,Rabi,4.88,Alluvial,1255.4,Tubewell,429195,0,0,50.2,270399,0,0.2009
FC-004997,TG,TG-Central,Pulses,Kharif,1.11,Red,808.0,Tubewell,88938,3,0,87.0,40000,19793,0.5828
FC-004998,MP,MP-Mahakoshal,Cotton,Kharif,5.19,Black,1490.1,Rainfed,440783,2,0,79.9,258124,297364,0.53
FC-004999,KA,KA-South,Pulses,Rabi,4.61,Laterite,679.6,Canal,229050,3,0,84.5,98612,30813,0.3242
FC-005000,BR,BR-South,Rice,Rabi,1.99,Alluvial,908.9,Rainfed,155080,1,0,69.8,108406,0,0.5188
FC-005001,MP,MP-Mahakoshal,Pulses,Rabi,0.27,Red,894.4,Rainfed,44846,4,0,83.9,40000,19821,0.5196
FC-005002,GJ,GJ-Saurashtra,Groundnut,Kharif,1.03,Sandy,918.8,Canal,72497,1,0,69.7,70574,11863,0.327
FC-005003,AP,AP-Upland,Maize,Kharif,0.34,Laterite,1076.4,Canal,52776,3,0,78.6,40000,3467,0.2855
FC-005004,PB,PB-Doaba,Rice,Rabi,0.24,Alluvial,644.7,Tubewell,65802,3,0,92.0,40000,0,0.3308
FC-005005,BR,BR-Gangetic,Maize,Rabi,1.73,Sandy,1096.5,Tubewell,175146,1,0,59.9,80801,0,0.4561
FC-005006,MP,MP-Malwa,Wheat,Rabi,1.01,Laterite,995.5,Rainfed,93583,5,0,62.5,64763,21247,0.3668
FC-005007,RJ,RJ-Shekhawati,Millet,Kharif,1.3,Sandy,442.3,Tubewell,106565,0,0,63.0,40000,16414,0.4519
FC-005008,MH,MH-Marathwada,Cotton,Kharif,0.72,Black,912.2,Drip,64355,2,0,65.8,40000,0,0.3101
FC-005009,UP,UP-Central,Sugarcane,Kharif,1.07,Alluvial,723.6,Rainfed,157913,2,0,52.2,188145,74687,0.4558
FC-005010,GJ,GJ-Saurashtra,Maize,Kharif,1.01,Alluvial,684.1,Tubewell,66152,0,0,84.2,40000,46262,0.5911
FC-005011,PB,PB-Malwa,Pulses,Kharif,2.63,Alluvial,733.2,Drip,164900,0,0,73.6,85577,33325,0.2706
FC-005012,GJ,GJ-Saurashtra,Maize,Rabi,2.47,ClayLoam,632.4,Tubewell,216792,2,1,20.0,79621,34648,0.8184
FC-005013,MH,MH-Western,Cotton,Kharif,2.34,Alluvial,1283.0,Drip,177391,4,0,69.5,196169,54251,0.1308
FC-005014,GJ,GJ-South,Millet,Kharif,1.0,Alluvial,669.9,Canal,70210,2,0,88.5,40000,7166,0.1413
FC-005015,PB,PB-Malwa,Cotton,Kharif,0.48,ClayLoam,607.8,Tubewell,56939,2,0,80.1,40000,24183,0.5626
FC-005016,TN,TN-South,Pulses,Rabi,1.42,Red,943.0,Rainfed,123999,5,0,53.3,42090,14966,0.7098
FC-005017,AP,AP-Rayalaseema,Rice,Rabi,1.12,Laterite,988.4,Rainfed,110163,5,0,97.7,44103,34221,0.6387
FC-005018,GJ,GJ-Saurashtra,Rice,Kharif,0.42,Red,1300.3,Canal,62003,1,1,56.5,40000,84184,0.8584
FC-005019,RJ,RJ-Shekhawati,Mustard,Rabi,1.38,Alluvial,412.8,Tubewell,128634,2,0,89.1,40000,8430,0.6412
FC-005020,AP,AP-Upland,Pulses,Rabi,0.91,Red,793.6,Canal,102041,4,0,74.6,40000,7333,0.6345
FC-005021,HR,HR-South,Rice,Rabi,0.77,Alluvial,633.4,Tubewell,81957,1,0,46.4,56608,26045,0.6138
FC-005022,BR,BR-North,Maize,Kharif,2.09,Sandy,1119.3,Rainfed,128117,3,0,85.9,55371,35013,0.5785
FC-005023,UP,UP-Bundelkhand,Wheat,Rabi,4.55,Alluvial,885.5,Drip,363816,4,0,56.3,187033,0,0.4131
FC-005024,RJ,RJ-Hadoti,Wheat,Rabi,0.54,Sandy,342.8,Canal,46781,2,0,100.0,40000,0,0.096
FC-005025,TG,TG-North,Cotton,Kharif,0.23,ClayLoam,1290.7,Canal,57430,1,0,69.4,40000,20405,0.5683
FC-005026,AP,AP-Upland,Rice,Rabi,0.44,Black,1139.6,Tubewell,75007,3,0,58.8,40000,0,0.3585
FC-005027,UP,UP-Central,Sugarcane,Kharif,3.87,Sandy,829.0,Tubewell,320210,1,0,85.3,370397,0,0.1494
FC-005028,TN,TN-South,Pulses,Rabi,0.63,Red,681.9,Canal,55763,1,0,81.1,40000,16208,0.3058
FC-005029,MP,MP-Chambal,Pulses,Kharif,0.52,Alluvial,927.1,Drip,47431,1,0,60.6,40000,5732,0.2945
FC-005030,UP,UP-Eastern,Wheat,Rabi,0.78,Alluvial,727.4,Tubewell,94717,1,0,78.7,46573,0,0.4283
FC-005031,UP,UP-Western,Rice,Kharif,1.16,Alluvial,463.1,Tubewell,104971,3,0,50.6,49607,18494,0.8582
FC-005032,MH,MH-Western,Wheat,Rabi,1.35,Black,666.5,Canal,99709,1,0,76.7,69045,32119,0.3429
FC-005033,TG,TG-North,Maize,Rabi,0.28,Red,752.7,Rainfed,68424,2,0,60.0,40000,0,0.536
FC-005034,RJ,RJ-Mewar,Groundnut,Kharif,0.55,Red,548.5,Rainfed,69448,2,0,75.4,40000,96618,0.8334
FC-005035,TN,TN-West,Groundnut,Rabi,2.42,Laterite,1259.1,Tubewell,132213,2,0,78.1,91345,0,0.2686
FC-005036,MP,MP-Chambal,Soybean,Kharif,1.74,ClayLoam,1055.8,Canal,163399,2,0,67.8,50354,8304,0.6091
FC-005037,PB,PB-Malwa,Cotton,Kharif,1.01,Alluvial,686.5,Tubewell,73341,3,0,67.8,51386,0,0.2459
FC-005038,TN,TN-South,Rice,Rabi,2.23,Black,613.0,Tubewell,158461,2,0,80.4,138743,39968,0.3058
FC-005039,PB,PB-Doaba,Wheat,Rabi,1.1,Alluvial,746.4,Canal,126533,2,0,61.2,66036,0,0.3454
FC-005040,KA,KA-Central,Wheat,Rabi,2.97,Red,904.3,Tubewell,202449,3,0,53.6,94011,0,0.3837
FC-005041,RJ,RJ-Marwar,Groundnut,Rabi,2.53,Sandy,540.0,Rainfed,197009,4,0,62.2,132042,13654,0.3457
FC-005042,UP,UP-Eastern,Sugarcane,Kharif,1.71,Black,627.3,Canal,133831,4,0,56.0,212756,39430,0.239
FC-005043,RJ,RJ-Marwar,Pulses,Rabi,2.44,Black,687.5,Drip,150227,1,0,86.5,64550,84712,0.5196
FC-005044,RJ,RJ-Mewar,Millet,Kharif,0.69,Sandy,487.6,Rainfed,94824,2,0,84.3,40000,96868,0.7924
FC-005045,TG,TG-North,Wheat,Rabi,1.99,Black,940.5,Drip,117913,2,0,90.3,140044,9249,0.1578
FC-005046,MP,MP-Mahakoshal,Soybean,Kharif,8.25,Black,1014.7,Drip,392240,0,0,66.9,155554,0,0.5027
FC-005047,KA,KA-Central,Maize,Kharif,2.36,Laterite,1356.3,Canal,136544,4,0,78.7,111085,50174,0.208
FC-005048,MH,MH-Konkan,Pulses,Rabi,5.25,Black,1102.6,Canal,402995,1,0,77.6,87926,68901,0.7475
FC-005049,PB,PB-Doaba,Wheat,Rabi,4.01,Alluvial,524.7,Rainfed,304904,1,0,97.3,133155,22739,0.588
FC-005050,AP,AP-Rayalaseema,Sugarcane,Kharif,1.19,Red,835.6,Rainfed,146889,2,0,65.8,127005,7769,0.3145
FC-005051,GJ,GJ-Central,Pulses,Kharif,0.26,Sandy,663.0,Tubewell,36025,1,0,84.0,40000,25242,0.4061
FC-005052,TN,TN-West,Wheat,Rabi,0.97,Alluvial,788.5,Drip,59189,7,0,77.4,46938,332637,0.7889
FC-005053,MH,MH-Vidarbha,Sugarcane,Rabi,0.91,Black,749.8,Canal,141322,4,0,85.3,167507,5160,0.2918
FC-005054,PB,PB-Malwa,Wheat,Rabi,1.69,Alluvial,496.5,Tubewell,162061,6,0,71.5,59684,0,0.494
FC-005055,BR,BR-Gangetic,Soybean,Kharif,0.87,Alluvial,1102.4,Rainfed,101269,5,0,57.4,40000,7531,0.6739
FC-005056,BR,BR-North,Rice,Rabi,1.58,Alluvial,1237.1,Canal,131082,0,0,64.2,136768,26342,0.2261
FC-005057,MH,MH-Marathwada,Soybean,Kharif,3.07,Sandy,1264.4,Rainfed,291059,2,0,62.6,160751,11551,0.5069
FC-005058,AP,AP-Coastal,Maize,Kharif,0.63,ClayLoam,836.7,Rainfed,72664,2,1,41.7,40000,167559,0.9316
FC-005059,KA,KA-South,Rice,Rabi,4.26,Laterite,410.0,Tubewell,308147,1,0,68.9,142535,26414,0.6836
FC-005060,TG,TG-Central,Pulses,Kharif,0.38,ClayLoam,1168.6,Tubewell,55025,3,0,100.0,40000,0,0.096
FC-005061,TG,TG-North,Rice,Rabi,2.54,Red,1285.0,Canal,161086,3,0,58.3,137572,78851,0.3527
FC-005062,GJ,GJ-South,Groundnut,Kharif,0.77,Alluvial,406.3,Rainfed,61325,2,1,45.7,55612,89476,0.8353
FC-005063,MH,MH-Vidarbha,Sugarcane,Rabi,0.37,ClayLoam,1188.1,Tubewell,49361,2,0,64.2,69843,111896,0.5064
FC-005064,BR,BR-North,Rice,Kharif,1.97,Black,1061.2,Canal,167843,5,0,79.3,155849,10159,0.3302
FC-005065,PB,PB-Malwa,Mustard,Rabi,1.2,Alluvial,784.6,Tubewell,98969,1,0,66.7,59729,17386,0.3669
FC-005066,UP,UP-Western,Rice,Kharif,5.67,ClayLoam,1105.5,Rainfed,401526,1,0,79.7,291578,79854,0.3175
FC-005067,TG,TG-Central,Rice,Kharif,2.79,Red,947.7,Tubewell,257915,3,0,99.3,160319,0,0.2692
FC-005068,UP,UP-Central,Soybean,Kharif,0.82,Alluvial,857.3,Rainfed,77115,1,0,80.5,40000,1243,0.5208
FC-005069,PB,PB-Majha,Wheat,Rabi,2.53,Alluvial,829.3,Tubewell,215384,0,0,51.3,133866,15955,0.4004
FC-005070,KA,KA-Coastal,Pulses,Kharif,0.2,Red,1097.2,Tubewell,54307,0,0,91.5,40000,0,0.2762
FC-005071,MH,MH-Vidarbha,Wheat,Rabi,0.97,Red,1336.8,Rainfed,98315,1,0,56.8,40170,19363,0.772
FC-005072,GJ,GJ-Central,Cotton,Kharif,1.06,ClayLoam,652.6,Drip,97885,4,0,82.1,67939,156474,0.8096
FC-005073,RJ,RJ-Marwar,Millet,Kharif,1.11,Sandy,535.3,Rainfed,72876,1,0,74.3,40000,14523,0.354
FC-005074,TN,TN-Delta,Sugarcane,Rabi,0.45,Red,958.2,Drip,89739,1,0,42.8,90897,80222,0.4231
FC-005075,UP,UP-Bundelkhand,Maize,Kharif,1.79,Alluvial,1138.0,Tubewell,165789,0,0,47.1,118537,0,0.2389
FC-005076,PB,PB-Majha,Mustard,Rabi,0.9,ClayLoam,464.0,Tubewell,75402,3,0,77.7,40000,0,0.2847
FC-005077,KA,KA-South,Groundnut,Kharif,1.05,Laterite,274.3,Tubewell,85988,4,0,75.7,50937,0,0.4734
FC-005078,GJ,GJ-South,Groundnut,Rabi,1.49,Black,868.3,Tubewell,154783,1,0,56.7,71830,86995,0.7203
FC-005079,UP,UP-Central,Mustard,Rabi,0.82,Alluvial,693.3,Tubewell,70613,0,0,71.2,50523,23443,0.5244
FC-005080,AP,AP-Rayalaseema,Rice,Kharif,2.23,Red,1107.5,Rainfed,211997,2,0,81.0,163055,8570,0.2282
FC-005081,BR,BR-North,Rice,Kharif,0.65,Alluvial,1352.7,Tubewell,90596,1,0,63.8,40000,0,0.4515
FC-005082,BR,BR-North,Groundnut,Kharif,0.61,Alluvial,959.1,Drip,86248,1,0,67.8,40000,0,0.5469
FC-005083,TG,TG-Central,Pulses,Kharif,1.36,Sandy,996.6,Canal,129260,2,0,63.3,49806,16891,0.6476
FC-005084,MH,MH-Marathwada,Pulses,Rabi,2.67,ClayLoam,1186.6,Tubewell,158660,1,0,86.8,115847,12860,0.1231
FC-005085,UP,UP-Central,Mustard,Rabi,1.2,Alluvial,954.6,Canal,72710,2,0,59.4,55036,0,0.1646
FC-005086,PB,PB-Malwa,Wheat,Rabi,2.41,Alluvial,527.9,Tubewell,251538,3,0,75.5,180630,0,0.3372
FC-005087,AP,AP-Rayalaseema,Groundnut,Rabi,2.72,Alluvial,1267.4,Rainfed,222299,2,0,49.9,128293,16368,0.3563
FC-005088,AP,AP-Upland,Cotton,Kharif,1.33,Red,1028.7,Canal,144908,2,0,84.9,88214,2502,0.3329
FC-005089,MP,MP-Mahakoshal,Wheat,Rabi,1.92,Laterite,1119.1,Tubewell,138603,2,0,68.1,124051,0,0.2068
FC-005090,BR,BR-South,Wheat,Rabi,2.42,Alluvial,1202.1,Rainfed,226377,2,0,49.3,192805,384152,0.6826
FC-005091,BR,BR-North,Rice,Kharif,0.2,Alluvial,886.1,Canal,55893,4,1,51.9,40000,23915,0.7873
FC-005092,UP,UP-Western,Wheat,Rabi,0.7,Alluvial,975.4,Drip,84231,3,0,58.7,40000,24020,0.5261
FC-005093,MP,MP-Bundelkhand,Soybean,Kharif,0.99,Black,679.5,Canal,91428,2,0,90.3,40000,24882,0.6229
FC-005094,KA,KA-North,Soybean,Kharif,0.23,Red,1264.5,Canal,52880,1,0,68.9,40000,93968,0.7976
FC-005095,HR,HR-South,Rice,Rabi,1.23,Alluvial,652.6,Tubewell,122895,3,0,70.1,67330,24014,0.545
FC-005096,HR,HR-West,Rice,Rabi,1.31,Alluvial,697.2,Canal,129924,0,0,64.1,54867,0,0.3036
FC-005097,RJ,RJ-Marwar,Millet,Kharif,3.07,ClayLoam,527.7,Rainfed,248752,1,1,35.9,69365,79190,0.8864
FC-005098,UP,UP-Eastern,Rice,Kharif,1.91,Alluvial,926.5,Canal,185234,7,0,67.8,80197,10317,0.4634
FC-005099,MH,MH-Marathwada,Sugarcane,Kharif,5.66,Red,587.3,Canal,377525,1,0,68.1,700000,17564,0.1842
FC-005100,HR,HR-West,Rice,Kharif,2.32,Alluvial,428.3,Rainfed,179196,3,0,76.5,115840,23579,0.3906
FC-005101,TG,TG-North,Cotton,Kharif,0.2,Alluvial,629.2,Tubewell,33289,4,0,54.5,40000,55163,0.6669
FC-005102,GJ,GJ-Central,Groundnut,Rabi,2.47,Black,762.9,Tubewell,208896,4,0,61.5,77395,19680,0.6784
FC-005103,UP,UP-Bundelkhand,Rice,Kharif,0.43,Alluvial,940.3,Tubewell,66808,3,0,100.0,40000,0,0.2623
FC-005104,UP,UP-Western,Wheat,Rabi,3.87,ClayLoam,629.4,Rainfed,305521,1,0,96.2,285438,21782,0.269
FC-005105,GJ,GJ-North,Cotton,Kharif,0.6,Alluvial,509.5,Tubewell,48330,1,0,71.4,40000,4461,0.3336
FC-005106,AP,AP-Coastal,Sugarcane,Kharif,0.7,ClayLoam,889.3,Tubewell,61766,2,0,89.9,119068,20078,0.0696
FC-005107,HR,HR-East,Cotton,Kharif,4.22,Alluvial,427.6,Tubewell,380144,2,0,68.3,246241,28632,0.5492
FC-005108,KA,KA-South,Rice,Rabi,2.91,Sandy,767.9,Drip,229619,2,0,63.5,108882,10665,0.3786
FC-005109,BR,BR-Gangetic,Wheat,Rabi,0.31,Alluvial,1152.5,Canal,35797,3,0,74.5,40000,6255,0.2628
FC-005110,TN,TN-Delta,Soybean,Kharif,1.77,Laterite,969.2,Tubewell,164691,0,0,57.7,54759,0,0.7032
FC-005111,RJ,RJ-Hadoti,Millet,Kharif,0.43,Sandy,343.2,Drip,75981,0,0,74.1,40000,27077,0.5601
FC-005112,KA,KA-Central,Sugarcane,Kharif,1.15,Sandy,687.7,Drip,80251,2,0,100.0,137547,32790,0.105
FC-005113,RJ,RJ-Marwar,Maize,Kharif,2.29,Alluvial,489.7,Rainfed,118234,0,0,80.6,66219,13639,0.2704
FC-005114,UP,UP-Central,Pulses,Rabi,1.06,Alluvial,644.7,Canal,116964,2,0,87.8,40000,0,0.5972
FC-005115,GJ,GJ-Saurashtra,Wheat,Rabi,0.82,Black,678.4,Rainfed,107305,1,0,81.4,50041,26869,0.5977
FC-005116,AP,AP-Rayalaseema,Groundnut,Kharif,0.77,Sandy,714.8,Canal,88895,1,0,77.7,47461,58224,0.5949
FC-005117,MH,MH-Western,Wheat,Rabi,0.66,Red,832.9,Tubewell,55331,2,0,62.6,40000,40801,0.3753
FC-005118,TG,TG-South,Groundnut,Rabi,1.19,Alluvial,1016.8,Canal,127737,2,0,65.0,94127,19692,0.3329
FC-005119,PB,PB-Majha,Cotton,Kharif,1.3,ClayLoam,748.3,Tubewell,115876,0,0,75.3,48078,0,0.2303
FC-005120,KA,KA-South,Soybean,Kharif,1.67,Red,1097.2,Rainfed,180961,1,0,75.3,99054,0,0.4109
FC-005121,MH,MH-Konkan,Sugarcane,Rabi,1.59,Black,932.5,Canal,205608,4,0,67.7,236667,29684,0.176
FC-005122,PB,PB-Doaba,Cotton,Kharif,0.68,Alluvial,652.7,Rainfed,94007,1,0,66.5,47985,2713,0.6753
FC-005123,RJ,RJ-Marwar,Millet,Kharif,9.08,Black,567.3,Tubewell,386465,1,0,89.4,212542,50758,0.3015
FC-005124,KA,KA-South,Pulses,Kharif,0.67,Red,691.1,Tubewell,75225,3,0,89.0,40000,27532,0.4702
FC-005125,TN,TN-North,Wheat,Rabi,1.58,Laterite,765.4,Tubewell,93279,2,0,100.0,90159,13208,0.1251
FC-005126,MH,MH-Vidarbha,Cotton,Kharif,2.1,Alluvial,855.6,Drip,162443,2,0,94.4,117988,0,0.2032
FC-005127,GJ,GJ-North,Wheat,Rabi,3.45,Black,1201.9,Rainfed,309465,2,0,72.6,286688,5413,0.2461
FC-005128,TN,TN-Delta,Rice,Rabi,1.67,Red,802.0,Drip,99255,1,0,43.2,86676,0,0.2697
FC-005129,PB,PB-Doaba,Maize,Rabi,0.7,Alluvial,563.3,Tubewell,94689,3,0,73.9,40000,7945,0.6242
FC-005130,UP,UP-Central,Sugarcane,Kharif,2.17,Alluvial,1051.6,Canal,204636,1,0,77.3,311260,2202,0.1394
FC-005131,MH,MH-Vidarbha,Pulses,Rabi,1.29,Sandy,888.3,Rainfed,91690,4,0,67.3,40000,0,0.4847
FC-005132,MP,MP-Chambal,Soybean,Kharif,0.97,Black,874.9,Drip,76636,2,0,80.2,40000,3698,0.345
FC-005133,AP,AP-Coastal,Groundnut,Kharif,0.38,Black,958.2,Rainfed,64359,0,1,58.6,40000,124191,0.8929
FC-005134,MP,MP-Chambal,Wheat,Rabi,1.78,Laterite,1085.8,Rainfed,170784,2,0,79.6,117652,0,0.269
FC-005135,RJ,RJ-Hadoti,Millet,Kharif,1.09,Red,608.0,Drip,64095,1,0,88.7,40000,184108,0.603
FC-005136,MH,MH-Konkan,Pulses,Kharif,1.5,Black,984.1,Rainfed,117576,2,0,62.0,40000,0,0.6213
FC-005137,AP,AP-Rayalaseema,Groundnut,Rabi,3.28,Alluvial,920.0,Tubewell,282677,1,0,73.1,189520,18874,0.2817
FC-005138,HR,HR-East,Cotton,Kharif,0.61,Alluvial,492.6,Tubewell,70808,0,0,91.8,40000,2506,0.3235
FC-005139,TN,TN-West,Sugarcane,Kharif,1.31,Alluvial,1071.5,Rainfed,130594,3,0,94.5,153371,56368,0.1599
FC-005140,BR,BR-South,Wheat,Rabi,0.28,Alluvial,1108.8,Canal,33853,2,0,90.5,40000,0,0.0837
FC-005141,TN,TN-Delta,Maize,Kharif,1.02,Sandy,860.1,Tubewell,69572,2,0,77.4,40000,58483,0.4708
FC-005142,GJ,GJ-Central,Wheat,Rabi,2.34,Sandy,785.2,Tubewell,236057,0,0,71.7,158851,77593,0.365
FC-005143,UP,UP-Western,Mustard,Rabi,0.32,Alluvial,965.1,Canal,46067,2,0,87.1,40000,10604,0.3523
FC-005144,BR,BR-Gangetic,Wheat,Rabi,0.34,Alluvial,1296.4,Rainfed,56101,3,0,90.5,40000,16765,0.301
FC-005145,MH,MH-Marathwada,Sugarcane,Kharif,0.32,Red,1124.9,Tubewell,51566,0,0,70.1,62795,19364,0.4902
FC-005146,PB,PB-Malwa,Wheat,Rabi,0.5,ClayLoam,677.8,Drip,82813,3,0,52.7,40000,18924,0.6161
FC-005147,PB,PB-Malwa,Wheat,Rabi,0.89,Alluvial,543.5,Tubewell,96621,1,0,61.6,49332,7053,0.5137
FC-005148,HR,HR-South,Mustard,Rabi,2.56,Alluvial,887.0,Rainfed,229497,1,0,56.1,84190,50545,0.7223
FC-005149,BR,BR-Gangetic,Rice,Kharif,0.33,ClayLoam,1530.9,Rainfed,71575,1,1,69.0,40000,97637,0.8832
FC-005150,AP,AP-Coastal,Rice,Rabi,3.02,Red,1127.2,Rainfed,193589,2,0,96.7,155443,31530,0.3025
FC-005151,HR,HR-East,Rice,Rabi,0.87,Alluvial,548.4,Tubewell,110168,4,0,68.6,63181,36885,0.5439
FC-005152,MH,MH-Vidarbha,Rice,Kharif,2.28,Black,707.6,Rainfed,153352,1,0,78.6,142380,8456,0.34
FC-005153,HR,HR-West,Rice,Rabi,1.97,Alluvial,562.1,Canal,143520,4,0,75.8,116455,1128,0.2117
FC-005154,MH,MH-Western,Pulses,Rabi,1.64,Red,933.4,Canal,165912,2,0,87.4,66504,123424,0.5348
FC-005155,UP,UP-Western,Pulses,Kharif,1.68,ClayLoam,1291.6,Canal,90128,2,0,83.2,47893,85792,0.6555
FC-005156,MP,MP-Chambal,Wheat,Rabi,1.66,ClayLoam,863.6,Rainfed,113365,1,0,80.9,84795,14098,0.3334
FC-005157,PB,PB-Majha,Rice,Kharif,1.19,Alluvial,494.4,Canal,114160,1,0,86.9,107181,9418,0.2397
FC-005158,MP,MP-Mahakoshal,Wheat,Rabi,0.84,Red,1102.6,Rainfed,100816,3,1,59.1,68895,400000,0.8233
FC-005159,MH,MH-Western,Pulses,Rabi,0.55,Red,986.6,Canal,79879,4,1,31.0,40000,84964,0.8717
FC-005160,UP,UP-Western,Rice,Kharif,0.49,Alluvial,985.9,Drip,46526,5,0,81.5,40000,7962,0.0864
FC-005161,TN,TN-North,Rice,Kharif,2.53,ClayLoam,822.7,Rainfed,184904,1,0,84.2,156646,85549,0.349
FC-005162,MH,MH-Western,Pulses,Kharif,0.85,Alluvial,883.3,Canal,82414,2,0,97.1,40000,4165,0.223
FC-005163,HR,HR-West,Cotton,Kharif,0.85,Alluvial,255.7,Rainfed,106035,1,0,58.7,40000,0,0.8565
FC-005164,TG,TG-South,Groundnut,Rabi,2.3,Red,871.6,Tubewell,134915,2,0,71.7,149039,6471,0.169
FC-005165,TG,TG-Central,Soybean,Kharif,1.44,Black,635.0,Canal,118435,1,0,69.2,75038,255752,0.7579
FC-005166,UP,UP-Eastern,Wheat,Rabi,3.72,Sandy,1025.5,Drip,242538,0,0,69.5,167491,13507,0.239
FC-005167,AP,AP-Upland,Groundnut,Kharif,5.17,Sandy,772.4,Drip,450211,2,0,60.1,239960,84773,0.314
FC-005168,MH,MH-Konkan,Cotton,Kharif,3.6,Black,868.5,Rainfed,193934,3,0,82.8,215638,45011,0.2084
FC-005169,AP,AP-Coastal,Rice,Kharif,0.41,Red,1289.5,Canal,66385,3,0,41.1,40000,0,0.4946
FC-005170,AP,AP-Coastal,Rice,Kharif,0.72,Red,894.5,Rainfed,99427,0,0,96.4,48208,46035,0.6864
FC-005171,RJ,RJ-Marwar,Groundnut,Rabi,1.74,Sandy,461.7,Rainfed,139232,1,0,66.2,154926,3860,0.2362
FC-005172,PB,PB-Doaba,Maize,Kharif,1.43,Sandy,529.8,Tubewell,76418,2,0,91.6,71782,14944,0.1656
FC-005173,MH,MH-Konkan,Soybean,Kharif,1.19,Red,909.8,Canal,107610,4,0,70.3,40000,7910,0.6334
FC-005174,KA,KA-Central,Sugarcane,Kharif,1.96,Black,874.4,Canal,262097,0,0,82.6,485762,0,0.0954
FC-005175,MP,MP-Mahakoshal,Soybean,Kharif,2.99,Black,745.5,Canal,159529,2,0,58.7,153689,47740,0.3427
FC-005176,PB,PB-Majha,Rice,Kharif,2.66,Alluvial,406.1,Rainfed,209208,5,0,95.0,136065,159067,0.6275
FC-005177,MH,MH-Konkan,Maize,Kharif,1.7,Black,940.2,Canal,135117,0,0,99.6,80473,5245,0.1719
FC-005178,BR,BR-Gangetic,Wheat,Rabi,0.53,Alluvial,852.9,Canal,75520,2,0,59.8,40000,5163,0.5139
FC-005179,PB,PB-Malwa,Rice,Kharif,3.07,Alluvial,258.7,Rainfed,227967,2,0,45.1,112232,31028,0.8932
FC-005180,UP,UP-Central,Rice,Rabi,1.91,Alluvial,1096.1,Canal,182510,4,0,91.1,102146,31891,0.3095
FC-005181,MP,MP-Bundelkhand,Wheat,Rabi,1.38,Red,865.4,Rainfed,136691,4,0,62.2,52029,0,0.5762
FC-005182,MP,MP-Mahakoshal,Wheat,Rabi,0.51,Alluvial,1044.7,Rainfed,78045,1,0,62.3,40000,0,0.4976
FC-005183,UP,UP-Central,Rice,Rabi,1.86,Alluvial,356.6,Tubewell,191540,4,0,67.0,105982,85603,0.7529
FC-005184,PB,PB-Majha,Rice,Rabi,1.01,Alluvial,587.6,Drip,109351,4,0,82.2,51058,34994,0.4551
FC-005185,KA,KA-South,Groundnut,Rabi,0.67,Red,819.7,Rainfed,82996,7,0,83.6,40000,21889,0.7629
FC-005186,TN,TN-North,Groundnut,Rabi,0.97,Black,809.2,Canal,107087,4,0,100.0,47841,53522,0.6459
FC-005187,MH,MH-Marathwada,Soybean,Kharif,2.59,Black,1153.1,Canal,123660,4,0,58.1,123099,0,0.2141
FC-005188,RJ,RJ-Hadoti,Pulses,Kharif,2.0,Laterite,554.6,Drip,183595,2,0,53.8,78969,0,0.5605
FC-005189,UP,UP-Central,Wheat,Rabi,0.33,Alluvial,1014.9,Tubewell,71859,6,0,64.9,40000,89176,0.8585
FC-005190,UP,UP-Central,Groundnut,Kharif,0.37,Alluvial,922.0,Rainfed,58923,1,0,83.2,40000,23039,0.5847
FC-005191,KA,KA-Central,Soybean,Kharif,0.74,ClayLoam,987.8,Canal,98817,4,0,82.8,40000,0,0.4671
FC-005192,MP,MP-Bundelkhand,Soybean,Kharif,0.4,Black,975.9,Tubewell,49252,3,0,90.3,40000,7755,0.2395
FC-005193,TN,TN-Delta,Rice,Rabi,1.31,Red,702.1,Tubewell,108269,7,0,85.4,70620,74464,0.5752
FC-005194,RJ,RJ-Mewar,Mustard,Rabi,1.28,Alluvial,349.5,Canal,113167,4,0,74.5,60619,11553,0.2199
FC-005195,HR,HR-South,Wheat,Rabi,1.54,Sandy,523.5,Canal,119474,7,0,84.9,66621,0,0.2834
FC-005196,TN,TN-North,Rice,Rabi,0.49,Alluvial,1144.5,Tubewell,50474,2,0,74.6,40000,0,0.3595
FC-005197,TG,TG-South,Groundnut,Kharif,1.05,ClayLoam,702.4,Rainfed,115424,1,1,66.8,48018,77965,0.897
FC-005198,HR,HR-West,Pulses,Rabi,0.96,Alluvial,741.5,Drip,71145,4,0,64.5,40000,0,0.3379
FC-005199,TN,TN-North,Groundnut,Rabi,4.2,Laterite,698.3,Rainfed,230352,0,0,56.1,113945,33138,0.5965
FC-005200,BR,BR-Gangetic,Rice,Kharif,3.55,ClayLoam,1136.9,Drip,260339,5,0,92.7,263796,8358,0.1616
FC-005201,KA,KA-North,Cotton,Kharif,0.54,Red,614.6,Tubewell,64769,4,0,55.9,41924,37708,0.6724
FC-005202,MP,MP-Bundelkhand,Wheat,Rabi,2.66,Black,1079.3,Tubewell,171708,3,0,63.6,227531,0,0.1569
FC-005203,RJ,RJ-Marwar,Maize,Rabi,1.19,ClayLoam,291.5,Rainfed,100185,0,0,72.0,44144,0,0.6089
FC-005204,MH,MH-Marathwada,Cotton,Kharif,1.92,Black,930.8,Canal,148904,2,0,90.6,146953,4527,0.1664
FC-005205,HR,HR-West,Rice,Rabi,0.57,Alluvial,487.5,Rainfed,51712,3,0,85.7,40000,0,0.3493
FC-005206,TG,TG-North,Maize,Rabi,1.34,Red,616.9,Drip,102760,4,0,85.5,78436,8758,0.1106
FC-005207,MH,MH-Vidarbha,Rice,Rabi,0.57,Red,981.4,Tubewell,68982,2,0,68.4,40000,31343,0.5015
FC-005208,MP,MP-Mahakoshal,Soybean,Kharif,0.43,Sandy,1239.6,Drip,73357,0,0,91.6,40000,33041,0.4958
FC-005209,TN,TN-West,Wheat,Rabi,1.36,Alluvial,650.0,Tubewell,146260,2,1,45.8,68301,66610,0.8513
FC-005210,MP,MP-Mahakoshal,Soybean,Kharif,0.44,Red,1155.3,Drip,65355,2,0,66.7,40000,27136,0.4513
FC-005211,MH,MH-Konkan,Soybean,Kharif,0.76,Red,877.9,Drip,90913,0,0,56.4,40000,0,0.6092
FC-005212,BR,BR-South,Rice,Kharif,1.78,Alluvial,1025.5,Tubewell,181535,1,0,73.5,88726,26566,0.5187
FC-005213,AP,AP-Upland,Soybean,Kharif,0.75,Red,1179.5,Canal,75793,0,0,73.2,43544,12488,0.503
FC-005214,BR,BR-South,Maize,Kharif,1.72,Sandy,1544.8,Tubewell,120079,4,0,72.8,78187,15033,0.3743
FC-005215,PB,PB-Majha,Wheat,Rabi,0.32,Alluvial,578.9,Rainfed,63976,8,0,64.4,40000,9007,0.6559
FC-005216,TN,TN-South,Groundnut,Rabi,1.31,Black,1260.8,Rainfed,111534,0,0,74.7,105015,34845,0.3238
FC-005217,UP,UP-Central,Pulses,Rabi,1.48,ClayLoam,891.8,Tubewell,106471,4,0,69.5,59563,14503,0.3048
FC-005218,GJ,GJ-Central,Pulses,Rabi,3.32,Red,548.7,Drip,208954,4,0,80.1,119551,4502,0.2424
FC-005219,UP,UP-Eastern,Millet,Kharif,4.67,Alluvial,1241.1,Rainfed,210155,2,0,60.6,101100,133345,0.6605
FC-005220,GJ,GJ-South,Cotton,Kharif,0.77,Sandy,872.1,Drip,72044,5,0,45.1,84955,94368,0.4471
FC-005221,TN,TN-West,Millet,Kharif,2.02,Alluvial,470.4,Drip,181657,2,0,80.0,55877,12562,0.5779
FC-005222,UP,UP-Eastern,Rice,Rabi,0.49,Alluvial,959.3,Canal,76417,2,0,88.5,40000,22131,0.4636
FC-005223,TN,TN-North,Rice,Kharif,0.38,Laterite,725.2,Rainfed,60895,3,0,72.2,40000,13957,0.4379
FC-005224,KA,KA-North,Maize,Rabi,2.0,Laterite,747.8,Canal,122035,0,0,74.2,66999,11238,0.3631
FC-005225,TN,TN-North,Sugarcane,Kharif,0.77,ClayLoam,1084.5,Rainfed,88855,1,0,100.0,103662,0,0.1559
FC-005226,RJ,RJ-Hadoti,Mustard,Rabi,0.76,Sandy,407.1,Rainfed,66497,4,0,51.2,40000,0,0.4607
FC-005227,HR,HR-South,Rice,Kharif,0.81,Sandy,533.8,Tubewell,95563,2,0,62.3,52088,118667,0.7488
FC-005228,RJ,RJ-Hadoti,Groundnut,Kharif,2.58,Sandy,250.0,Drip,147283,3,0,98.9,183900,17383,0.1011
FC-005229,UP,UP-Eastern,Sugarcane,Rabi,0.48,Sandy,1208.0,Tubewell,54124,1,0,89.8,56832,19198,0.2313
FC-005230,BR,BR-Gangetic,Rice,Rabi,0.97,Alluvial,1017.6,Tubewell,76761,3,0,80.7,42369,193214,0.8256
FC-005231,MH,MH-Vidarbha,Sugarcane,Rabi,2.79,Black,918.0,Tubewell,382577,3,0,71.1,568752,5252,0.2603
FC-005232,AP,AP-Upland,Rice,Kharif,1.63,ClayLoam,1248.9,Canal,136275,2,0,70.6,86528,201849,0.7679
FC-005233,UP,UP-Bundelkhand,Mustard,Rabi,2.95,Alluvial,987.8,Tubewell,246476,3,0,63.8,74920,10485,0.6134
FC-005234,MH,MH-Western,Rice,Kharif,0.53,Black,1012.5,Canal,60816,5,0,99.0,40000,12130,0.1736
FC-005235,KA,KA-Coastal,Sugarcane,Kharif,3.07,Alluvial,1442.6,Drip,226310,3,0,76.8,497985,5707,0.0569
FC-005236,GJ,GJ-South,Wheat,Rabi,2.03,Alluvial,586.4,Tubewell,215852,4,0,69.1,136966,3976,0.4103
FC-005237,AP,AP-Coastal,Millet,Kharif,0.5,Black,942.1,Tubewell,78100,3,0,74.3,40000,19922,0.5145
FC-005238,HR,HR-South,Wheat,Rabi,0.48,Sandy,489.9,Tubewell,71620,2,0,87.3,40000,0,0.3899
FC-005239,BR,BR-Gangetic,Wheat,Rabi,1.5,Alluvial,1227.9,Tubewell,130607,1,0,81.2,143866,27735,0.2056
FC-005240,MH,MH-Western,Sugarcane,Rabi,4.64,Black,1028.9,Canal,526245,5,0,93.3,700000,15028,0.0898
FC-005241,MH,MH-Konkan,Pulses,Rabi,0.32,Black,657.9,Rainfed,48122,1,0,92.6,40000,23044,0.5305
FC-005242,AP,AP-Rayalaseema,Rice,Kharif,1.89,Black,987.3,Tubewell,120773,5,0,71.5,176992,11074,0.1914
FC-005243,UP,UP-Western,Pulses,Rabi,3.34,ClayLoam,1132.2,Canal,241838,8,0,53.3,92049,0,0.5224
FC-005244,UP,UP-Western,Wheat,Rabi,1.31,Alluvial,1168.1,Rainfed,144242,3,0,67.0,97185,237355,0.859
FC-005245,HR,HR-East,Mustard,Rabi,6.75,Alluvial,452.2,Tubewell,376553,0,0,75.7,415994,9355,0.1589
FC-005246,BR,BR-North,Wheat,Rabi,0.29,Alluvial,1034.8,Tubewell,60956,3,0,68.4,40000,21604,0.3847
FC-005247,MP,MP-Bundelkhand,Wheat,Rabi,0.22,Black,827.4,Canal,57128,2,0,69.5,40000,6866,0.3841
FC-005248,AP,AP-Rayalaseema,Maize,Rabi,1.17,Alluvial,543.5,Tubewell,92376,1,0,69.7,49225,3999,0.3302
FC-005249,RJ,RJ-Shekhawati,Groundnut,Rabi,2.56,Sandy,610.0,Canal,240560,3,0,54.7,207558,8665,0.3692
FC-005250,TN,TN-North,Maize,Kharif,1.77,Red,1224.0,Rainfed,120656,1,0,77.0,112061,20142,0.2824
FC-005251,PB,PB-Malwa,Wheat,Rabi,0.65,Alluvial,688.7,Rainfed,68040,1,0,88.4,40000,14368,0.3186
FC-005252,MH,MH-Konkan,Cotton,Kharif,0.32,Black,997.0,Tubewell,55385,2,0,63.8,40000,134787,0.8076
FC-005253,GJ,GJ-Central,Wheat,Rabi,2.85,Black,732.5,Canal,240959,3,0,85.3,152580,10741,0.2777
FC-005254,PB,PB-Doaba,Rice,Kharif,3.12,Alluvial,570.4,Rainfed,246014,3,0,72.2,174828,35635,0.4884
FC-005255,AP,AP-Rayalaseema,Cotton,Kharif,1.41,Black,1021.6,Drip,162337,2,0,92.3,120531,0,0.1942
FC-005256,GJ,GJ-South,Groundnut,Rabi,1.83,ClayLoam,613.7,Canal,192401,4,0,61.1,111187,10194,0.313
FC-005257,TG,TG-South,Rice,Rabi,0.69,ClayLoam,358.0,Tubewell,71673,0,1,59.2,40000,36031,0.8274
FC-005258,HR,HR-West,Wheat,Rabi,0.35,Alluvial,444.0,Rainfed,60674,2,1,24.4,40000,52815,0.8732
FC-005259,TN,TN-West,Groundnut,Rabi,1.37,ClayLoam,775.9,Canal,120537,3,0,66.2,59076,0,0.51
FC-005260,TN,TN-South,Cotton,Kharif,1.76,Sandy,890.3,Canal,149269,1,0,72.4,132162,41945,0.2739
FC-005261,HR,HR-South,Cotton,Kharif,3.04,Alluvial,571.1,Tubewell,270556,2,0,57.0,202048,110746,0.3833
FC-005262,GJ,GJ-Saurashtra,Rice,Rabi,0.52,Alluvial,984.7,Tubewell,70037,3,0,54.0,40000,2242,0.5458
FC-005263,PB,PB-Majha,Cotton,Kharif,0.63,ClayLoam,651.9,Rainfed,97276,2,0,73.9,66860,5378,0.3879
FC-005264,PB,PB-Malwa,Wheat,Rabi,0.52,Alluvial,860.5,Tubewell,59148,0,0,55.3,40000,19274,0.4697
FC-005265,TG,TG-South,Rice,Kharif,2.47,Black,966.1,Canal,195712,3,0,100.0,161001,5189,0.1168
FC-005266,BR,BR-North,Wheat,Rabi,0.95,Alluvial,1222.5,Tubewell,77974,2,0,49.5,73790,8521,0.3028
FC-005267,AP,AP-Upland,Sugarcane,Kharif,0.83,Laterite,767.6,Rainfed,67763,1,0,45.1,90188,56499,0.5493
FC-005268,MP,MP-Chambal,Cotton,Kharif,1.05,Black,901.8,Drip,98692,2,0,75.5,64159,0,0.2792
FC-005269,MH,MH-Western,Cotton,Kharif,0.5,Black,659.2,Canal,57464,2,0,59.4,40000,34019,0.4727
FC-005270,RJ,RJ-Mewar,Mustard,Rabi,0.68,Sandy,563.2,Canal,76131,2,0,87.4,40000,0,0.332
FC-005271,TG,TG-Central,Maize,Kharif,0.36,Red,1129.1,Rainfed,70847,3,0,65.8,40000,11258,0.5031
FC-005272,GJ,GJ-Central,Maize,Rabi,1.06,Black,845.7,Canal,107648,1,1,31.1,40000,232801,0.8656
FC-005273,HR,HR-East,Wheat,Rabi,0.35,Sandy,475.9,Rainfed,64244,2,0,62.2,40000,0,0.5303
FC-005274,AP,AP-Upland,Sugarcane,Kharif,1.22,Black,945.4,Tubewell,104955,2,0,95.3,170116,5665,0.1237
FC-005275,AP,AP-Coastal,Rice,Kharif,0.34,Alluvial,1220.8,Drip,59048,6,1,41.9,40000,57288,0.8046
FC-005276,RJ,RJ-Marwar,Pulses,Kharif,1.08,Sandy,696.4,Drip,95308,0,0,80.8,41038,0,0.4623
FC-005277,TN,TN-South,Rice,Kharif,2.44,Alluvial,753.4,Drip,134336,0,0,87.4,108299,0,0.257
FC-005278,UP,UP-Western,Rice,Kharif,1.04,Alluvial,1002.1,Drip,93312,2,0,75.5,59890,4797,0.2242
FC-005279,GJ,GJ-North,Cotton,Kharif,2.24,Red,939.0,Rainfed,207432,0,0,57.8,142019,0,0.279
FC-005280,UP,UP-Bundelkhand,Wheat,Rabi,1.65,Alluvial,771.9,Drip,121635,1,0,79.8,127753,24758,0.1442
FC-005281,MP,MP-Mahakoshal,Soybean,Kharif,2.13,Black,1040.4,Canal,147428,4,0,69.5,78293,58820,0.5103
FC-005282,AP,AP-Coastal,Rice,Rabi,2.7,Black,1220.2,Rainfed,154356,2,0,63.5,175224,89923,0.1515
FC-005283,TN,TN-West,Maize,Kharif,2.94,ClayLoam,863.6,Tubewell,242177,1,0,54.3,123737,17485,0.3652
FC-005284,UP,UP-Eastern,Sugarcane,Rabi,0.7,Alluvial,844.2,Canal,95416,3,0,83.7,85052,33999,0.253
FC-005285,AP,AP-Coastal,Rice,Rabi,0.82,ClayLoam,853.6,Rainfed,108858,4,0,93.4,60033,24334,0.593
FC-005286,KA,KA-Central,Maize,Rabi,1.62,Red,1218.1,Tubewell,140053,2,0,87.2,107859,38409,0.2351
FC-005287,UP,UP-Bundelkhand,Sugarcane,Rabi,3.72,Alluvial,965.2,Rainfed,448959,3,0,94.9,503443,38383,0.1754
FC-005288,MH,MH-Vidarbha,Cotton,Kharif,1.44,Black,901.1,Canal,139554,2,0,49.5,186980,10470,0.2963
FC-005289,AP,AP-Coastal,Rice,Kharif,0.83,Black,669.6,Tubewell,104003,2,0,58.9,40301,12990,0.7324
FC-005290,HR,HR-West,Cotton,Kharif,1.95,Sandy,465.5,Rainfed,114903,5,0,68.1,107803,75413,0.4725
FC-005291,BR,BR-South,Rice,Kharif,1.37,Alluvial,768.6,Canal,85405,1,0,97.9,69644,7746,0.2511
FC-005292,TN,TN-Delta,Rice,Kharif,1.25,Alluvial,1192.6,Canal,141545,1,0,64.5,110460,64122,0.3175
FC-005293,HR,HR-West,Rice,Rabi,4.15,Alluvial,354.9,Rainfed,200669,3,0,79.4,261334,27223,0.5344
FC-005294,KA,KA-Coastal,Maize,Rabi,1.4,Red,1064.8,Tubewell,140028,1,1,45.2,40164,5834,0.7991
FC-005295,TG,TG-South,Groundnut,Rabi,0.31,Black,923.8,Rainfed,57022,2,0,85.1,40000,66850,0.5252
FC-005296,MH,MH-Vidarbha,Cotton,Kharif,0.87,Black,901.2,Rainfed,69430,2,0,82.6,75643,33976,0.2035
FC-005297,HR,HR-South,Cotton,Kharif,0.49,Alluvial,664.4,Rainfed,64180,2,0,73.0,40000,0,0.4004
FC-005298,BR,BR-Gangetic,Wheat,Rabi,0.55,ClayLoam,1409.1,Rainfed,44967,2,0,88.3,40000,59818,0.462
FC-005299,UP,UP-Central,Rice,Kharif,0.36,ClayLoam,1028.1,Drip,57094,4,0,59.1,40000,12345,0.2739
FC-005300,GJ,GJ-Saurashtra,Wheat,Rabi,1.14,Black,795.7,Drip,86684,3,0,76.3,88428,43738,0.2212
FC-005301,HR,HR-East,Cotton,Kharif,0.3,ClayLoam,367.0,Tubewell,39342,2,0,96.0,40000,0,0.3127
FC-005302,UP,UP-Bundelkhand,Sugarcane,Rabi,0.47,Sandy,1042.0,Rainfed,69700,6,0,70.4,51192,44199,0.3937
FC-005303,RJ,RJ-Mewar,Groundnut,Kharif,6.99,Black,250.0,Rainfed,436075,2,0,47.0,266891,0,0.5477
FC-005304,BR,BR-North,Maize,Rabi,1.09,Alluvial,1130.7,Tubewell,118824,3,0,82.1,65122,8921,0.3976
FC-005305,RJ,RJ-Hadoti,Mustard,Rabi,3.0,ClayLoam,595.2,Rainfed,173755,2,0,81.3,159369,0,0.1591
FC-005306,PB,PB-Malwa,Rice,Rabi,0.64,Alluvial,625.6,Tubewell,48701,1,0,67.0,40000,49264,0.4825
FC-005307,PB,PB-Malwa,Rice,Rabi,0.95,Alluvial,690.3,Rainfed,55657,2,0,80.5,41095,0,0.2853
FC-005308,UP,UP-Central,Pulses,Kharif,0.76,ClayLoam,1058.8,Rainfed,57247,4,0,58.0,40000,8615,0.482
FC-005309,UP,UP-Bundelkhand,Rice,Rabi,1.56,Alluvial,974.1,Tubewell,105305,3,0,80.5,125905,23688,0.195
FC-005310,AP,AP-Coastal,Rice,Kharif,1.0,ClayLoam,977.1,Rainfed,129074,7,0,100.0,78561,5056,0.458
FC-005311,MP,MP-Chambal,Cotton,Kharif,0.2,Sandy,1280.3,Tubewell,54011,2,0,69.5,40000,0,0.4873
FC-005312,GJ,GJ-Saurashtra,Groundnut,Rabi,0.71,Red,394.5,Canal,67358,2,0,64.1,40000,9959,0.3403
FC-005313,BR,BR-South,Wheat,Rabi,1.75,Alluvial,1149.1,Tubewell,161092,1,0,38.5,93752,4078,0.3632
FC-005314,UP,UP-Western,Cotton,Kharif,1.85,Alluvial,716.1,Tubewell,171527,2,0,73.4,119967,21188,0.3453
FC-005315,UP,UP-Central,Sugarcane,Rabi,0.62,Alluvial,1000.3,Drip,106026,0,0,62.9,123300,6643,0.3403
FC-005316,GJ,GJ-North,Wheat,Rabi,3.46,ClayLoam,420.9,Tubewell,189390,0,0,92.4,165681,16910,0.2328
FC-005317,BR,BR-South,Rice,Kharif,3.48,Alluvial,848.9,Canal,303995,0,0,79.2,162591,102218,0.5293
FC-005318,BR,BR-Gangetic,Pulses,Rabi,0.94,Sandy,1329.0,Canal,76692,2,0,53.3,40000,18685,0.5866
FC-005319,MP,MP-Bundelkhand,Wheat,Rabi,1.44,ClayLoam,997.3,Canal,97586,3,0,69.5,80469,5933,0.2651
FC-005320,MP,MP-Malwa,Cotton,Kharif,0.72,ClayLoam,896.0,Rainfed,87487,1,0,68.9,57786,5623,0.3252
FC-005321,TG,TG-North,Groundnut,Kharif,0.5,Black,726.9,Drip,63640,0,0,78.4,40000,51219,0.6446
FC-005322,TG,TG-South,Rice,Kharif,2.0,Black,538.0,Canal,122830,6,0,77.1,119885,24098,0.2156
FC-005323,BR,BR-Gangetic,Wheat,Rabi,2.14,Laterite,1292.3,Tubewell,189015,2,0,71.3,93293,0,0.2761
FC-005324,HR,HR-West,Rice,Kharif,1.68,Alluvial,604.1,Tubewell,126878,5,0,82.3,130724,63858,0.3359
FC-005325,UP,UP-Eastern,Groundnut,Kharif,0.49,Alluvial,800.8,Drip,53581,3,0,63.1,40000,0,0.2929
FC-005326,MP,MP-Chambal,Wheat,Rabi,2.0,Red,1155.2,Drip,118468,1,0,68.4,85696,6238,0.207
FC-005327,KA,KA-Coastal,Pulses,Kharif,9.24,Red,1105.8,Drip,589056,0,0,93.3,253583,9648,0.3822
FC-005328,RJ,RJ-Shekhawati,Pulses,Kharif,1.31,Sandy,509.1,Tubewell,96338,2,0,86.4,40000,0,0.2587
FC-005329,TG,TG-Central,Rice,Rabi,0.51,Black,801.3,Tubewell,52492,3,0,80.9,40674,10833,0.317
FC-005330,MP,MP-Bundelkhand,Cotton,Kharif,1.05,Black,924.9,Rainfed,99861,2,0,73.1,70123,34299,0.3546
FC-005331,RJ,RJ-Hadoti,Millet,Kharif,2.8,Sandy,598.9,Tubewell,117758,0,0,70.8,49613,6793,0.5808
FC-005332,MP,MP-Bundelkhand,Wheat,Rabi,1.45,ClayLoam,999.7,Drip,133044,3,0,71.6,157074,41773,0.2429
FC-005333,MP,MP-Mahakoshal,Mustard,Rabi,0.33,Red,1043.5,Rainfed,50122,3,1,58.2,40000,217027,0.8788
FC-005334,TN,TN-West,Groundnut,Rabi,0.69,ClayLoam,957.6,Canal,84890,3,0,71.7,40000,6564,0.5261
FC-005335,MH,MH-Western,Groundnut,Rabi,1.09,Black,1315.1,Rainfed,133887,3,0,53.6,85322,29667,0.3442
FC-005336,BR,BR-South,Rice,Rabi,0.56,Alluvial,1197.7,Canal,69712,0,0,84.4,40000,22784,0.5399
FC-005337,GJ,GJ-Central,Groundnut,Rabi,1.46,Alluvial,1280.7,Rainfed,70965,2,0,49.4,40000,10377,0.3413
FC-005338,PB,PB-Doaba,Wheat,Rabi,2.29,Alluvial,667.6,Tubewell,154280,1,0,87.8,115058,18604,0.221
FC-005339,TG,TG-North,Groundnut,Kharif,1.06,Red,748.5,Rainfed,66755,1,0,71.8,40000,84914,0.8441
FC-005340,TG,TG-North,Cotton,Kharif,1.73,Black,831.2,Rainfed,164879,0,0,94.0,144440,23383,0.2759
FC-005341,PB,PB-Doaba,Rice,Kharif,2.42,Alluvial,707.2,Drip,207436,1,0,100.0,111143,27704,0.3013
FC-005342,GJ,GJ-North,Rice,Rabi,0.32,ClayLoam,978.2,Rainfed,66487,1,1,33.7,40000,125928,0.9211
FC-005343,GJ,GJ-South,Millet,Kharif,2.31,Black,817.5,Tubewell,144186,0,0,61.3,50774,0,0.5991
FC-005344,BR,BR-South,Rice,Kharif,1.28,Alluvial,975.1,Rainfed,102101,3,0,44.0,76967,25903,0.5186
FC-005345,UP,UP-Bundelkhand,Wheat,Rabi,1.62,Alluvial,855.0,Rainfed,106595,2,0,85.5,98982,46127,0.3027
FC-005346,GJ,GJ-South,Groundnut,Rabi,2.54,Black,755.4,Canal,192940,5,0,54.4,63812,118374,0.8698
FC-005347,HR,HR-West,Wheat,Rabi,1.0,Alluvial,598.0,Rainfed,99971,2,0,74.2,61488,19148,0.3073
FC-005348,BR,BR-North,Maize,Rabi,4.98,Alluvial,1323.4,Canal,281854,3,0,68.1,224795,0,0.2495
FC-005349,KA,KA-Central,Maize,Rabi,2.97,Black,1021.4,Rainfed,228924,1,0,68.5,211162,30326,0.3023
FC-005350,PB,PB-Malwa,Rice,Kharif,1.55,ClayLoam,673.3,Tubewell,130171,1,0,66.0,63239,62985,0.4485
FC-005351,MH,MH-Marathwada,Cotton,Kharif,0.79,Red,628.2,Tubewell,72612,1,0,96.2,40000,23299,0.5069
FC-005352,AP,AP-Coastal,Groundnut,Rabi,1.91,Red,1051.2,Canal,101913,5,0,95.5,85581,29011,0.2124
FC-005353,HR,HR-West,Mustard,Rabi,0.55,Alluvial,362.7,Tubewell,47864,2,0,72.3,41311,53061,0.6301
FC-005354,BR,BR-Gangetic,Wheat,Rabi,0.97,Red,1219.5,Canal,60836,5,0,82.6,54506,12513,0.1762
FC-005355,UP,UP-Central,Mustard,Rabi,0.51,Alluvial,1037.1,Tubewell,83034,4,0,71.3,40000,400000,0.7925
FC-005356,GJ,GJ-Saurashtra,Rice,Kharif,1.23,Alluvial,665.8,Canal,88786,0,0,57.4,68027,9424,0.4169
FC-005357,PB,PB-Malwa,Mustard,Rabi,3.32,Alluvial,523.9,Canal,259715,1,0,59.7,130374,400000,0.682
FC-005358,AP,AP-Upland,Sugarcane,Kharif,0.2,Black,1341.0,Rainfed,62521,2,0,81.8,40000,19608,0.5839
FC-005359,BR,BR-South,Wheat,Rabi,0.8,Alluvial,811.1,Tubewell,59303,1,0,79.4,40000,14106,0.4491
FC-005360,MP,MP-Malwa,Maize,Rabi,0.96,Red,937.3,Tubewell,93816,6,0,94.1,60594,30582,0.3248
FC-005361,PB,PB-Majha,Mustard,Rabi,0.89,Alluvial,655.7,Drip,105919,2,0,68.7,59265,26658,0.4766
FC-005362,TG,TG-South,Soybean,Kharif,2.17,Alluvial,664.9,Tubewell,135913,2,0,75.5,122203,5280,0.1669
FC-005363,KA,KA-South,Rice,Kharif,0.2,Black,990.0,Rainfed,41458,0,0,76.0,40000,32527,0.5762
FC-005364,GJ,GJ-South,Millet,Kharif,4.92,Alluvial,590.6,Tubewell,327474,4,0,74.7,120942,19274,0.5352
FC-005365,RJ,RJ-Mewar,Millet,Kharif,1.66,Sandy,390.1,Tubewell,141388,1,0,86.3,40670,28666,0.6851
FC-005366,UP,UP-Eastern,Rice,Rabi,1.0,Alluvial,947.1,Canal,109600,3,0,88.0,49149,2502,0.3232
FC-005367,TG,TG-South,Cotton,Kharif,0.69,Alluvial,1133.0,Tubewell,93673,0,0,75.3,45921,16233,0.4922
FC-005368,RJ,RJ-Mewar,Cotton,Kharif,0.97,Sandy,354.8,Rainfed,106161,4,0,66.8,55006,0,0.6293
FC-005369,BR,BR-North,Pulses,Kharif,0.26,Alluvial,1263.6,Tubewell,54697,3,0,64.8,40000,36431,0.4534
FC-005370,MH,MH-Vidarbha,Soybean,Kharif,0.79,Red,848.2,Tubewell,70999,2,0,56.3,53759,20097,0.3527
FC-005371,UP,UP-Eastern,Millet,Kharif,1.3,ClayLoam,1359.8,Tubewell,77754,3,0,80.8,40000,8696,0.2566
FC-005372,BR,BR-North,Maize,Rabi,1.17,ClayLoam,1161.9,Canal,99055,3,0,72.4,66932,22085,0.2444
FC-005373,BR,BR-North,Wheat,Rabi,0.34,Alluvial,841.0,Canal,72828,3,0,66.5,40000,0,0.5235
FC-005374,UP,UP-Central,Mustard,Rabi,0.34,Alluvial,1104.8,Rainfed,50344,0,0,84.8,40000,0,0.4116
FC-005375,MP,MP-Chambal,Wheat,Rabi,0.75,Black,1275.3,Canal,75508,1,0,92.0,40000,6183,0.2602
FC-005376,UP,UP-Central,Sugarcane,Rabi,0.93,Alluvial,1119.5,Drip,94827,3,0,100.0,166868,205641,0.3279
FC-005377,MH,MH-Konkan,Maize,Kharif,0.35,Black,1346.8,Canal,72588,0,0,72.7,40000,0,0.4166
FC-005378,TG,TG-South,Pulses,Rabi,1.71,ClayLoam,643.9,Tubewell,106680,2,0,52.4,51066,14332,0.5255
FC-005379,UP,UP-Bundelkhand,Wheat,Rabi,2.79,Alluvial,520.4,Rainfed,141697,3,0,91.6,126742,24454,0.3666
FC-005380,MP,MP-Bundelkhand,Maize,Rabi,2.44,Black,945.7,Tubewell,149283,1,0,92.7,137161,37608,0.1161
FC-005381,TG,TG-South,Soybean,Kharif,3.68,Red,1104.8,Canal,304450,5,0,84.1,116556,218384,0.7961
FC-005382,PB,PB-Majha,Wheat,Rabi,2.24,Alluvial,653.2,Rainfed,177301,1,0,70.1,115948,135766,0.6069
FC-005383,BR,BR-North,Rice,Rabi,0.63,Alluvial,1103.5,Canal,85119,0,0,61.4,41865,97000,0.8474
FC-005384,TN,TN-Delta,Cotton,Kharif,1.07,Red,1253.1,Canal,86238,1,0,77.9,133161,187529,0.1758
FC-005385,UP,UP-Western,Wheat,Rabi,0.61,Alluvial,1055.7,Canal,61893,2,0,100.0,40000,15015,0.4014
FC-005386,GJ,GJ-North,Cotton,Kharif,1.76,Black,816.1,Tubewell,114690,0,0,88.4,91723,54933,0.3239
FC-005387,GJ,GJ-North,Cotton,Kharif,0.84,Black,1042.2,Tubewell,66270,1,0,71.6,42472,47921,0.5928
FC-005388,PB,PB-Majha,Maize,Rabi,1.37,Alluvial,586.5,Rainfed,104777,1,0,69.3,40000,0,0.6548
FC-005389,AP,AP-Upland,Pulses,Kharif,1.01,Alluvial,1223.0,Rainfed,114577,5,1,11.2,52828,59016,0.7842
FC-005390,MH,MH-Western,Wheat,Rabi,0.72,Laterite,567.7,Canal,67969,1,0,65.6,40000,17809,0.6355
FC-005391,RJ,RJ-Shekhawati,Millet,Kharif,0.91,Alluvial,539.2,Canal,54384,2,0,70.9,40000,2695,0.2741
FC-005392,HR,HR-West,Wheat,Rabi,0.42,Sandy,633.2,Tubewell,75902,2,0,82.7,40000,10396,0.4766
FC-005393,UP,UP-Eastern,Rice,Kharif,1.33,ClayLoam,976.7,Rainfed,125471,1,0,84.8,67422,4981,0.296
FC-005394,AP,AP-Rayalaseema,Maize,Kharif,1.05,Black,970.0,Rainfed,68030,1,0,84.0,40000,41424,0.5313
FC-005395,GJ,GJ-Central,Groundnut,Kharif,1.61,Sandy,597.5,Drip,166255,2,0,91.1,155613,2054,0.1542
FC-005396,MP,MP-Chambal,Soybean,Kharif,1.33,ClayLoam,1102.9,Rainfed,79654,0,0,72.0,40000,15631,0.3577
FC-005397,BR,BR-South,Pulses,Kharif,0.71,Alluvial,678.5,Tubewell,64016,0,0,60.2,40000,128570,0.8593
FC-005398,MH,MH-Vidarbha,Cotton,Kharif,1.55,Black,391.8,Tubewell,171642,3,0,73.6,183791,0,0.368
FC-005399,GJ,GJ-North,Groundnut,Kharif,0.59,Alluvial,791.5,Canal,79004,4,0,76.4,40000,58064,0.6597
FC-005400,HR,HR-West,Rice,Rabi,1.28,Sandy,581.2,Tubewell,102896,2,0,95.6,84072,73941,0.3054
FC-005401,TN,TN-West,Rice,Rabi,3.11,Red,908.6,Rainfed,305221,2,0,83.4,249644,14099,0.3853
FC-005402,BR,BR-North,Rice,Rabi,1.05,Alluvial,1373.7,Rainfed,117642,4,0,68.5,53435,0,0.3686
FC-005403,TN,TN-West,Sugarcane,Kharif,1.34,Laterite,722.8,Canal,155743,1,0,100.0,178748,12423,0.1001
FC-005404,BR,BR-North,Rice,Rabi,0.94,ClayLoam,1306.6,Tubewell,111026,4,0,70.7,57797,35250,0.4623
FC-005405,RJ,RJ-Shekhawati,Millet,Kharif,1.35,Sandy,424.8,Tubewell,83418,3,0,49.8,40000,21610,0.5972
FC-005406,GJ,GJ-Central,Cotton,Kharif,1.97,Alluvial,997.0,Canal,172815,2,0,67.8,138783,7913,0.2013
FC-005407,TG,TG-South,Cotton,Kharif,1.8,Sandy,1233.4,Tubewell,136781,1,0,76.8,91553,56169,0.4268
FC-005408,RJ,RJ-Shekhawati,Pulses,Kharif,3.35,Red,604.3,Drip,223865,3,0,80.1,138264,17335,0.2023
FC-005409,MH,MH-Western,Soybean,Kharif,1.08,Alluvial,743.9,Rainfed,118228,2,0,57.5,40000,9260,0.6335
FC-005410,BR,BR-North,Rice,Kharif,0.81,Alluvial,1352.7,Rainfed,54347,3,0,97.3,61965,147062,0.5428
FC-005411,GJ,GJ-Saurashtra,Wheat,Rabi,1.13,Alluvial,998.5,Canal,132952,2,0,89.3,80410,3958,0.2703
FC-005412,MP,MP-Mahakoshal,Soybean,Kharif,0.5,Black,1114.5,Canal,42973,3,0,64.0,40000,15374,0.2678
FC-005413,MP,MP-Malwa,Rice,Rabi,0.92,Red,1247.6,Tubewell,112759,3,0,91.7,69269,0,0.2871
FC-005414,AP,AP-Rayalaseema,Groundnut,Rabi,1.53,Black,830.5,Canal,83421,1,0,47.8,77995,35033,0.2368
FC-005415,TN,TN-South,Rice,Rabi,2.88,Alluvial,748.2,Tubewell,234997,2,0,79.7,173768,0,0.2302
FC-005416,MH,MH-Konkan,Groundnut,Kharif,0.48,Black,702.8,Drip,48460,2,0,50.2,40000,4577,0.2873
FC-005417,MP,MP-Bundelkhand,Soybean,Kharif,0.84,ClayLoam,1424.1,Rainfed,63016,6,0,66.5,40000,13689,0.3815
FC-005418,MP,MP-Malwa,Wheat,Rabi,0.22,Red,874.5,Drip,50849,4,0,65.7,40000,10163,0.3996
FC-005419,RJ,RJ-Mewar,Pulses,Rabi,0.43,Red,334.1,Canal,41571,2,0,71.6,40000,0,0.2141
FC-005420,KA,KA-South,Soybean,Kharif,1.12,Alluvial,1108.8,Rainfed,68190,1,0,97.3,54501,19281,0.2203
FC-005421,AP,AP-Coastal,Groundnut,Rabi,0.54,Laterite,498.3,Canal,66117,3,0,97.1,40000,80773,0.8145
FC-005422,TN,TN-North,Rice,Rabi,2.45,Red,1196.6,Canal,233597,3,0,49.2,143724,0,0.3563
FC-005423,RJ,RJ-Marwar,Millet,Kharif,0.62,Black,529.1,Tubewell,50345,0,0,89.4,40000,0,0.2539
FC-005424,AP,AP-Rayalaseema,Rice,Kharif,0.8,Black,621.0,Tubewell,92740,4,0,76.6,68944,35272,0.5257
FC-005425,BR,BR-Gangetic,Wheat,Rabi,6.22,Alluvial,1321.3,Drip,463929,2,0,91.8,543622,8524,0.1153
FC-005426,KA,KA-Central,Cotton,Kharif,2.69,Laterite,1268.7,Canal,130672,1,0,53.2,161270,17734,0.1769
FC-005427,MH,MH-Vidarbha,Soybean,Kharif,1.43,Black,474.5,Drip,88986,2,0,52.8,53049,16885,0.5567
FC-005428,MP,MP-Mahakoshal,Soybean,Kharif,1.42,ClayLoam,1005.3,Canal,132993,1,0,56.0,63962,14255,0.4909
FC-005429,MH,MH-Vidarbha,Sugarcane,Kharif,0.61,ClayLoam,917.1,Canal,89675,1,0,63.9,107044,29170,0.3409
FC-005430,UP,UP-Central,Wheat,Rabi,0.68,Alluvial,908.2,Tubewell,86325,0,1,34.0,40000,40722,0.8545
FC-005431,MH,MH-Western,Cotton,Kharif,2.51,Black,830.9,Drip,194134,1,0,62.7,185450,17914,0.1685
FC-005432,RJ,RJ-Marwar,Cotton,Kharif,0.98,Alluvial,677.9,Rainfed,96711,1,0,70.3,47301,22684,0.4155
FC-005433,MP,MP-Mahakoshal,Cotton,Kharif,1.84,Red,989.8,Rainfed,118716,0,0,77.2,72761,6932,0.3557
FC-005434,AP,AP-Rayalaseema,Sugarcane,Kharif,2.12,Alluvial,1169.8,Canal,189860,2,0,67.7,291958,22131,0.1471
FC-005435,UP,UP-Eastern,Rice,Rabi,1.42,Alluvial,1133.1,Canal,127566,1,0,84.1,92960,3454,0.3287
FC-005436,HR,HR-East,Mustard,Rabi,2.56,Alluvial,474.4,Rainfed,169017,3,0,56.0,72036,8941,0.594
FC-005437,TN,TN-West,Sugarcane,Rabi,2.6,Red,1081.0,Drip,226615,1,0,40.6,396088,0,0.2744
FC-005438,BR,BR-South,Wheat,Rabi,0.38,Alluvial,1294.6,Rainfed,63693,1,0,81.3,40000,158087,0.8578
FC-005439,PB,PB-Doaba,Wheat,Rabi,1.53,ClayLoam,372.6,Drip,152065,1,0,100.0,80004,0,0.3456
FC-005440,GJ,GJ-North,Groundnut,Kharif,0.42,ClayLoam,370.3,Drip,70893,4,0,47.4,40000,72747,0.8381
FC-005441,AP,AP-Upland,Cotton,Kharif,2.01,Red,798.6,Canal,246778,2,0,54.0,256550,10012,0.2847
FC-005442,AP,AP-Coastal,Rice,Rabi,1.61,Alluvial,1015.8,Canal,130736,4,0,100.0,77222,9589,0.2695
FC-005443,HR,HR-South,Wheat,Rabi,4.26,Alluvial,576.3,Rainfed,207938,2,0,71.5,192705,84691,0.2585
FC-005444,TN,TN-Delta,Groundnut,Rabi,6.53,Black,1001.3,Rainfed,562451,4,0,55.2,377072,22671,0.3669
FC-005445,GJ,GJ-South,Cotton,Kharif,1.44,Black,942.3,Canal,110803,1,0,79.1,58083,50672,0.3646
FC-005446,BR,BR-Gangetic,Pulses,Rabi,1.28,Alluvial,1282.3,Rainfed,97034,4,0,68.6,40000,9764,0.4686
FC-005447,AP,AP-Upland,Rice,Rabi,0.81,Sandy,889.7,Tubewell,64528,2,0,72.1,44584,13524,0.5835
FC-005448,KA,KA-Coastal,Maize,Rabi,1.46,Alluvial,606.1,Rainfed,124084,4,0,61.7,65203,0,0.5135
FC-005449,HR,HR-East,Wheat,Rabi,2.08,ClayLoam,709.0,Rainfed,120550,0,0,86.4,159225,16686,0.232
FC-005450,RJ,RJ-Shekhawati,Mustard,Rabi,1.21,Sandy,442.1,Canal,121688,0,0,92.1,44501,112975,0.6621
FC-005451,TN,TN-Delta,Rice,Rabi,0.21,Black,1022.1,Rainfed,38462,3,0,85.5,40000,45331,0.5232
FC-005452,MP,MP-Mahakoshal,Soybean,Kharif,2.16,Black,779.0,Canal,139124,2,0,66.0,55397,19726,0.6004
FC-005453,TG,TG-Central,Soybean,Kharif,0.97,Black,719.8,Tubewell,65694,2,0,65.7,40000,0,0.3344
FC-005454,KA,KA-North,Soybean,Kharif,1.31,Sandy,1190.6,Canal,117928,0,0,76.5,40000,15204,0.6743
FC-005455,MP,MP-Malwa,Pulses,Kharif,0.43,Sandy,899.5,Tubewell,50583,2,0,80.6,40000,58294,0.5436
FC-005456,RJ,RJ-Mewar,Mustard,Rabi,1.53,Red,717.0,Drip,110435,6,0,72.0,65964,16882,0.3635
FC-005457,BR,BR-South,Wheat,Rabi,2.09,ClayLoam,1376.8,Tubewell,134767,4,0,76.0,84744,17576,0.367
FC-005458,TG,TG-North,Rice,Rabi,0.29,Alluvial,785.4,Rainfed,50485,0,0,90.1,40000,27499,0.3752
FC-005459,PB,PB-Doaba,Wheat,Rabi,3.68,Alluvial,617.5,Drip,321899,1,0,82.3,271430,191400,0.4112
FC-005460,KA,KA-South,Cotton,Kharif,0.95,Red,942.3,Canal,58393,1,0,78.0,44123,30326,0.3053
FC-005461,PB,PB-Majha,Wheat,Rabi,0.71,Alluvial,607.2,Canal,100052,3,0,53.4,52738,11265,0.6366
FC-005462,KA,KA-South,Soybean,Kharif,0.56,Red,1996.1,Tubewell,61796,5,0,64.4,40000,0,0.2943
FC-005463,BR,BR-North,Wheat,Rabi,0.54,Alluvial,1260.0,Tubewell,41488,1,0,62.5,40000,18630,0.2838
FC-005464,AP,AP-Upland,Millet,Kharif,2.0,Sandy,607.7,Rainfed,163078,0,0,80.1,55584,7280,0.6185
FC-005465,MP,MP-Mahakoshal,Pulses,Rabi,1.05,Black,972.3,Tubewell,90790,0,0,89.4,40000,133088,0.6131
FC-005466,GJ,GJ-Central,Groundnut,Rabi,0.53,Black,764.5,Canal,59864,2,0,77.5,40000,12377,0.2247
FC-005467,HR,HR-West,Pulses,Rabi,2.08,Alluvial,431.0,Tubewell,188794,2,1,32.2,56012,44534,0.8766
FC-005468,TG,TG-Central,Millet,Kharif,1.15,Red,1141.5,Canal,78187,7,0,72.4,40000,12935,0.3726
FC-005469,PB,PB-Doaba,Cotton,Kharif,2.44,Alluvial,651.2,Canal,152425,2,0,77.5,192487,0,0.3375
FC-005470,AP,AP-Rayalaseema,Rice,Kharif,2.45,Red,1127.9,Tubewell,135253,2,0,100.0,123265,10128,0.1137
FC-005471,KA,KA-South,Maize,Rabi,1.5,Sandy,1225.3,Canal,138325,3,0,54.0,87294,46550,0.5301
FC-005472,MP,MP-Chambal,Groundnut,Rabi,0.42,ClayLoam,1196.4,Canal,51022,5,1,46.8,40000,173507,0.8221
FC-005473,AP,AP-Coastal,Cotton,Kharif,0.83,Alluvial,935.4,Canal,83615,1,0,52.3,40000,54699,0.6504
FC-005474,MP,MP-Mahakoshal,Millet,Kharif,0.52,Red,1432.6,Tubewell,56986,7,0,87.4,40000,0,0.2434
FC-005475,KA,KA-North,Cotton,Kharif,1.06,Alluvial,1598.5,Canal,79866,4,0,85.8,60487,39763,0.2934
FC-005476,BR,BR-South,Wheat,Rabi,1.51,Alluvial,849.5,Tubewell,109875,1,0,75.0,92051,0,0.25
FC-005477,PB,PB-Majha,Wheat,Rabi,0.52,Alluvial,709.7,Rainfed,66521,2,0,72.8,40000,0,0.3508
FC-005478,KA,KA-South,Maize,Rabi,1.55,Laterite,1188.9,Canal,73871,1,0,65.7,42932,34737,0.422
FC-005479,GJ,GJ-Central,Rice,Rabi,1.01,Black,675.1,Canal,65590,4,0,86.1,61443,0,0.0903
FC-005480,UP,UP-Western,Sugarcane,Kharif,1.64,Alluvial,1028.0,Canal,247264,1,0,63.9,370905,0,0.2228
FC-005481,MP,MP-Bundelkhand,Cotton,Kharif,0.68,Black,1148.5,Canal,77133,1,0,93.0,40000,5382,0.2619
FC-005482,UP,UP-Eastern,Wheat,Rabi,0.78,Alluvial,1265.3,Rainfed,53779,1,0,76.0,40000,0,0.3238
FC-005483,MP,MP-Bundelkhand,Soybean,Kharif,0.94,Alluvial,1279.2,Rainfed,71352,3,0,83.3,58143,8297,0.2823
FC-005484,UP,UP-Eastern,Mustard,Rabi,0.28,Alluvial,995.5,Drip,59717,3,0,70.5,40000,65878,0.679
FC-005485,UP,UP-Western,Wheat,Rabi,0.64,Alluvial,938.4,Canal,56184,1,0,64.0,40000,9171,0.2363
FC-005486,UP,UP-Western,Sugarcane,Rabi,2.56,Alluvial,747.3,Tubewell,190349,2,0,86.1,362506,3310,0.1133
FC-005487,MP,MP-Malwa,Mustard,Rabi,0.95,Black,1110.3,Tubewell,107197,1,0,75.6,52911,19905,0.4614
FC-005488,UP,UP-Central,Wheat,Rabi,0.55,Laterite,1096.4,Tubewell,49467,1,0,75.2,40000,14019,0.2461
FC-005489,TN,TN-Delta,Groundnut,Rabi,0.55,Red,962.1,Rainfed,59920,3,0,85.1,40000,12013,0.2966
FC-005490,MH,MH-Konkan,Pulses,Kharif,4.53,Black,1005.2,Rainfed,336121,2,0,77.9,123183,36015,0.5099
FC-005491,UP,UP-Eastern,Pulses,Kharif,2.26,Sandy,836.8,Rainfed,204390,2,0,81.0,86595,17088,0.474
FC-005492,RJ,RJ-Mewar,Mustard,Rabi,0.72,ClayLoam,450.0,Rainfed,72419,1,0,74.1,40000,47204,0.6685
FC-005493,GJ,GJ-North,Groundnut,Rabi,0.68,Sandy,1104.5,Tubewell,50578,2,0,77.3,53239,0,0.2463
FC-005494,UP,UP-Eastern,Wheat,Rabi,0.35,ClayLoam,1353.1,Tubewell,64608,1,0,78.9,40000,0,0.2872
FC-005495,PB,PB-Malwa,Maize,Kharif,0.81,ClayLoam,763.3,Canal,54389,2,0,77.1,40000,7245,0.3839
FC-005496,MH,MH-Konkan,Pulses,Rabi,0.69,Laterite,1284.8,Drip,72999,4,0,69.1,40000,56397,0.7058
FC-005497,MH,MH-Konkan,Pulses,Kharif,0.37,Red,1122.7,Canal,59501,1,0,76.4,40000,53701,0.7396
FC-005498,UP,UP-Central,Pulses,Kharif,0.5,Alluvial,1088.3,Tubewell,75170,0,0,60.1,40000,98952,0.8593
FC-005499,GJ,GJ-Central,Millet,Kharif,1.16,Red,512.6,Drip,78603,3,0,91.2,40000,11484,0.3389
FC-005500,MP,MP-Mahakoshal,Wheat,Rabi,0.68,Black,914.0,Rainfed,49957,4,0,86.5,40000,21043,0.2112
FC-005501,GJ,GJ-North,Mustard,Rabi,2.71,Red,767.8,Tubewell,232886,4,0,100.0,116810,11205,0.2341
FC-005502,HR,HR-East,Wheat,Rabi,0.55,Alluvial,250.0,Canal,58802,1,0,86.3,40000,31886,0.5569
FC-005503,RJ,RJ-Shekhawati,Mustard,Rabi,2.06,Red,419.4,Rainfed,111510,2,0,51.5,59271,13503,0.4521
FC-005504,UP,UP-Western,Rice,Rabi,0.91,ClayLoam,938.8,Rainfed,86625,2,0,56.5,73758,58207,0.4262
FC-005505,MP,MP-Chambal,Maize,Rabi,1.14,Red,1160.9,Tubewell,104002,3,0,66.8,57435,26863,0.3895
FC-005506,TG,TG-Central,Sugarcane,Rabi,1.31,Red,806.3,Rainfed,94169,3,0,91.1,195583,95744,0.1864
FC-005507,UP,UP-Western,Wheat,Rabi,1.25,Alluvial,788.7,Rainfed,122382,2,0,84.1,79607,28517,0.4956
FC-005508,MP,MP-Chambal,Wheat,Rabi,0.92,Black,938.6,Tubewell,76991,3,0,72.0,42633,0,0.2381
FC-005509,HR,HR-East,Wheat,Rabi,2.42,Alluvial,496.5,Drip,176925,5,0,74.7,143840,5140,0.2047
FC-005510,MP,MP-Mahakoshal,Cotton,Kharif,1.01,Black,1046.6,Rainfed,100428,2,0,45.9,68820,96672,0.5992
FC-005511,UP,UP-Eastern,Mustard,Rabi,5.82,Alluvial,1345.6,Rainfed,462707,2,0,78.7,269234,28645,0.182
FC-005512,AP,AP-Upland,Pulses,Rabi,1.42,Sandy,772.7,Rainfed,131706,0,1,44.9,40000,68887,0.8653
FC-005513,GJ,GJ-North,Wheat,Rabi,1.54,Black,635.8,Tubewell,120827,1,0,83.5,96301,229795,0.7853
FC-005514,KA,KA-South,Groundnut,Rabi,1.15,Alluvial,838.3,Canal,94422,1,0,70.6,103833,43486,0.2243
FC-005515,KA,KA-Coastal,Pulses,Kharif,0.79,Laterite,804.5,Tubewell,95077,4,1,37.8,40000,51926,0.8464
FC-005516,KA,KA-South,Rice,Kharif,0.48,Alluvial,2299.5,Tubewell,59033,2,0,94.5,40000,0,0.1979
FC-005517,BR,BR-South,Sugarcane,Rabi,0.3,Alluvial,918.4,Drip,51882,2,0,63.1,40000,0,0.4658
FC-005518,UP,UP-Bundelkhand,Sugarcane,Kharif,0.72,Alluvial,850.2,Tubewell,68612,1,0,74.5,99258,25702,0.1555
FC-005519,KA,KA-North,Groundnut,Kharif,0.76,Black,641.2,Tubewell,61850,2,1,63.6,40000,400000,0.9113
FC-005520,AP,AP-Coastal,Groundnut,Kharif,1.33,Sandy,780.6,Canal,109239,0,0,100.0,51272,18300,0.2539
FC-005521,KA,KA-North,Wheat,Rabi,3.24,Red,1051.1,Drip,276594,2,0,83.4,165540,0,0.284
FC-005522,MP,MP-Chambal,Soybean,Kharif,1.1,Black,1040.3,Tubewell,101510,4,1,39.9,40000,52324,0.7804
FC-005523,TG,TG-South,Millet,Kharif,0.77,Alluvial,773.6,Canal,91026,2,0,83.6,40000,18627,0.4776
FC-005524,UP,UP-Central,Sugarcane,Rabi,0.75,Alluvial,895.4,Rainfed,128742,4,0,100.0,147410,0,0.1247
FC-005525,RJ,RJ-Hadoti,Millet,Kharif,0.21,Black,401.1,Rainfed,31311,4,0,73.6,40000,12652,0.29
FC-005526,PB,PB-Majha,Wheat,Rabi,3.05,Alluvial,643.3,Tubewell,293840,1,0,51.5,179996,35275,0.351
FC-005527,GJ,GJ-South,Mustard,Rabi,1.35,Sandy,848.2,Canal,87552,5,0,84.3,75470,3238,0.1532
FC-005528,AP,AP-Coastal,Rice,Rabi,0.47,Alluvial,1229.4,Tubewell,41411,4,0,67.6,40000,50325,0.4893
FC-005529,MH,MH-Marathwada,Soybean,Kharif,2.07,Red,828.7,Canal,105916,3,0,81.8,88459,229853,0.6623
FC-005530,AP,AP-Rayalaseema,Cotton,Kharif,1.65,Alluvial,631.9,Tubewell,113254,4,0,61.0,49679,19840,0.6629
FC-005531,AP,AP-Coastal,Sugarcane,Kharif,0.53,Black,1135.7,Rainfed,62340,3,0,73.0,82267,45237,0.1966
FC-005532,HR,HR-East,Rice,Rabi,1.65,Alluvial,547.2,Drip,153007,3,0,42.1,92062,0,0.3306
FC-005533,HR,HR-East,Wheat,Rabi,0.41,Alluvial,639.0,Drip,59367,2,0,65.4,41549,19637,0.4345
FC-005534,AP,AP-Coastal,Maize,Kharif,0.55,Red,993.2,Rainfed,72500,1,0,100.0,40000,6440,0.2594
FC-005535,MP,MP-Mahakoshal,Wheat,Rabi,3.78,Red,1184.1,Drip,223243,4,0,65.2,202646,0,0.1303
FC-005536,MH,MH-Western,Maize,Kharif,0.42,Black,1190.6,Rainfed,63422,2,0,83.1,40000,14721,0.3341
FC-005537,MP,MP-Chambal,Soybean,Kharif,1.48,Alluvial,615.8,Tubewell,94556,2,0,70.2,40000,0,0.6558
FC-005538,TN,TN-South,Soybean,Kharif,0.82,Red,762.6,Canal,92069,3,0,65.7,40000,0,0.5325
FC-005539,AP,AP-Coastal,Cotton,Kharif,0.85,ClayLoam,828.2,Drip,112388,1,0,53.9,73461,1974,0.4911
FC-005540,MP,MP-Bundelkhand,Wheat,Rabi,3.2,Red,1241.4,Canal,311587,3,0,67.0,187498,171858,0.4891
FC-005541,RJ,RJ-Mewar,Millet,Kharif,0.38,Black,250.0,Tubewell,71947,1,0,51.3,40000,1926,0.4619
FC-005542,TN,TN-West,Millet,Kharif,0.41,Red,1333.5,Canal,72423,4,1,54.5,40000,157963,0.8864
FC-005543,MH,MH-Konkan,Soybean,Kharif,0.53,ClayLoam,843.3,Drip,78434,0,1,45.0,40000,103796,0.8538
FC-005544,GJ,GJ-Central,Cotton,Kharif,1.62,Sandy,875.4,Rainfed,99340,2,0,68.7,132624,28198,0.1277
FC-005545,UP,UP-Bundelkhand,Soybean,Kharif,1.24,Alluvial,981.6,Rainfed,112909,0,0,49.1,40000,0,0.6035
FC-005546,GJ,GJ-Saurashtra,Cotton,Kharif,0.33,Laterite,651.9,Tubewell,61540,4,0,75.1,40000,120006,0.8085
FC-005547,HR,HR-East,Mustard,Rabi,1.52,Alluvial,563.3,Tubewell,138245,2,0,83.5,66976,2072,0.3779
FC-005548,GJ,GJ-Saurashtra,Groundnut,Rabi,3.3,Black,688.1,Rainfed,260383,4,0,63.6,203883,0,0.337
FC-005549,TN,TN-South,Rice,Kharif,0.78,Red,714.0,Canal,61144,2,0,61.0,48844,0,0.3119
FC-005550,UP,UP-Western,Maize,Kharif,1.66,Alluvial,866.4,Tubewell,182119,2,0,52.0,106497,0,0.387
FC-005551,UP,UP-Central,Sugarcane,Kharif,0.53,ClayLoam,1137.2,Tubewell,96530,1,0,56.9,91922,9682,0.2917
FC-005552,TG,TG-South,Cotton,Kharif,6.2,Laterite,1142.9,Rainfed,610423,0,0,87.8,553415,48226,0.2172
FC-005553,PB,PB-Doaba,Wheat,Rabi,0.66,Alluvial,668.1,Tubewell,46401,2,0,100.0,40000,0,0.1572
FC-005554,MH,MH-Western,Rice,Kharif,0.93,Laterite,682.3,Canal,64159,2,0,71.0,69485,14357,0.2481
FC-005555,PB,PB-Majha,Wheat,Rabi,0.35,Alluvial,694.0,Tubewell,69350,2,1,54.1,40000,66957,0.8616
FC-005556,TG,TG-Central,Groundnut,Kharif,1.46,Black,1207.4,Canal,103744,2,0,84.8,59003,99338,0.5992
FC-005557,TG,TG-South,Cotton,Kharif,2.13,Red,940.9,Rainfed,232616,1,0,77.1,245785,32166,0.1522
FC-005558,GJ,GJ-Central,Cotton,Kharif,0.55,Sandy,973.7,Rainfed,57345,0,0,100.0,40000,9143,0.2735
FC-005559,AP,AP-Coastal,Maize,Kharif,0.82,Laterite,992.7,Tubewell,52572,1,0,81.1,40000,12958,0.3601
FC-005560,MH,MH-Vidarbha,Sugarcane,Rabi,1.29,Black,740.7,Tubewell,118941,0,0,70.4,168735,56675,0.2106
FC-005561,HR,HR-West,Pulses,Rabi,3.32,Alluvial,513.9,Tubewell,298644,3,0,97.7,134076,0,0.3339
FC-005562,BR,BR-South,Maize,Kharif,0.79,Alluvial,1092.2,Rainfed,91690,2,0,81.8,40000,7187,0.2863
FC-005563,MP,MP-Malwa,Soybean,Kharif,0.71,ClayLoam,1349.7,Drip,55727,3,0,65.4,40000,27409,0.4785
FC-005564,MP,MP-Bundelkhand,Soybean,Kharif,0.34,Alluvial,1049.1,Tubewell,47639,5,1,48.3,40000,125788,0.898
FC-005565,UP,UP-Bundelkhand,Cotton,Kharif,2.31,Alluvial,702.5,Drip,147071,3,0,66.6,204392,102191,0.173
FC-005566,KA,KA-Coastal,Cotton,Kharif,1.07,Laterite,1276.5,Rainfed,113986,2,0,51.9,84465,29495,0.3384
FC-005567,RJ,RJ-Mewar,Mustard,Rabi,3.39,Alluvial,715.2,Canal,276544,5,0,37.2,121397,35054,0.5398
FC-005568,UP,UP-Western,Millet,Kharif,2.15,Alluvial,630.5,Tubewell,185460,2,0,60.0,40000,12523,0.7347
FC-005569,TN,TN-North,Sugarcane,Rabi,1.13,Black,705.1,Canal,163607,2,0,47.1,169795,8035,0.2188
FC-005570,AP,AP-Coastal,Pulses,Rabi,2.75,Black,647.3,Tubewell,189315,2,1,33.2,130576,389212,0.8882
FC-005571,MH,MH-Marathwada,Sugarcane,Kharif,0.73,Laterite,474.8,Rainfed,59350,5,0,79.5,40436,53069,0.8903
FC-005572,KA,KA-Coastal,Groundnut,Kharif,1.29,Red,841.2,Tubewell,128825,1,0,63.9,62263,14567,0.3585
FC-005573,TG,TG-South,Maize,Kharif,1.54,ClayLoam,1115.5,Canal,104583,5,0,100.0,87400,139150,0.4744
FC-005574,UP,UP-Western,Maize,Rabi,1.26,Alluvial,803.6,Canal,102193,1,0,52.2,61062,3704,0.538
FC-005575,MH,MH-Konkan,Pulses,Rabi,0.44,Black,788.2,Drip,44846,3,0,81.9,40000,24858,0.1561
FC-005576,AP,AP-Upland,Maize,Kharif,0.83,Red,1079.2,Rainfed,59232,0,0,78.5,40000,0,0.2354
FC-005577,MP,MP-Chambal,Soybean,Kharif,0.62,ClayLoam,1451.6,Rainfed,68144,2,0,60.0,40000,14726,0.3744
FC-005578,HR,HR-East,Wheat,Rabi,0.87,Alluvial,354.4,Canal,72234,2,0,85.2,40000,45953,0.6377
FC-005579,UP,UP-Eastern,Rice,Rabi,1.71,Alluvial,907.4,Canal,131112,3,0,89.5,104900,76975,0.23
FC-005580,AP,AP-Upland,Rice,Kharif,1.59,Red,796.2,Tubewell,174794,2,0,57.3,104846,13059,0.3702
FC-005581,MH,MH-Marathwada,Pulses,Kharif,0.91,Red,946.4,Tubewell,102404,0,1,56.7,40000,39369,0.84
FC-005582,TN,TN-North,Pulses,Kharif,9.37,Laterite,1159.3,Canal,615440,4,0,66.1,217327,52852,0.578
FC-005583,RJ,RJ-Mewar,Wheat,Rabi,2.58,Sandy,584.7,Drip,152476,1,0,48.0,78696,7612,0.5049
FC-005584,MH,MH-Western,Millet,Kharif,0.86,Laterite,1504.1,Tubewell,72660,4,0,72.4,40000,0,0.3074
FC-005585,PB,PB-Majha,Wheat,Rabi,0.72,Alluvial,699.0,Tubewell,82969,2,0,58.5,40000,11502,0.6147
FC-005586,AP,AP-Coastal,Sugarcane,Rabi,3.25,Red,694.8,Tubewell,340053,0,0,71.4,299781,12260,0.3641
FC-005587,GJ,GJ-Central,Millet,Kharif,0.82,Alluvial,719.2,Rainfed,95011,3,0,72.8,40000,33084,0.7161
FC-005588,MP,MP-Bundelkhand,Maize,Rabi,3.03,Black,1109.3,Rainfed,260620,1,0,73.8,129892,16113,0.4947
FC-005589,AP,AP-Rayalaseema,Rice,Kharif,4.8,Black,1049.0,Canal,250370,7,0,68.4,284842,12832,0.1786
FC-005590,MH,MH-Marathwada,Wheat,Rabi,2.14,Laterite,928.0,Canal,114911,1,0,54.2,78479,0,0.2286
FC-005591,PB,PB-Doaba,Wheat,Rabi,0.49,Alluvial,778.2,Rainfed,43095,2,0,76.4,40000,0,0.2921
FC-005592,UP,UP-Western,Wheat,Rabi,0.61,Sandy,1039.8,Canal,88466,3,0,50.4,40000,98913,0.8505
FC-005593,HR,HR-South,Cotton,Kharif,0.9,Alluvial,655.2,Drip,80553,4,0,88.0,60016,0,0.3743
FC-005594,MH,MH-Marathwada,Wheat,Rabi,1.03,Laterite,648.3,Tubewell,60151,3,0,73.4,40304,33252,0.5082
FC-005595,UP,UP-Eastern,Rice,Rabi,0.44,Alluvial,783.8,Canal,79334,1,1,61.4,44977,109804,0.9162
FC-005596,MP,MP-Bundelkhand,Rice,Kharif,1.11,Red,1164.2,Canal,86269,0,0,80.2,44783,91332,0.6808
FC-005597,TN,TN-North,Pulses,Kharif,3.22,Sandy,1152.9,Canal,185176,2,0,93.6,124219,9290,0.3811
FC-005598,HR,HR-South,Rice,Rabi,1.3,Alluvial,320.8,Canal,135021,6,0,71.9,52019,9144,0.6414
FC-005599,TG,TG-Central,Groundnut,Rabi,1.16,Laterite,1001.4,Tubewell,125881,2,0,60.5,55028,9519,0.4712
FC-005600,UP,UP-Central,Sugarcane,Rabi,0.75,Sandy,937.0,Tubewell,119168,1,0,58.3,106034,68233,0.334
FC-005601,MH,MH-Vidarbha,Sugarcane,Rabi,5.65,Black,985.1,Tubewell,452042,2,0,62.5,700000,44511,0.1328
FC-005602,UP,UP-Bundelkhand,Mustard,Rabi,2.04,Alluvial,1069.5,Drip,110399,3,0,100.0,93612,3940,0.1656
FC-005603,MP,MP-Mahakoshal,Rice,Rabi,1.91,ClayLoam,1257.1,Rainfed,116890,2,0,100.0,175694,31504,0.1016
FC-005604,AP,AP-Upland,Pulses,Kharif,1.01,Black,1029.2,Rainfed,106055,4,0,70.9,42046,72337,0.672
FC-005605,BR,BR-Gangetic,Pulses,Kharif,0.32,Alluvial,1323.6,Rainfed,46493,2,0,92.5,40000,41959,0.4489
FC-005606,PB,PB-Malwa,Wheat,Rabi,0.81,Alluvial,843.4,Rainfed,54065,5,0,76.7,46376,176332,0.7647
FC-005607,MP,MP-Malwa,Pulses,Kharif,2.7,Alluvial,1035.6,Rainfed,169414,2,1,29.8,42837,50224,0.9136
FC-005608,MP,MP-Bundelkhand,Pulses,Kharif,1.42,Red,926.8,Drip,81153,1,0,79.6,61939,6379,0.1472
FC-005609,MH,MH-Marathwada,Sugarcane,Kharif,0.83,Black,720.7,Tubewell,124630,0,0,85.9,126879,148917,0.5679
FC-005610,BR,BR-South,Rice,Kharif,0.64,Alluvial,1317.7,Tubewell,67960,1,0,79.1,40000,4566,0.3222
FC-005611,GJ,GJ-Saurashtra,Cotton,Kharif,2.42,Black,1165.8,Drip,188661,1,0,69.9,208352,27497,0.1365
FC-005612,UP,UP-Western,Sugarcane,Rabi,1.95,Alluvial,1077.3,Tubewell,228177,3,0,100.0,306831,4114,0.1682
FC-005613,RJ,RJ-Shekhawati,Cotton,Kharif,0.42,Alluvial,724.6,Drip,77925,7,0,100.0,40000,7668,0.1929
FC-005614,MH,MH-Vidarbha,Pulses,Rabi,2.39,Laterite,879.3,Rainfed,130648,0,1,35.3,44772,23366,0.8171
FC-005615,MH,MH-Konkan,Rice,Kharif,0.58,Red,1156.9,Drip,62837,1,0,91.3,43946,0,0.1794
FC-005616,KA,KA-Central,Rice,Kharif,0.76,Alluvial,988.8,Canal,78541,3,0,67.2,43965,9980,0.5641
FC-005617,PB,PB-Malwa,Wheat,Rabi,1.63,Alluvial,710.2,Tubewell,131597,3,0,99.3,97285,28082,0.1575
FC-005618,TG,TG-South,Maize,Kharif,6.79,Red,1272.0,Canal,456782,2,0,99.4,329742,16610,0.2411
FC-005619,TN,TN-North,Pulses,Rabi,1.44,Black,1082.3,Rainfed,96582,1,0,61.5,40000,11099,0.5786
FC-005620,MH,MH-Marathwada,Cotton,Kharif,1.96,Sandy,861.1,Rainfed,140625,2,0,65.1,107719,20217,0.3462
FC-005621,TN,TN-West,Rice,Kharif,0.83,Red,1183.4,Canal,88272,1,0,89.6,50192,50009,0.4433
FC-005622,MH,MH-Western,Soybean,Kharif,3.19,Red,975.1,Canal,247364,2,0,51.4,101789,116093,0.6005
FC-005623,MP,MP-Chambal,Maize,Rabi,1.24,Black,870.7,Canal,102978,1,0,95.4,40000,5763,0.3136
FC-005624,UP,UP-Western,Cotton,Kharif,1.45,ClayLoam,942.7,Canal,90111,2,0,77.2,93239,56773,0.2235
FC-005625,BR,BR-South,Pulses,Rabi,0.44,Alluvial,1163.6,Canal,39878,6,0,93.8,40000,23214,0.2763
FC-005626,KA,KA-South,Rice,Rabi,1.37,Alluvial,1006.2,Canal,119965,5,0,78.0,106880,13495,0.1932
FC-005627,MH,MH-Western,Pulses,Kharif,1.02,Alluvial,510.8,Tubewell,90679,6,0,85.7,43004,60653,0.7243
FC-005628,MH,MH-Western,Pulses,Rabi,0.84,Alluvial,820.0,Rainfed,81767,0,0,80.2,40000,147749,0.6855
FC-005629,MP,MP-Chambal,Rice,Rabi,0.95,ClayLoam,1327.4,Tubewell,63470,3,0,95.7,43999,39701,0.2806
FC-005630,MH,MH-Vidarbha,Soybean,Kharif,1.01,Black,888.5,Drip,107370,1,1,47.6,41870,56561,0.8724
FC-005631,PB,PB-Doaba,Rice,Rabi,0.56,Alluvial,829.8,Rainfed,50574,0,0,77.2,40000,8073,0.4706
FC-005632,MH,MH-Konkan,Sugarcane,Rabi,1.98,Black,1316.7,Rainfed,267289,5,0,88.1,371612,0,0.1345
FC-005633,BR,BR-Gangetic,Wheat,Rabi,0.59,Alluvial,969.1,Drip,72418,1,0,75.1,49642,30350,0.617
FC-005634,PB,PB-Majha,Wheat,Rabi,3.47,Alluvial,609.5,Rainfed,264549,0,0,100.0,280759,27599,0.1441
FC-005635,UP,UP-Central,Pulses,Kharif,2.68,ClayLoam,1366.0,Tubewell,225464,2,0,67.0,73498,74868,0.6984
FC-005636,AP,AP-Upland,Cotton,Kharif,1.43,Red,1287.4,Canal,118554,2,0,65.0,68216,8626,0.2963
FC-005637,MP,MP-Bundelkhand,Wheat,Rabi,10.0,Red,1243.9,Rainfed,451445,3,0,85.2,516831,149464,0.1486
FC-005638,RJ,RJ-Marwar,Millet,Kharif,0.52,ClayLoam,462.0,Rainfed,42472,1,0,73.5,40000,0,0.2767
FC-005639,TN,TN-North,Pulses,Rabi,1.75,Red,958.7,Canal,91429,1,0,75.5,40000,68282,0.7514
FC-005640,UP,UP-Western,Pulses,Kharif,4.74,Alluvial,1054.1,Tubewell,344033,2,0,64.9,192131,55711,0.2906
FC-005641,MH,MH-Western,Sugarcane,Rabi,0.53,Alluvial,959.9,Rainfed,94909,1,0,67.3,73889,57017,0.5097
FC-005642,HR,HR-West,Sugarcane,Rabi,0.67,Alluvial,570.1,Tubewell,68404,0,0,72.3,91909,0,0.3101
FC-005643,MH,MH-Vidarbha,Cotton,Kharif,2.68,Red,536.2,Rainfed,183013,1,0,93.7,213496,8437,0.4113
FC-005644,TG,TG-South,Cotton,Kharif,3.78,Laterite,1042.0,Rainfed,225043,3,0,74.1,121210,0,0.2666
FC-005645,AP,AP-Upland,Groundnut,Kharif,0.89,Red,718.0,Rainfed,104829,6,0,97.3,40000,11321,0.5779
FC-005646,AP,AP-Rayalaseema,Rice,Rabi,10.0,ClayLoam,787.2,Canal,547994,1,0,66.1,343188,43825,0.3459
FC-005647,TG,TG-Central,Maize,Kharif,1.11,Red,1004.7,Drip,120908,2,1,55.4,47520,38311,0.7973
FC-005648,MP,MP-Chambal,Soybean,Kharif,1.46,Red,1281.1,Rainfed,119398,3,0,59.7,59770,3507,0.5307
FC-005649,HR,HR-South,Rice,Rabi,1.52,Sandy,454.3,Rainfed,151434,0,0,86.6,83935,57945,0.6012
FC-005650,UP,UP-Bundelkhand,Rice,Kharif,2.56,Alluvial,814.7,Rainfed,123666,4,0,73.8,120311,2674,0.3051
FC-005651,GJ,GJ-North,Groundnut,Kharif,1.74,Black,1088.4,Tubewell,161233,1,0,81.0,70952,0,0.3296
FC-005652,KA,KA-North,Pulses,Kharif,0.33,Red,1036.2,Rainfed,47900,2,1,43.6,40000,78957,0.9013
FC-005653,UP,UP-Eastern,Sugarcane,Kharif,1.33,Alluvial,1277.9,Rainfed,189087,3,0,87.6,226424,25782,0.2247
FC-005654,GJ,GJ-South,Millet,Kharif,1.85,ClayLoam,772.4,Canal,117906,3,0,47.5,40000,0,0.5412
FC-005655,TG,TG-North,Millet,Kharif,0.52,Red,609.7,Rainfed,83298,1,1,37.4,40000,24356,0.7949
FC-005656,AP,AP-Coastal,Groundnut,Rabi,0.74,Red,1342.6,Rainfed,65085,7,0,48.6,40000,30435,0.591
FC-005657,BR,BR-Gangetic,Wheat,Rabi,2.6,Sandy,1445.5,Rainfed,187272,2,0,96.1,157279,46225,0.2074
FC-005658,RJ,RJ-Mewar,Millet,Kharif,1.8,Sandy,557.8,Canal,93436,0,0,62.2,41813,19339,0.4439
FC-005659,BR,BR-North,Rice,Kharif,0.68,Alluvial,1318.0,Canal,59267,1,0,89.8,49086,20458,0.2833
FC-005660,TN,TN-Delta,Rice,Kharif,1.97,Red,669.6,Rainfed,126658,2,0,62.4,73050,6447,0.6294
FC-005661,BR,BR-South,Maize,Kharif,1.37,Alluvial,1111.4,Rainfed,95920,0,0,88.3,40000,16101,0.525
FC-005662,GJ,GJ-Saurashtra,Wheat,Rabi,1.65,Black,1252.0,Tubewell,141899,3,0,62.4,113886,19213,0.282
FC-005663,RJ,RJ-Shekhawati,Millet,Kharif,0.78,ClayLoam,283.5,Tubewell,100405,2,0,58.6,40000,0,0.6073
FC-005664,BR,BR-North,Rice,Kharif,1.97,Alluvial,968.5,Drip,168078,1,0,73.1,99747,15034,0.4991
FC-005665,MH,MH-Marathwada,Pulses,Rabi,2.22,Black,1322.5,Rainfed,132250,4,0,83.4,98892,64631,0.3757
FC-005666,GJ,GJ-Saurashtra,Groundnut,Rabi,0.89,Alluvial,853.8,Tubewell,68907,4,0,53.1,56382,45719,0.515
FC-005667,UP,UP-Bundelkhand,Sugarcane,Rabi,3.41,Sandy,1254.8,Canal,435789,2,0,77.6,489303,4984,0.2151
FC-005668,PB,PB-Doaba,Maize,Kharif,2.06,Alluvial,910.4,Canal,171416,5,0,71.8,76465,59165,0.5162
FC-005669,AP,AP-Upland,Rice,Kharif,1.56,Red,1066.3,Drip,124259,1,0,83.7,73896,0,0.1726
FC-005670,UP,UP-Western,Maize,Kharif,7.9,Alluvial,857.7,Rainfed,575731,2,0,66.6,309605,50268,0.4643
FC-005671,BR,BR-South,Wheat,Rabi,2.79,Alluvial,1063.4,Drip,191499,0,0,76.2,142494,55569,0.235
FC-005672,GJ,GJ-South,Cotton,Kharif,0.64,Sandy,979.9,Tubewell,87455,2,0,98.6,57160,23388,0.3206
FC-005673,MH,MH-Vidarbha,Soybean,Kharif,2.13,ClayLoam,683.6,Canal,185067,2,0,80.4,41731,0,0.6774
FC-005674,UP,UP-Bundelkhand,Wheat,Rabi,0.47,ClayLoam,1043.3,Tubewell,66659,3,0,78.1,40000,0,0.2781
FC-005675,TG,TG-Central,Millet,Kharif,1.52,Red,1121.2,Rainfed,143515,2,0,92.0,40000,11723,0.6096
FC-005676,KA,KA-North,Groundnut,Kharif,0.98,Red,1033.3,Drip,99616,4,0,79.8,79301,7505,0.157
FC-005677,MH,MH-Western,Pulses,Rabi,0.51,ClayLoam,910.7,Rainfed,40642,3,0,78.4,40000,5203,0.2371
FC-005678,MH,MH-Marathwada,Pulses,Rabi,2.49,Red,781.8,Canal,106112,2,0,89.4,54594,0,0.399
FC-005679,KA,KA-South,Cotton,Kharif,0.55,Black,629.8,Drip,56672,0,0,67.5,40000,22925,0.4636
FC-005680,HR,HR-West,Cotton,Kharif,1.41,Alluvial,521.2,Canal,149628,3,0,75.2,103509,0,0.2469
FC-005681,HR,HR-West,Wheat,Rabi,1.06,Sandy,784.3,Tubewell,81441,1,0,69.5,59771,25581,0.2704
FC-005682,UP,UP-Western,Rice,Kharif,1.5,ClayLoam,1210.2,Tubewell,110626,3,0,96.0,100501,31675,0.2608
FC-005683,UP,UP-Eastern,Wheat,Rabi,0.4,Alluvial,645.8,Rainfed,42537,2,0,86.4,40000,0,0.328
FC-005684,GJ,GJ-South,Cotton,Kharif,1.55,Alluvial,692.6,Canal,98085,2,0,73.4,97385,24426,0.1829
FC-005685,UP,UP-Bundelkhand,Mustard,Rabi,1.3,Alluvial,928.7,Rainfed,126099,2,0,59.8,45353,11053,0.5735
FC-005686,PB,PB-Majha,Wheat,Rabi,0.64,Alluvial,696.7,Tubewell,82742,0,0,57.4,40000,54201,0.7268
FC-005687,AP,AP-Upland,Groundnut,Kharif,2.63,Black,1116.2,Tubewell,152019,0,0,89.8,104951,8246,0.3377
FC-005688,UP,UP-Eastern,Maize,Rabi,0.92,Alluvial,426.0,Rainfed,72403,3,1,60.1,40000,23436,0.8422
FC-005689,AP,AP-Coastal,Rice,Rabi,0.73,Sandy,769.8,Rainfed,89101,1,0,69.5,40000,0,0.7128
FC-005690,UP,UP-Eastern,Sugarcane,Rabi,2.3,Red,1164.2,Drip,153834,4,0,69.9,306309,15870,0.1415
FC-005691,PB,PB-Doaba,Wheat,Rabi,3.18,Alluvial,663.7,Drip,205556,3,0,61.5,211172,25918,0.1455
FC-005692,KA,KA-South,Soybean,Kharif,0.43,Laterite,1209.8,Tubewell,67838,2,0,87.1,40000,26943,0.5114
FC-005693,AP,AP-Upland,Sugarcane,Kharif,1.07,Black,846.9,Rainfed,134313,1,0,49.0,124975,11589,0.3588
FC-005694,MH,MH-Vidarbha,Wheat,Rabi,1.66,Black,1318.5,Rainfed,110337,2,0,68.4,108625,37114,0.2803
FC-005695,AP,AP-Upland,Rice,Rabi,0.69,Red,916.6,Tubewell,60515,4,0,83.2,40191,40984,0.5179
FC-005696,RJ,RJ-Marwar,Millet,Kharif,0.81,Sandy,250.0,Tubewell,102870,2,0,99.2,40000,203996,0.8243
FC-005697,MH,MH-Marathwada,Groundnut,Kharif,2.41,Black,634.9,Rainfed,148454,5,0,77.3,102261,25357,0.3207
FC-005698,TG,TG-South,Cotton,Kharif,0.65,Red,1001.2,Canal,93043,1,0,72.5,69440,202849,0.8663
FC-005699,HR,HR-East,Wheat,Rabi,0.37,Sandy,619.9,Rainfed,51165,3,0,60.4,40000,14804,0.4874
FC-005700,PB,PB-Doaba,Wheat,Rabi,0.53,Alluvial,668.5,Rainfed,63802,2,0,60.0,43937,73550,0.7041
FC-005701,TN,TN-West,Rice,Kharif,2.79,Alluvial,987.8,Rainfed,159135,2,0,82.3,192379,27063,0.19
FC-005702,MH,MH-Marathwada,Rice,Kharif,1.2,Black,1080.5,Tubewell,116756,1,0,64.7,69445,46832,0.422
FC-005703,KA,KA-Coastal,Wheat,Rabi,2.53,Red,909.9,Rainfed,151612,2,0,79.0,121114,22883,0.2283
FC-005704,BR,BR-South,Wheat,Rabi,1.06,Alluvial,1316.3,Tubewell,68190,3,0,72.1,60893,7169,0.2638
FC-005705,TG,TG-North,Cotton,Kharif,0.79,Black,658.4,Rainfed,94366,3,0,69.4,65715,18434,0.5676
FC-005706,TG,TG-North,Soybean,Kharif,2.28,Red,1116.3,Canal,109867,5,0,68.5,92504,38836,0.3075
FC-005707,PB,PB-Majha,Wheat,Rabi,0.42,ClayLoam,609.3,Tubewell,56818,4,0,53.0,40000,59566,0.5033
FC-005708,KA,KA-North,Groundnut,Rabi,1.68,Laterite,1362.8,Canal,161714,2,0,29.4,84174,28279,0.5373
FC-005709,MP,MP-Mahakoshal,Rice,Kharif,0.63,Red,1287.9,Canal,67765,2,0,67.0,45339,27587,0.3581
FC-005710,GJ,GJ-Central,Maize,Rabi,2.99,Black,641.6,Canal,258906,1,0,45.9,82481,46166,0.6878
FC-005711,KA,KA-South,Groundnut,Rabi,0.9,Red,1616.5,Drip,107309,2,1,51.0,40000,54682,0.8843
FC-005712,GJ,GJ-North,Cotton,Kharif,0.23,Alluvial,647.0,Canal,38984,2,0,71.3,40000,20008,0.4197
FC-005713,GJ,GJ-Central,Pulses,Kharif,0.54,Alluvial,1088.9,Canal,42798,0,0,74.0,40000,58608,0.6695
FC-005714,UP,UP-Eastern,Cotton,Kharif,0.47,Alluvial,872.9,Canal,73696,3,0,81.9,40000,3165,0.4823
FC-005715,RJ,RJ-Marwar,Groundnut,Kharif,1.02,Sandy,277.8,Rainfed,83581,0,0,61.2,40000,7311,0.6275
FC-005716,UP,UP-Eastern,Mustard,Rabi,1.64,Alluvial,856.4,Rainfed,94579,8,0,25.1,55033,24156,0.6139
FC-005717,HR,HR-West,Wheat,Rabi,2.28,Alluvial,558.1,Rainfed,166577,4,0,91.9,147981,10471,0.2788
FC-005718,KA,KA-South,Groundnut,Kharif,1.03,Black,1103.7,Rainfed,73859,1,0,59.8,45699,148957,0.6799
FC-005719,PB,PB-Majha,Wheat,Rabi,0.43,Alluvial,584.8,Tubewell,39638,0,0,63.6,40000,2141,0.1547
FC-005720,MH,MH-Marathwada,Sugarcane,Rabi,0.42,Black,549.5,Canal,81483,1,0,86.3,62224,3497,0.373
FC-005721,UP,UP-Central,Pulses,Rabi,1.53,Alluvial,808.9,Canal,106080,3,0,93.5,87846,6079,0.2236
FC-005722,BR,BR-South,Wheat,Rabi,0.52,Alluvial,949.9,Canal,51571,0,0,69.0,40000,0,0.2234
FC-005723,PB,PB-Malwa,Rice,Rabi,0.69,Alluvial,460.8,Rainfed,84566,0,0,88.6,40000,0,0.8326
FC-005724,PB,PB-Malwa,Wheat,Rabi,1.72,Alluvial,606.1,Canal,109742,1,0,90.4,109971,111351,0.2248
FC-005725,RJ,RJ-Shekhawati,Millet,Kharif,0.95,ClayLoam,340.9,Tubewell,72026,2,0,75.6,40000,7303,0.539
FC-005726,AP,AP-Rayalaseema,Cotton,Kharif,2.02,Black,1042.4,Drip,224319,4,0,69.3,168929,149354,0.5065
FC-005727,TG,TG-Central,Rice,Kharif,1.89,Black,642.9,Rainfed,110382,1,0,83.7,96261,0,0.3777
FC-005728,UP,UP-Eastern,Wheat,Rabi,0.99,Alluvial,949.9,Drip,113516,0,0,88.8,66946,12606,0.2383
FC-005729,TN,TN-West,Pulses,Rabi,3.77,Alluvial,817.3,Canal,282517,3,0,72.5,99298,4214,0.5886
FC-005730,TG,TG-South,Millet,Kharif,0.64,Red,632.9,Tubewell,59709,2,0,61.4,40000,26586,0.5554
FC-005731,BR,BR-South,Maize,Kharif,0.2,Alluvial,884.9,Rainfed,53754,2,0,100.0,40000,20758,0.6317
FC-005732,BR,BR-South,Rice,Rabi,0.67,Alluvial,1359.1,Rainfed,61126,4,0,75.4,40000,54127,0.6051
FC-005733,UP,UP-Eastern,Wheat,Rabi,4.51,Alluvial,943.3,Drip,346113,0,0,72.9,213702,5745,0.2355
FC-005734,HR,HR-East,Wheat,Rabi,0.39,Sandy,692.4,Tubewell,73052,1,0,75.1,40000,0,0.3802
FC-005735,PB,PB-Malwa,Rice,Rabi,2.15,Alluvial,682.3,Canal,125163,3,0,67.3,103657,49222,0.2286
FC-005736,BR,BR-South,Rice,Rabi,0.3,Alluvial,1232.0,Canal,39264,3,0,59.7,40000,17101,0.4565
FC-005737,PB,PB-Malwa,Mustard,Rabi,1.27,Alluvial,632.1,Tubewell,126430,3,0,83.8,79803,73387,0.3323
FC-005738,HR,HR-West,Wheat,Rabi,1.84,Alluvial,430.9,Drip,179919,3,0,69.5,115775,0,0.1798
FC-005739,AP,AP-Rayalaseema,Groundnut,Rabi,0.48,Sandy,1098.3,Tubewell,70328,1,0,76.5,40000,0,0.4119
FC-005740,RJ,RJ-Marwar,Pulses,Rabi,0.93,Sandy,673.3,Canal,80390,2,0,45.8,40000,1445,0.5721
FC-005741,TN,TN-Delta,Maize,Kharif,0.82,Laterite,806.1,Drip,94360,1,1,74.9,40000,135820,0.8566
FC-005742,BR,BR-South,Rice,Kharif,2.18,Alluvial,1120.8,Tubewell,120314,2,0,81.3,89405,21385,0.231
FC-005743,MH,MH-Marathwada,Cotton,Kharif,1.19,Black,1111.6,Tubewell,104093,5,0,72.3,78293,17082,0.3396
FC-005744,PB,PB-Doaba,Cotton,Kharif,0.68,Alluvial,608.1,Drip,55032,4,0,76.2,40000,8845,0.2489
FC-005745,MH,MH-Konkan,Wheat,Rabi,4.68,Black,701.1,Tubewell,420211,1,0,100.0,240239,26286,0.302
FC-005746,UP,UP-Eastern,Wheat,Rabi,0.69,Sandy,548.8,Canal,46856,4,0,73.9,40000,36178,0.307
FC-005747,BR,BR-South,Wheat,Rabi,4.03,Red,1339.8,Drip,305116,1,0,71.2,133680,48966,0.723
FC-005748,PB,PB-Malwa,Wheat,Rabi,0.76,Alluvial,808.3,Rainfed,64571,6,0,98.2,68497,7558,0.1318
FC-005749,UP,UP-Eastern,Rice,Rabi,2.52,Alluvial,923.2,Tubewell,153017,3,0,74.1,149825,0,0.1242
FC-005750,UP,UP-Bundelkhand,Maize,Kharif,1.17,Alluvial,1226.4,Rainfed,109553,3,0,63.6,53100,0,0.3391
FC-005751,BR,BR-Gangetic,Mustard,Rabi,1.21,ClayLoam,825.1,Canal,129769,4,1,30.6,51698,49616,0.8118
FC-005752,PB,PB-Malwa,Wheat,Rabi,0.54,Alluvial,371.6,Tubewell,45211,3,0,51.5,40000,0,0.4697
FC-005753,MP,MP-Malwa,Soybean,Kharif,0.73,Red,1102.3,Canal,53051,1,0,92.6,40000,14191,0.2704
FC-005754,KA,KA-North,Wheat,Rabi,2.66,Black,655.8,Canal,224802,4,0,51.2,147972,20911,0.4791
FC-005755,KA,KA-Central,Pulses,Kharif,0.77,Laterite,1612.4,Rainfed,70540,2,0,73.5,40000,0,0.3366
FC-005756,RJ,RJ-Marwar,Cotton,Kharif,1.62,Alluvial,619.2,Canal,151537,2,0,55.3,108865,69361,0.3233
FC-005757,MH,MH-Vidarbha,Sugarcane,Rabi,0.64,Black,1104.3,Tubewell,88569,2,0,59.3,110934,30435,0.3392
FC-005758,UP,UP-Bundelkhand,Pulses,Rabi,2.3,Black,686.1,Canal,152343,2,0,52.1,58375,16044,0.5598
FC-005759,MH,MH-Western,Rice,Kharif,1.53,Red,695.7,Rainfed,137562,0,0,60.3,115418,6507,0.4218
FC-005760,BR,BR-Gangetic,Pulses,Kharif,1.41,Alluvial,1225.6,Canal,80818,1,0,89.0,41429,9846,0.2919
FC-005761,UP,UP-Western,Mustard,Rabi,0.51,Alluvial,1026.2,Drip,70900,4,0,75.9,40000,39722,0.3554
FC-005762,RJ,RJ-Marwar,Millet,Kharif,2.12,Red,383.6,Tubewell,152912,2,0,59.8,64747,89649,0.5919
FC-005763,PB,PB-Doaba,Rice,Kharif,0.53,Alluvial,739.0,Canal,48662,2,0,66.0,40000,0,0.2801
FC-005764,UP,UP-Bundelkhand,Wheat,Rabi,0.67,ClayLoam,1389.2,Rainfed,79254,1,0,94.1,40000,48664,0.7019
FC-005765,TN,TN-South,Sugarcane,Kharif,1.51,Laterite,1323.4,Canal,152941,2,0,84.7,241393,11343,0.1378
FC-005766,UP,UP-Central,Wheat,Rabi,0.94,Alluvial,1168.5,Canal,100916,3,0,79.8,49446,0,0.2825
FC-005767,MP,MP-Mahakoshal,Rice,Kharif,0.95,Red,1247.8,Canal,61283,0,0,62.3,45527,56389,0.5443
FC-005768,RJ,RJ-Mewar,Soybean,Kharif,0.4,Sandy,506.8,Rainfed,48604,3,0,77.7,40000,0,0.3929
FC-005769,AP,AP-Upland,Groundnut,Kharif,2.13,Alluvial,946.1,Tubewell,219653,2,0,90.4,165563,116350,0.3105
FC-005770,MH,MH-Vidarbha,Wheat,Rabi,0.81,Red,1166.6,Rainfed,73411,2,0,80.5,45432,85148,0.7377
FC-005771,AP,AP-Rayalaseema,Rice,Kharif,1.28,ClayLoam,823.5,Tubewell,119885,3,0,76.0,92885,18758,0.2105
FC-005772,RJ,RJ-Mewar,Maize,Rabi,1.33,Sandy,408.6,Drip,79891,1,0,96.1,72193,8917,0.1479
FC-005773,TN,TN-South,Sugarcane,Kharif,1.2,Red,573.0,Tubewell,98037,1,0,50.5,180043,0,0.4257
FC-005774,PB,PB-Doaba,Maize,Rabi,2.99,Alluvial,507.7,Rainfed,191834,2,0,88.5,105200,42189,0.5276
FC-005775,AP,AP-Coastal,Cotton,Kharif,0.67,Black,740.1,Tubewell,46879,1,0,66.0,40000,25470,0.4852
FC-005776,BR,BR-Gangetic,Soybean,Kharif,4.83,Alluvial,1228.0,Rainfed,308565,3,0,77.2,184458,16765,0.3047
FC-005777,RJ,RJ-Marwar,Maize,Kharif,1.33,Sandy,611.3,Canal,135240,0,0,79.7,40000,22182,0.7724
FC-005778,RJ,RJ-Mewar,Groundnut,Rabi,0.86,ClayLoam,399.5,Tubewell,95117,2,0,55.9,59084,54951,0.7558
FC-005779,TN,TN-North,Rice,Kharif,1.15,Red,731.0,Canal,83348,3,0,87.5,41527,0,0.2547
FC-005780,AP,AP-Rayalaseema,Rice,Kharif,0.59,Red,706.1,Tubewell,81661,1,0,72.2,40000,72756,0.8592
FC-005781,UP,UP-Bundelkhand,Sugarcane,Kharif,4.92,Sandy,683.4,Tubewell,409368,2,0,61.9,411763,0,0.2295
FC-005782,MP,MP-Chambal,Wheat,Rabi,0.98,Black,931.5,Rainfed,89875,1,0,100.0,40000,13543,0.3758
FC-005783,MP,MP-Chambal,Cotton,Kharif,0.84,Black,874.0,Drip,111666,1,0,60.9,69211,43668,0.5889
FC-005784,MH,MH-Konkan,Cotton,Kharif,0.34,Sandy,1014.9,Drip,55162,2,0,75.0,40000,5402,0.3044
FC-005785,GJ,GJ-North,Groundnut,Rabi,2.51,ClayLoam,790.3,Drip,219221,0,0,72.9,160476,47882,0.3731
FC-005786,RJ,RJ-Shekhawati,Millet,Kharif,2.87,ClayLoam,485.1,Drip,201901,3,0,71.8,52737,38484,0.7736
FC-005787,MH,MH-Vidarbha,Soybean,Kharif,0.23,Alluvial,776.7,Drip,41138,1,0,71.8,40000,6755,0.2522
FC-005788,RJ,RJ-Mewar,Millet,Kharif,1.29,Alluvial,650.6,Canal,134696,4,0,86.3,40000,0,0.5604
FC-005789,UP,UP-Western,Maize,Kharif,0.53,ClayLoam,806.6,Drip,80446,2,0,65.5,40000,62499,0.6513
FC-005790,UP,UP-Eastern,Maize,Kharif,1.27,Sandy,817.7,Tubewell,126740,2,0,53.7,42185,24036,0.7434
FC-005791,TG,TG-North,Maize,Rabi,0.61,Black,995.8,Canal,71878,4,0,96.9,40000,23796,0.6458
FC-005792,TN,TN-North,Sugarcane,Kharif,1.72,ClayLoam,815.9,Rainfed,268431,0,0,89.1,335326,8033,0.2849
FC-005793,TG,TG-South,Cotton,Kharif,0.42,Black,996.3,Tubewell,56056,1,0,97.1,40000,8359,0.3856
FC-005794,MH,MH-Vidarbha,Soybean,Kharif,3.2,Black,1210.6,Rainfed,168193,3,0,90.0,103078,5945,0.2663
FC-005795,TN,TN-South,Soybean,Kharif,0.61,Sandy,1173.2,Rainfed,85667,2,1,63.0,40000,57498,0.8624
FC-005796,MP,MP-Bundelkhand,Wheat,Rabi,1.43,Red,721.0,Drip,100828,4,0,63.9,43277,0,0.5125
FC-005797,UP,UP-Bundelkhand,Wheat,Rabi,0.65,Alluvial,853.9,Drip,78044,1,1,5.0,40000,400000,0.924
FC-005798,MH,MH-Western,Cotton,Kharif,0.62,Black,931.2,Rainfed,82555,2,0,77.0,56821,127036,0.8331
FC-005799,KA,KA-Coastal,Mustard,Rabi,1.12,Laterite,1412.1,Rainfed,99350,1,1,27.3,40107,400000,0.8412
FC-005800,GJ,GJ-South,Rice,Kharif,1.34,ClayLoam,716.2,Drip,145433,1,0,100.0,79119,27968,0.2917
FC-005801,UP,UP-Bundelkhand,Rice,Rabi,1.52,ClayLoam,843.4,Tubewell,122458,1,0,66.9,85936,131836,0.5166
FC-005802,AP,AP-Rayalaseema,Groundnut,Rabi,1.27,Alluvial,970.2,Rainfed,89138,2,0,79.1,83591,10729,0.2565
FC-005803,KA,KA-South,Rice,Kharif,0.64,Alluvial,1515.1,Rainfed,65548,2,0,68.8,40000,33115,0.3389
FC-005804,PB,PB-Majha,Rice,Kharif,0.61,Alluvial,664.1,Tubewell,77515,3,0,89.4,40000,87014,0.8796
FC-005805,UP,UP-Central,Wheat,Rabi,2.16,Alluvial,1020.5,Drip,193026,1,0,84.9,144665,25009,0.1589
FC-005806,UP,UP-Bundelkhand,Wheat,Rabi,5.1,Alluvial,900.4,Rainfed,236363,1,0,67.9,287776,142400,0.3074
FC-005807,RJ,RJ-Hadoti,Cotton,Kharif,0.78,Alluvial,323.6,Rainfed,66249,2,0,66.2,40000,19017,0.6354
FC-005808,UP,UP-Eastern,Wheat,Rabi,1.11,Alluvial,967.5,Tubewell,121800,3,0,74.6,69881,103323,0.5235
FC-005809,KA,KA-Central,Millet,Kharif,2.14,Alluvial,1285.9,Tubewell,141651,2,0,28.7,55471,0,0.5951
FC-005810,TN,TN-Delta,Groundnut,Kharif,0.76,Alluvial,617.0,Tubewell,58144,2,0,96.7,43459,26835,0.3757
FC-005811,HR,HR-East,Wheat,Rabi,0.64,Alluvial,417.8,Drip,87948,1,0,73.5,40000,0,0.4706
FC-005812,TG,TG-North,Cotton,Kharif,0.8,Red,742.2,Tubewell,99217,2,0,79.7,44541,19849,0.4531
FC-005813,HR,HR-East,Wheat,Rabi,2.16,Alluvial,724.4,Canal,180533,2,0,78.6,142731,14604,0.2039
FC-005814,KA,KA-North,Mustard,Rabi,2.11,Laterite,957.7,Rainfed,153489,2,1,54.8,48848,1987,0.8072
FC-005815,GJ,GJ-Saurashtra,Groundnut,Kharif,1.47,Black,1056.5,Tubewell,85350,1,0,100.0,95561,0,0.1618
FC-005816,KA,KA-Coastal,Rice,Rabi,1.14,Black,1282.7,Drip,105941,1,0,92.7,47894,23145,0.3403
FC-005817,KA,KA-Coastal,Cotton,Kharif,0.67,Black,944.2,Drip,82343,4,0,77.6,40000,54438,0.6411
FC-005818,MP,MP-Malwa,Groundnut,Rabi,1.26,Black,990.0,Canal,102480,3,0,79.2,44631,0,0.2724
FC-005819,TN,TN-West,Sugarcane,Rabi,0.65,Black,837.2,Tubewell,117261,1,0,79.5,107933,20738,0.2688
FC-005820,UP,UP-Eastern,Wheat,Rabi,1.85,Alluvial,893.0,Tubewell,161194,4,0,54.1,86631,12740,0.3452
FC-005821,GJ,GJ-Central,Cotton,Kharif,0.68,ClayLoam,428.9,Tubewell,72754,1,1,49.2,40000,49393,0.8273
FC-005822,MH,MH-Marathwada,Wheat,Rabi,0.66,Red,882.3,Canal,58729,1,0,83.6,40000,317223,0.7125
FC-005823,TN,TN-North,Sugarcane,Rabi,1.99,Alluvial,1021.1,Canal,124386,2,0,100.0,185996,24484,0.0512
FC-005824,MP,MP-Mahakoshal,Soybean,Kharif,1.03,Black,688.2,Drip,74937,2,0,56.5,51147,8700,0.4084
FC-005825,RJ,RJ-Hadoti,Wheat,Rabi,2.18,Alluvial,486.6,Tubewell,196216,0,0,46.6,92586,263403,0.8775
FC-005826,BR,BR-South,Sugarcane,Kharif,0.79,Alluvial,1052.7,Rainfed,68623,2,0,91.1,89593,0,0.2179
FC-005827,TN,TN-West,Soybean,Kharif,2.5,Red,1386.4,Rainfed,184582,2,0,81.4,117872,0,0.2384
FC-005828,GJ,GJ-Saurashtra,Rice,Rabi,1.91,Sandy,920.8,Tubewell,106145,0,0,73.6,98366,0,0.2222
FC-005829,BR,BR-Gangetic,Rice,Kharif,0.79,Alluvial,900.1,Canal,81085,0,0,66.1,40000,0,0.6095
FC-005830,HR,HR-West,Mustard,Rabi,0.35,Sandy,600.4,Tubewell,54076,1,0,70.8,40000,36549,0.4347
FC-005831,UP,UP-Central,Wheat,Rabi,0.63,Alluvial,1063.8,Drip,77854,1,0,70.6,40000,137857,0.8427
FC-005832,KA,KA-North,Cotton,Kharif,0.54,Laterite,1638.1,Rainfed,45912,1,0,78.3,56017,24554,0.4659
FC-005833,MP,MP-Chambal,Wheat,Rabi,0.33,ClayLoam,1232.3,Canal,59326,1,0,74.1,40000,400000,0.892
FC-005834,KA,KA-North,Millet,Kharif,0.83,Laterite,1582.4,Drip,75550,1,0,56.5,40000,19869,0.5937
FC-005835,HR,HR-West,Mustard,Rabi,1.29,Alluvial,560.7,Rainfed,92897,2,0,58.7,41027,0,0.4534
FC-005836,TG,TG-Central,Cotton,Kharif,0.77,ClayLoam,890.8,Rainfed,93613,1,1,45.0,40000,77737,0.9002
FC-005837,RJ,RJ-Hadoti,Groundnut,Rabi,1.19,Sandy,409.3,Drip,129848,2,0,57.4,47730,10196,0.5784
FC-005838,TN,TN-North,Groundnut,Kharif,2.25,Black,1141.1,Rainfed,121642,4,0,46.7,102028,33155,0.3502
FC-005839,MP,MP-Bundelkhand,Millet,Kharif,1.0,Red,1098.4,Tubewell,67603,1,0,80.2,40000,54634,0.505
FC-005840,RJ,RJ-Mewar,Mustard,Rabi,1.35,Sandy,348.6,Rainfed,74247,2,0,100.0,40000,74875,0.6318
FC-005841,RJ,RJ-Marwar,Maize,Kharif,0.82,Sandy,285.1,Rainfed,61147,1,0,86.7,40000,16031,0.4905
FC-005842,MP,MP-Mahakoshal,Maize,Rabi,2.34,Black,1238.3,Canal,192525,2,0,72.9,119709,43666,0.395
FC-005843,TG,TG-South,Maize,Rabi,0.8,Red,1322.5,Drip,98669,2,0,56.5,48960,0,0.3423
FC-005844,GJ,GJ-Saurashtra,Wheat,Rabi,0.97,Alluvial,807.8,Tubewell,116391,2,0,67.4,51765,0,0.4992
FC-005845,TG,TG-North,Rice,Rabi,0.5,Sandy,1068.8,Canal,77362,0,0,85.1,40300,16397,0.3687
FC-005846,BR,BR-North,Maize,Kharif,1.96,Alluvial,1184.5,Rainfed,94612,4,0,54.0,53720,22731,0.4775
FC-005847,UP,UP-Central,Rice,Kharif,2.97,Alluvial,918.1,Rainfed,221835,5,0,95.7,212536,114128,0.3005
FC-005848,MP,MP-Chambal,Soybean,Kharif,2.33,Sandy,1064.4,Tubewell,186537,4,0,89.1,40000,1269,0.734
FC-005849,AP,AP-Coastal,Maize,Kharif,0.64,Alluvial,567.3,Tubewell,71259,1,0,60.5,40000,85960,0.8862
FC-005850,RJ,RJ-Marwar,Millet,Kharif,0.69,ClayLoam,320.8,Rainfed,73173,6,0,77.2,40000,0,0.6629
FC-005851,GJ,GJ-North,Cotton,Kharif,0.87,Sandy,595.2,Tubewell,61658,1,0,82.6,46897,10229,0.291
FC-005852,TG,TG-South,Millet,Kharif,1.92,Red,644.8,Rainfed,87491,4,0,64.3,40000,19579,0.5612
FC-005853,KA,KA-Coastal,Pulses,Kharif,1.03,Black,1425.6,Rainfed,60870,2,0,89.7,40000,0,0.2008
FC-005854,UP,UP-Western,Pulses,Kharif,0.57,Alluvial,986.4,Canal,45723,0,0,67.7,40000,0,0.199
FC-005855,UP,UP-Eastern,Sugarcane,Rabi,1.43,Alluvial,1392.0,Tubewell,130591,2,0,94.6,273422,43798,0.157
FC-005856,PB,PB-Doaba,Mustard,Rabi,1.4,Alluvial,609.2,Drip,153020,0,0,68.4,78166,16404,0.4803
FC-005857,RJ,RJ-Hadoti,Millet,Kharif,1.77,Sandy,336.5,Tubewell,151001,3,0,72.2,40000,91021,0.785
FC-005858,MP,MP-Chambal,Rice,Rabi,2.3,Alluvial,1087.9,Rainfed,162235,2,0,63.2,145574,49729,0.3423
FC-005859,MH,MH-Konkan,Maize,Kharif,0.65,Laterite,879.4,Rainfed,93239,3,0,50.4,40000,23872,0.7025
FC-005860,TN,TN-South,Cotton,Kharif,1.83,Black,1223.6,Tubewell,116143,1,0,90.7,82238,7894,0.1903
FC-005861,RJ,RJ-Shekhawati,Mustard,Rabi,1.8,ClayLoam,538.6,Rainfed,185272,1,0,74.8,100149,58732,0.3464
FC-005862,RJ,RJ-Shekhawati,Pulses,Kharif,1.03,Sandy,347.2,Rainfed,110084,3,0,74.8,40000,11078,0.668
FC-005863,MP,MP-Mahakoshal,Pulses,Rabi,3.06,Black,863.2,Tubewell,223762,1,0,83.1,153497,7591,0.1068
FC-005864,HR,HR-East,Wheat,Rabi,0.77,Alluvial,521.3,Tubewell,60069,1,0,75.9,40000,15772,0.2707
FC-005865,TG,TG-Central,Cotton,Kharif,0.67,Red,713.1,Tubewell,67552,1,0,68.5,55219,39786,0.616
FC-005866,AP,AP-Coastal,Pulses,Kharif,3.77,Black,732.8,Canal,224131,2,0,82.8,116388,38818,0.4804
FC-005867,MP,MP-Bundelkhand,Soybean,Kharif,0.58,ClayLoam,774.6,Rainfed,73009,2,0,79.1,40000,24995,0.6803
FC-005868,MH,MH-Vidarbha,Maize,Kharif,0.2,Red,742.5,Tubewell,62147,4,0,34.5,40000,18986,0.79
FC-005869,TN,TN-North,Millet,Kharif,1.38,ClayLoam,1237.1,Rainfed,104905,4,0,86.1,40000,0,0.4918
FC-005870,PB,PB-Malwa,Rice,Rabi,1.87,Alluvial,487.7,Canal,120935,1,0,81.9,68045,57459,0.7288
FC-005871,UP,UP-Western,Mustard,Rabi,2.38,Alluvial,904.9,Rainfed,147668,4,0,57.1,122951,23686,0.2522
FC-005872,TG,TG-Central,Soybean,Kharif,2.25,ClayLoam,972.6,Rainfed,213916,1,0,69.7,146250,119013,0.5378
FC-005873,RJ,RJ-Marwar,Mustard,Rabi,1.75,Sandy,481.7,Tubewell,107599,1,0,72.2,72184,19771,0.2937
FC-005874,MP,MP-Malwa,Pulses,Rabi,0.49,ClayLoam,978.6,Rainfed,47883,2,0,54.2,40000,13635,0.2582
FC-005875,GJ,GJ-Saurashtra,Wheat,Rabi,0.58,Sandy,688.4,Rainfed,54567,2,0,86.8,40000,5724,0.3597
FC-005876,TG,TG-North,Rice,Rabi,0.65,Laterite,708.9,Tubewell,79224,1,0,84.5,40000,26489,0.6595
FC-005877,KA,KA-Coastal,Soybean,Kharif,0.49,ClayLoam,1568.9,Rainfed,57407,0,0,52.0,40000,0,0.5612
FC-005878,MH,MH-Vidarbha,Sugarcane,Rabi,0.77,Laterite,806.3,Drip,64571,2,0,85.8,99013,0,0.1649
FC-005879,GJ,GJ-Central,Wheat,Rabi,0.56,Sandy,761.7,Drip,78138,4,0,86.0,40000,47848,0.6873
FC-005880,BR,BR-North,Pulses,Rabi,0.88,Alluvial,834.5,Rainfed,69327,2,0,74.8,40000,0,0.5273
FC-005881,MH,MH-Marathwada,Wheat,Rabi,3.32,Black,666.1,Tubewell,228321,2,0,87.9,173203,0,0.2602
FC-005882,MH,MH-Marathwada,Rice,Kharif,1.38,Red,797.4,Tubewell,88952,3,0,64.7,58461,26569,0.5375
FC-005883,RJ,RJ-Mewar,Millet,Kharif,2.68,Alluvial,489.4,Canal,199523,4,0,60.1,65188,15761,0.7181
FC-005884,RJ,RJ-Marwar,Groundnut,Rabi,0.8,Black,614.8,Drip,74825,0,0,74.2,40000,18075,0.3725
FC-005885,TN,TN-Delta,Sugarcane,Rabi,1.36,Laterite,1069.9,Rainfed,166101,4,0,76.6,183571,0,0.1109
FC-005886,KA,KA-Coastal,Rice,Kharif,0.85,Black,764.9,Canal,58135,1,0,70.3,40344,17104,0.4659
FC-005887,TN,TN-Delta,Sugarcane,Kharif,2.07,Black,876.2,Rainfed,258822,4,0,79.7,407074,20612,0.1649
FC-005888,TN,TN-West,Rice,Kharif,1.25,Red,948.9,Canal,145178,1,0,56.9,83793,43206,0.4849
FC-005889,PB,PB-Majha,Wheat,Rabi,1.44,Alluvial,612.2,Tubewell,98531,3,0,81.5,89261,22260,0.3502
FC-005890,PB,PB-Malwa,Wheat,Rabi,3.73,Sandy,679.3,Drip,249073,3,0,83.0,233836,21616,0.2396
FC-005891,AP,AP-Rayalaseema,Maize,Kharif,3.09,Black,945.6,Drip,276081,1,0,73.0,179340,16060,0.2275
FC-005892,BR,BR-North,Rice,Rabi,0.64,Red,1050.7,Canal,49934,1,1,69.0,40000,107782,0.8562
FC-005893,BR,BR-South,Maize,Kharif,3.32,ClayLoam,978.5,Tubewell,279641,0,0,87.4,138275,185691,0.6562
FC-005894,PB,PB-Doaba,Wheat,Rabi,1.17,Alluvial,614.0,Tubewell,74601,3,0,78.4,112348,0,0.1112
FC-005895,AP,AP-Upland,Rice,Kharif,1.71,ClayLoam,597.6,Canal,143483,1,0,65.1,98829,14075,0.4905
FC-005896,GJ,GJ-Central,Cotton,Kharif,0.65,Sandy,576.4,Tubewell,92791,2,0,71.5,42170,14981,0.6543
FC-005897,HR,HR-East,Mustard,Rabi,1.59,Alluvial,561.9,Rainfed,139807,1,1,46.4,62071,96133,0.7973
FC-005898,KA,KA-South,Wheat,Rabi,0.96,Black,1609.1,Tubewell,110597,2,0,79.0,54844,3554,0.4955
FC-005899,BR,BR-South,Rice,Rabi,1.14,Alluvial,1198.0,Rainfed,89308,1,0,81.6,66304,92082,0.4827
FC-005900,UP,UP-Central,Rice,Rabi,1.96,Sandy,1088.6,Rainfed,135023,0,0,86.0,95644,0,0.1753
FC-005901,BR,BR-North,Rice,Rabi,0.5,Alluvial,1500.6,Canal,64359,1,0,79.2,40000,46644,0.3917
FC-005902,MH,MH-Marathwada,Cotton,Kharif,1.48,Black,736.7,Canal,119961,1,0,73.4,158712,21128,0.172
FC-005903,UP,UP-Eastern,Wheat,Rabi,3.12,ClayLoam,1172.8,Rainfed,167576,3,0,78.9,152347,14784,0.2295
FC-005904,PB,PB-Doaba,Rice,Kharif,2.72,Alluvial,581.4,Rainfed,272904,2,0,100.0,189521,15925,0.2368
FC-005905,RJ,RJ-Marwar,Millet,Kharif,0.64,ClayLoam,402.8,Rainfed,64152,0,0,47.7,40000,31498,0.6476
FC-005906,UP,UP-Eastern,Rice,Rabi,0.69,Alluvial,931.0,Canal,66070,4,0,83.3,50261,18330,0.1834
FC-005907,MP,MP-Malwa,Mustard,Rabi,1.2,Black,1259.5,Tubewell,118282,2,0,89.2,67729,13190,0.1972
FC-005908,MP,MP-Mahakoshal,Maize,Kharif,0.47,Red,559.7,Rainfed,53435,1,0,69.4,40000,103272,0.9402
FC-005909,MH,MH-Vidarbha,Soybean,Kharif,2.33,Laterite,712.0,Tubewell,144053,2,0,99.7,101939,16389,0.2474
FC-005910,PB,PB-Majha,Wheat,Rabi,1.56,Alluvial,660.7,Drip,137465,1,0,44.5,117089,0,0.2526
FC-005911,BR,BR-North,Wheat,Rabi,0.85,ClayLoam,1245.2,Drip,95834,1,1,29.8,40000,19997,0.8376
FC-005912,HR,HR-West,Mustard,Rabi,1.23,Alluvial,753.0,Canal,123982,0,0,59.4,100379,17333,0.3106
FC-005913,AP,AP-Rayalaseema,Cotton,Kharif,1.31,Black,1262.1,Tubewell,96327,2,0,48.6,146213,0,0.2456
FC-005914,MP,MP-Malwa,Pulses,Rabi,1.78,Sandy,895.6,Canal,177055,2,0,87.8,69581,72710,0.6481
FC-005915,BR,BR-South,Wheat,Rabi,0.83,Alluvial,1269.6,Canal,67969,2,0,63.0,60213,2770,0.2883
FC-005916,RJ,RJ-Hadoti,Groundnut,Kharif,2.99,ClayLoam,446.5,Canal,127179,1,0,55.0,55254,4352,0.4675
FC-005917,RJ,RJ-Mewar,Millet,Kharif,0.82,Sandy,250.0,Drip,73071,3,0,84.9,40000,0,0.3546
FC-005918,AP,AP-Upland,Pulses,Kharif,6.85,Red,1010.1,Canal,407801,2,0,64.2,262212,19881,0.2095
FC-005919,RJ,RJ-Hadoti,Mustard,Rabi,0.64,Alluvial,386.1,Drip,63723,5,0,89.7,40000,49423,0.4573
FC-005920,TG,TG-Central,Millet,Kharif,0.78,Black,978.0,Rainfed,92297,5,0,91.0,40000,0,0.3521
FC-005921,MH,MH-Marathwada,Cotton,Kharif,1.94,Black,688.4,Tubewell,196733,3,0,73.6,135851,7078,0.3459
FC-005922,AP,AP-Rayalaseema,Groundnut,Kharif,0.5,Red,545.9,Canal,56654,3,1,59.8,40000,66464,0.7958
FC-005923,UP,UP-Western,Sugarcane,Kharif,0.74,Alluvial,722.0,Canal,123582,3,0,75.5,116911,15028,0.4089
FC-005924,UP,UP-Central,Maize,Kharif,0.62,Alluvial,1135.1,Canal,85815,3,0,100.0,40000,0,0.3105
FC-005925,UP,UP-Western,Sugarcane,Rabi,0.63,Alluvial,1027.1,Rainfed,91438,2,0,60.9,115535,126796,0.5586
FC-005926,HR,HR-West,Wheat,Rabi,1.53,Red,703.1,Tubewell,133658,3,0,79.5,76766,38166,0.3887
FC-005927,MH,MH-Vidarbha,Cotton,Kharif,0.65,Black,1116.9,Canal,59436,5,0,68.0,45181,12184,0.2503
FC-005928,TN,TN-West,Rice,Rabi,2.31,Alluvial,832.7,Canal,196738,1,0,78.8,145252,87661,0.3176
FC-005929,PB,PB-Doaba,Wheat,Rabi,5.72,Alluvial,599.9,Canal,469097,3,0,46.3,464886,9206,0.2402
FC-005930,MH,MH-Marathwada,Soybean,Kharif,1.35,Red,1103.2,Tubewell,94734,3,0,78.3,69238,0,0.1391
FC-005931,HR,HR-South,Cotton,Kharif,1.15,Sandy,726.3,Tubewell,87961,2,0,67.8,72759,9006,0.2052
FC-005932,GJ,GJ-Saurashtra,Groundnut,Kharif,3.08,ClayLoam,1196.6,Tubewell,177833,3,0,100.0,159410,52844,0.1957
FC-005933,TN,TN-South,Rice,Rabi,1.53,Black,1024.4,Tubewell,81046,4,0,82.8,65045,3378,0.128
FC-005934,BR,BR-South,Pulses,Rabi,2.24,Alluvial,1506.4,Drip,96659,1,0,75.1,45341,68161,0.5154
FC-005935,BR,BR-Gangetic,Rice,Kharif,1.71,Alluvial,1158.6,Tubewell,98418,4,0,98.7,136203,12193,0.1351
FC-005936,TN,TN-Delta,Millet,Kharif,0.62,Alluvial,639.4,Tubewell,49792,2,0,68.8,40000,0,0.3067
FC-005937,UP,UP-Bundelkhand,Wheat,Rabi,2.05,Alluvial,843.8,Canal,135165,1,0,75.7,123908,34500,0.3123
FC-005938,TN,TN-West,Sugarcane,Rabi,0.41,ClayLoam,762.5,Rainfed,44363,3,0,64.5,71359,52053,0.5107
FC-005939,PB,PB-Majha,Rice,Rabi,0.35,Alluvial,666.0,Drip,52324,2,0,87.0,40000,14250,0.2913
FC-005940,HR,HR-South,Cotton,Kharif,3.17,Alluvial,548.2,Canal,200027,3,0,84.5,203390,62711,0.1599
FC-005941,KA,KA-South,Groundnut,Rabi,1.6,Alluvial,821.8,Canal,101588,5,0,38.1,95577,33226,0.2922
FC-005942,BR,BR-Gangetic,Maize,Kharif,4.85,Alluvial,1124.7,Tubewell,433211,3,0,49.8,278724,77529,0.268
FC-005943,BR,BR-North,Wheat,Rabi,2.26,Alluvial,1152.3,Tubewell,214583,1,0,72.4,165123,52178,0.2844
FC-005944,MH,MH-Western,Sugarcane,Rabi,1.39,Black,870.4,Canal,177868,3,0,67.9,203352,73907,0.2678
FC-005945,PB,PB-Malwa,Wheat,Rabi,0.33,Alluvial,858.5,Rainfed,69996,3,0,74.0,40000,7540,0.4518
FC-005946,MP,MP-Malwa,Pulses,Kharif,1.07,Alluvial,1167.5,Canal,68585,1,0,75.8,40000,27434,0.3377
FC-005947,TN,TN-North,Rice,Kharif,1.9,Black,422.2,Tubewell,173650,1,1,56.8,74918,83509,0.8657
FC-005948,AP,AP-Upland,Soybean,Kharif,1.21,Red,1004.5,Rainfed,88008,2,0,70.9,57670,8185,0.3141
FC-005949,TN,TN-Delta,Rice,Kharif,1.16,Alluvial,747.8,Tubewell,124486,1,0,77.0,111415,17409,0.243
FC-005950,RJ,RJ-Hadoti,Wheat,Rabi,2.55,Sandy,609.5,Rainfed,202679,2,0,79.0,97208,12622,0.4172
FC-005951,KA,KA-Central,Cotton,Kharif,2.34,ClayLoam,1382.2,Tubewell,139550,1,0,68.3,109887,16924,0.2616
FC-005952,RJ,RJ-Hadoti,Millet,Kharif,1.22,Black,507.3,Canal,92038,1,1,9.4,40000,89048,0.8692
FC-005953,UP,UP-Bundelkhand,Wheat,Rabi,0.55,Alluvial,944.0,Rainfed,81509,2,0,72.6,40000,23773,0.6743
FC-005954,GJ,GJ-South,Pulses,Kharif,0.99,Alluvial,780.2,Tubewell,70239,4,0,91.6,40000,41162,0.4327
FC-005955,MH,MH-Vidarbha,Wheat,Rabi,0.99,Black,868.0,Drip,74799,1,0,80.7,46507,6172,0.2471
FC-005956,TN,TN-South,Pulses,Kharif,3.69,Sandy,1103.3,Rainfed,274052,2,0,100.0,171985,8048,0.1138
FC-005957,GJ,GJ-North,Rice,Rabi,0.26,Red,643.6,Rainfed,57141,1,0,60.6,40000,39785,0.9046
FC-005958,HR,HR-South,Mustard,Rabi,1.67,Sandy,647.7,Tubewell,136869,2,0,93.7,69479,71169,0.3415
FC-005959,BR,BR-South,Rice,Kharif,1.49,Red,1089.9,Canal,126157,0,0,50.3,97605,20624,0.2809
FC-005960,MP,MP-Malwa,Pulses,Kharif,0.63,Red,887.2,Rainfed,75241,1,0,74.3,40000,19812,0.5858
FC-005961,UP,UP-Eastern,Wheat,Rabi,6.11,Alluvial,635.1,Tubewell,331672,0,0,92.7,349548,64349,0.2488
FC-005962,MH,MH-Western,Soybean,Kharif,1.84,Black,788.5,Tubewell,112150,4,0,58.5,81136,112446,0.6787
FC-005963,BR,BR-Gangetic,Sugarcane,Rabi,0.86,ClayLoam,975.1,Rainfed,92990,0,0,100.0,109725,16120,0.281
FC-005964,TG,TG-North,Rice,Rabi,4.3,Sandy,782.4,Canal,249289,1,0,71.9,449365,21322,0.1301
FC-005965,HR,HR-West,Mustard,Rabi,1.5,Alluvial,590.1,Rainfed,122216,4,0,100.0,103180,30774,0.1748
FC-005966,TN,TN-West,Maize,Rabi,0.49,Sandy,1393.2,Canal,40765,4,0,67.9,40000,165145,0.7665
FC-005967,TG,TG-Central,Soybean,Kharif,0.98,Red,854.3,Drip,74438,6,0,95.2,40000,2630,0.3752
FC-005968,MH,MH-Konkan,Pulses,Kharif,1.04,Alluvial,1040.9,Drip,57686,6,0,78.8,40000,21587,0.3418
FC-005969,UP,UP-Western,Wheat,Rabi,1.02,Alluvial,780.7,Canal,111963,2,1,38.7,55643,37785,0.822
FC-005970,MH,MH-Konkan,Sugarcane,Kharif,0.71,Black,904.9,Drip,91915,2,0,82.7,155409,0,0.1323
FC-005971,RJ,RJ-Hadoti,Pulses,Rabi,1.18,ClayLoam,442.9,Tubewell,74982,1,0,74.8,42561,40085,0.4248
FC-005972,UP,UP-Bundelkhand,Maize,Kharif,1.63,ClayLoam,736.8,Tubewell,81181,2,0,100.0,46886,0,0.2164
FC-005973,UP,UP-Eastern,Wheat,Rabi,0.92,Alluvial,1146.6,Tubewell,93265,3,0,65.4,58141,0,0.3084
FC-005974,AP,AP-Rayalaseema,Rice,Rabi,3.93,ClayLoam,1123.6,Rainfed,394052,1,0,57.8,294833,10431,0.477
FC-005975,KA,KA-Central,Rice,Kharif,0.91,Black,1582.2,Rainfed,57380,1,0,73.2,51606,19100,0.2208
FC-005976,AP,AP-Coastal,Rice,Rabi,0.53,Alluvial,984.4,Rainfed,44923,2,0,90.3,40000,16339,0.2662
FC-005977,GJ,GJ-South,Cotton,Kharif,2.57,Black,744.5,Tubewell,208074,3,0,86.8,134551,15060,0.2407
FC-005978,PB,PB-Doaba,Wheat,Rabi,0.31,Alluvial,735.6,Rainfed,63359,2,0,81.1,40000,0,0.2824
FC-005979,TG,TG-North,Cotton,Kharif,2.23,Black,1118.7,Rainfed,242516,1,0,93.3,288858,19249,0.2425
FC-005980,AP,AP-Upland,Pulses,Kharif,0.8,Black,800.4,Tubewell,62698,0,0,78.1,40000,107005,0.7526
FC-005981,PB,PB-Doaba,Rice,Kharif,2.86,Sandy,731.5,Canal,145092,2,0,66.5,176476,15641,0.1025
FC-005982,PB,PB-Doaba,Wheat,Rabi,2.35,Alluvial,813.7,Drip,138450,3,0,81.3,98882,3760,0.2166
FC-005983,RJ,RJ-Hadoti,Millet,Kharif,1.29,Sandy,605.6,Canal,83414,0,0,52.4,40000,16523,0.5264
FC-005984,AP,AP-Rayalaseema,Groundnut,Kharif,2.66,ClayLoam,1306.6,Canal,251478,0,0,78.9,132389,0,0.3429
FC-005985,PB,PB-Doaba,Rice,Kharif,2.38,Alluvial,589.7,Rainfed,195491,3,1,54.5,137719,216932,0.7984
FC-005986,MH,MH-Western,Soybean,Kharif,0.58,Alluvial,1110.6,Rainfed,58229,1,0,76.4,40000,37174,0.4611
FC-005987,TN,TN-South,Groundnut,Rabi,7.85,Black,810.3,Canal,330822,2,0,58.8,313848,32786,0.235
FC-005988,MP,MP-Mahakoshal,Pulses,Rabi,5.11,Laterite,965.6,Tubewell,394287,4,0,77.1,201243,2493,0.3418
FC-005989,BR,BR-South,Rice,Rabi,0.62,Alluvial,1086.3,Canal,71186,2,0,86.3,42656,0,0.198
FC-005990,GJ,GJ-Central,Pulses,Kharif,0.5,ClayLoam,1043.0,Canal,45319,0,0,100.0,40000,16199,0.2383
FC-005991,MP,MP-Chambal,Wheat,Rabi,1.2,Alluvial,1145.2,Canal,145484,4,0,88.8,91453,44432,0.2513
FC-005992,HR,HR-South,Wheat,Rabi,2.51,Alluvial,346.9,Tubewell,202965,0,0,87.5,167590,0,0.2298
FC-005993,TG,TG-Central,Rice,Kharif,0.4,Black,594.4,Canal,56721,3,1,31.1,40000,98640,0.8684
FC-005994,HR,HR-East,Sugarcane,Rabi,1.89,ClayLoam,586.3,Canal,257030,2,0,74.0,288457,0,0.176
FC-005995,RJ,RJ-Marwar,Wheat,Rabi,0.98,Sandy,629.7,Canal,85995,1,0,42.0,48782,0,0.3751
FC-005996,PB,PB-Malwa,Cotton,Kharif,0.36,Alluvial,630.4,Drip,70666,2,0,77.1,40000,14764,0.4669
FC-005997,UP,UP-Western,Soybean,Kharif,2.03,Alluvial,979.6,Rainfed,134071,4,0,48.0,92513,26410,0.512
FC-005998,MP,MP-Chambal,Maize,Kharif,1.84,Red,859.6,Canal,143158,6,0,57.5,110454,52544,0.3772
FC-005999,TN,TN-West,Rice,Kharif,2.78,Red,713.0,Rainfed,178177,3,0,100.0,87522,192955,0.7945
FC-006000,TN,TN-Delta,Maize,Rabi,0.61,Black,732.7,Drip,87541,3,0,69.0,40000,45572,0.7283
FC-006001,PB,PB-Doaba,Rice,Kharif,2.05,Alluvial,545.0,Tubewell,202829,1,0,83.8,92464,6226,0.5732
FC-006002,PB,PB-Majha,Rice,Rabi,0.44,Alluvial,449.9,Tubewell,75130,1,0,92.7,40000,0,0.4704
FC-006003,AP,AP-Upland,Cotton,Kharif,0.63,Black,898.4,Tubewell,54766,2,0,57.7,40000,22242,0.5255
FC-006004,UP,UP-Eastern,Rice,Kharif,0.83,Alluvial,956.1,Drip,73769,0,0,86.6,58965,0,0.1321
FC-006005,AP,AP-Rayalaseema,Wheat,Rabi,1.55,Red,1246.6,Rainfed,126422,1,0,100.0,50047,0,0.3776
FC-006006,KA,KA-North,Soybean,Kharif,1.06,Red,855.5,Drip,84541,1,0,73.7,59388,32817,0.4518
FC-006007,PB,PB-Majha,Maize,Kharif,1.63,Alluvial,629.0,Tubewell,128883,1,0,64.2,41917,16527,0.6173
FC-006008,BR,BR-North,Maize,Rabi,0.7,ClayLoam,912.3,Rainfed,86019,3,0,83.8,40000,12989,0.6247
FC-006009,MP,MP-Malwa,Soybean,Kharif,1.34,Black,1183.5,Tubewell,151502,2,0,85.7,77007,15624,0.3245
FC-006010,MP,MP-Chambal,Cotton,Kharif,0.74,ClayLoam,1273.6,Tubewell,79014,4,0,63.0,40000,29876,0.5997
FC-006011,AP,AP-Rayalaseema,Rice,Rabi,4.86,ClayLoam,1369.4,Tubewell,436169,3,0,49.4,278664,0,0.3112
FC-006012,BR,BR-Gangetic,Wheat,Rabi,1.36,Alluvial,1253.3,Canal,99465,3,0,71.5,86672,3856,0.209
FC-006013,TN,TN-South,Millet,Kharif,2.01,Alluvial,919.3,Rainfed,106111,4,0,47.7,40000,0,0.5789
FC-006014,MH,MH-Marathwada,Millet,Kharif,2.29,Red,967.3,Rainfed,199486,0,1,57.8,42559,43067,0.8451
FC-006015,GJ,GJ-Central,Millet,Kharif,0.9,Alluvial,788.6,Tubewell,62331,1,0,79.5,40000,18798,0.2637
FC-006016,AP,AP-Rayalaseema,Rice,Rabi,2.33,Black,1021.7,Canal,123623,3,0,100.0,184578,29492,0.0961
FC-006017,BR,BR-South,Rice,Rabi,0.62,Alluvial,1372.2,Rainfed,77751,2,0,64.9,40000,6847,0.4744
FC-006018,PB,PB-Majha,Wheat,Rabi,1.43,Alluvial,783.0,Rainfed,84070,2,0,58.0,96215,17451,0.2904
FC-006019,AP,AP-Coastal,Rice,Kharif,2.08,Alluvial,973.4,Rainfed,192289,3,0,54.8,89673,6091,0.5311
FC-006020,AP,AP-Rayalaseema,Rice,Rabi,3.83,Red,1128.2,Tubewell,340988,2,0,56.5,281674,0,0.2767
FC-006021,MH,MH-Konkan,Maize,Rabi,1.24,Red,1129.2,Tubewell,95493,4,0,73.6,49319,50980,0.56
FC-006022,KA,KA-South,Mustard,Rabi,0.97,Red,1195.9,Canal,60674,1,0,68.4,60972,0,0.1576
FC-006023,MH,MH-Marathwada,Soybean,Kharif,0.72,Black,464.9,Rainfed,80044,5,0,90.7,40000,6366,0.6863
FC-006024,TN,TN-North,Maize,Rabi,0.55,ClayLoam,1123.5,Canal,73717,2,0,85.9,40000,67823,0.6683
FC-006025,GJ,GJ-South,Groundnut,Rabi,0.59,Alluvial,1255.2,Drip,90076,2,0,82.3,46651,7525,0.3083
FC-006026,PB,PB-Malwa,Rice,Kharif,6.87,Alluvial,680.8,Rainfed,406304,1,0,74.4,257075,0,0.2796
FC-006027,MH,MH-Vidarbha,Cotton,Kharif,0.98,Black,1029.6,Tubewell,65111,2,0,62.0,63985,0,0.1676
FC-006028,GJ,GJ-North,Cotton,Kharif,1.4,Black,1054.6,Drip,131475,3,0,50.9,93239,79421,0.4978
FC-006029,MH,MH-Vidarbha,Soybean,Kharif,1.62,Black,922.9,Rainfed,109435,3,0,86.9,70859,47552,0.288
FC-006030,KA,KA-Coastal,Millet,Kharif,1.77,Red,785.2,Canal,165794,3,0,57.3,40000,68156,0.7792
FC-006031,GJ,GJ-Central,Cotton,Kharif,1.43,ClayLoam,837.1,Rainfed,89156,1,0,51.9,90764,0,0.2439
FC-006032,KA,KA-South,Rice,Rabi,7.89,Alluvial,1277.2,Rainfed,640686,3,0,53.5,322853,0,0.3694
FC-006033,UP,UP-Eastern,Rice,Kharif,0.33,Alluvial,727.7,Drip,37292,5,0,74.2,40000,10415,0.2915
FC-006034,MH,MH-Konkan,Wheat,Rabi,1.95,ClayLoam,959.4,Drip,117018,3,0,58.8,99644,76475,0.3476
FC-006035,BR,BR-Gangetic,Wheat,Rabi,1.11,Alluvial,1155.3,Canal,102177,2,0,77.3,69955,10589,0.2799
FC-006036,PB,PB-Majha,Wheat,Rabi,1.41,ClayLoam,752.0,Rainfed,113136,3,0,54.7,91979,37271,0.2302
FC-006037,BR,BR-Gangetic,Rice,Kharif,1.81,Alluvial,1117.9,Drip,113707,4,0,85.3,86536,0,0.1838
FC-006038,MP,MP-Mahakoshal,Soybean,Kharif,0.95,Black,1122.0,Drip,65003,4,0,55.0,40000,32445,0.4683
FC-006039,RJ,RJ-Marwar,Millet,Kharif,1.7,ClayLoam,256.6,Tubewell,157264,3,1,27.1,40000,0,0.8753
FC-006040,MH,MH-Western,Soybean,Kharif,1.25,Black,1161.6,Drip,130482,4,0,57.5,40000,30982,0.7275
FC-006041,PB,PB-Malwa,Maize,Rabi,10.0,Alluvial,752.3,Canal,783201,5,0,52.7,345317,38799,0.5047
FC-006042,AP,AP-Upland,Cotton,Kharif,1.46,Red,952.5,Drip,142061,1,0,70.8,105935,9420,0.2498
FC-006043,UP,UP-Central,Sugarcane,Kharif,1.16,Alluvial,933.1,Drip,168240,3,0,89.9,161287,6800,0.2892
FC-006044,UP,UP-Western,Rice,Rabi,2.73,Alluvial,711.5,Rainfed,250707,3,0,84.3,138250,89471,0.7291
FC-006045,MH,MH-Western,Wheat,Rabi,6.16,ClayLoam,719.9,Canal,407483,1,0,68.4,351390,15402,0.2243
FC-006046,AP,AP-Coastal,Pulses,Rabi,0.46,ClayLoam,686.8,Tubewell,71572,3,0,58.1,40000,69801,0.8948
FC-006047,MH,MH-Western,Pulses,Rabi,0.36,Laterite,532.5,Drip,65773,3,0,44.7,40000,7714,0.4432
FC-006048,MH,MH-Konkan,Cotton,Kharif,4.09,ClayLoam,655.1,Rainfed,279969,1,0,100.0,310716,0,0.3434
FC-006049,GJ,GJ-Central,Wheat,Rabi,1.29,Black,642.2,Tubewell,92475,2,0,86.5,42061,0,0.3733
FC-006050,RJ,RJ-Shekhawati,Millet,Kharif,0.49,Sandy,638.9,Rainfed,43578,0,0,92.2,40000,24394,0.2447
FC-006051,UP,UP-Bundelkhand,Mustard,Rabi,2.57,Sandy,1091.7,Canal,196347,2,0,59.8,130881,12041,0.27
FC-006052,MP,MP-Mahakoshal,Maize,Kharif,1.61,Black,1049.4,Drip,160626,1,0,67.2,59833,0,0.2608
FC-006053,TG,TG-South,Pulses,Kharif,1.28,Red,593.3,Tubewell,124401,2,0,77.7,40000,13029,0.6102
FC-006054,UP,UP-Eastern,Wheat,Rabi,2.2,Alluvial,1194.5,Drip,157510,3,0,84.0,90832,103601,0.3567
FC-006055,MH,MH-Vidarbha,Wheat,Rabi,0.54,Alluvial,794.3,Canal,63989,3,0,85.3,40000,13436,0.3333
FC-006056,UP,UP-Bundelkhand,Rice,Kharif,0.41,Alluvial,1051.3,Tubewell,59202,1,0,87.2,41123,16948,0.3931
FC-006057,TN,TN-Delta,Groundnut,Rabi,0.6,Red,1123.8,Tubewell,65091,2,0,81.5,40000,56073,0.3912
FC-006058,AP,AP-Upland,Pulses,Kharif,1.13,Black,530.9,Drip,117156,0,0,95.0,41967,12093,0.5105
FC-006059,RJ,RJ-Shekhawati,Pulses,Kharif,1.1,Sandy,453.6,Canal,72108,4,0,90.2,40000,22087,0.3981
FC-006060,UP,UP-Bundelkhand,Rice,Kharif,3.38,Alluvial,1106.6,Rainfed,327504,1,0,100.0,310571,0,0.1721
FC-006061,MP,MP-Chambal,Soybean,Kharif,1.17,Red,1041.4,Rainfed,109022,2,0,92.9,40000,0,0.5924
FC-006062,TN,TN-Delta,Maize,Kharif,0.59,Red,757.3,Tubewell,76237,7,0,78.9,40000,0,0.2562
FC-006063,PB,PB-Malwa,Rice,Rabi,2.86,Alluvial,653.3,Tubewell,155943,1,0,88.1,107330,18860,0.2304
FC-006064,PB,PB-Majha,Wheat,Rabi,0.81,Alluvial,479.5,Canal,74948,4,0,72.1,40000,28117,0.4823
FC-006065,TN,TN-West,Sugarcane,Kharif,1.67,Black,1170.6,Tubewell,118739,3,0,55.9,178208,373190,0.5471
FC-006066,UP,UP-Eastern,Rice,Kharif,1.24,Alluvial,1215.4,Drip,84009,5,0,91.3,81862,44023,0.2978
FC-006067,BR,BR-Gangetic,Wheat,Rabi,3.23,ClayLoam,1220.1,Canal,242081,4,0,100.0,289474,29673,0.0697
FC-006068,GJ,GJ-North,Cotton,Kharif,0.89,Alluvial,1047.6,Tubewell,101877,2,0,54.2,87377,8166,0.2675
FC-006069,UP,UP-Eastern,Maize,Kharif,0.71,Alluvial,660.8,Tubewell,57198,1,0,80.1,40000,57426,0.6606
FC-006070,AP,AP-Coastal,Cotton,Kharif,0.68,Alluvial,379.0,Canal,58197,2,0,58.5,40000,94357,0.9059
FC-006071,MH,MH-Western,Soybean,Kharif,1.49,Black,797.5,Tubewell,77304,0,0,89.3,62012,0,0.1988
FC-006072,BR,BR-Gangetic,Wheat,Rabi,1.12,Alluvial,1271.9,Canal,135278,0,0,78.6,84424,37156,0.3178
FC-006073,TG,TG-Central,Maize,Rabi,1.84,Sandy,1413.4,Rainfed,98096,1,0,70.2,54550,6475,0.5149
FC-006074,UP,UP-Bundelkhand,Mustard,Rabi,1.48,Alluvial,1042.1,Canal,142538,2,0,80.4,80851,12596,0.2459
FC-006075,TN,TN-Delta,Rice,Kharif,0.59,Red,1058.1,Canal,62558,3,0,61.4,40000,21398,0.3425
FC-006076,AP,AP-Rayalaseema,Rice,Kharif,1.45,Alluvial,973.4,Rainfed,129838,3,0,78.9,77420,3481,0.17
FC-006077,BR,BR-South,Rice,Kharif,1.26,Alluvial,846.0,Canal,120710,3,0,73.1,57988,48563,0.7182
FC-006078,RJ,RJ-Mewar,Millet,Kharif,0.24,ClayLoam,313.3,Canal,55407,1,0,71.0,40000,4308,0.3514
FC-006079,UP,UP-Bundelkhand,Wheat,Rabi,1.3,Alluvial,747.3,Tubewell,70635,3,0,93.7,69173,0,0.1358
FC-006080,HR,HR-West,Rice,Kharif,0.65,Alluvial,432.5,Rainfed,52796,2,0,59.7,40000,34113,0.5776
FC-006081,AP,AP-Coastal,Rice,Rabi,0.78,ClayLoam,804.5,Tubewell,66532,1,1,33.7,48422,108254,0.8995
FC-006082,GJ,GJ-North,Groundnut,Kharif,0.2,Alluvial,1030.2,Rainfed,45742,3,1,17.5,40000,42832,0.8281
FC-006083,BR,BR-South,Rice,Rabi,0.87,Alluvial,842.1,Canal,74061,5,0,89.3,56967,192749,0.8233
FC-006084,MP,MP-Bundelkhand,Maize,Kharif,1.09,ClayLoam,1331.0,Canal,68456,1,0,91.5,55126,0,0.1198
FC-006085,RJ,RJ-Mewar,Wheat,Rabi,0.72,Sandy,502.4,Tubewell,89046,1,1,43.1,40000,48124,0.7924
FC-006086,TN,TN-South,Groundnut,Kharif,2.78,Red,1018.1,Drip,273246,3,0,100.0,192378,98719,0.1238
FC-006087,HR,HR-East,Rice,Kharif,0.63,ClayLoam,472.8,Rainfed,77948,1,0,97.7,40000,9603,0.5285
FC-006088,TN,TN-West,Sugarcane,Rabi,2.61,Alluvial,938.6,Rainfed,359549,2,0,77.7,550525,20454,0.2892
FC-006089,UP,UP-Central,Rice,Rabi,1.79,Alluvial,863.7,Canal,135518,2,0,74.2,84397,9199,0.4605
FC-006090,KA,KA-South,Sugarcane,Rabi,2.43,Black,1272.7,Tubewell,219526,4,0,84.5,415935,30146,0.0706
FC-006091,BR,BR-Gangetic,Rice,Rabi,0.62,ClayLoam,1216.7,Canal,53604,1,0,40.7,40000,26044,0.5609
FC-006092,PB,PB-Majha,Wheat,Rabi,2.17,Alluvial,751.3,Drip,174586,4,0,87.2,161954,15201,0.1815
FC-006093,MH,MH-Konkan,Maize,Rabi,1.1,Red,907.6,Rainfed,122059,2,0,100.0,40000,266709,0.6333
FC-006094,TG,TG-Central,Soybean,Kharif,0.47,Alluvial,910.8,Rainfed,51993,0,0,66.2,40000,30891,0.5939
FC-006095,UP,UP-Eastern,Sugarcane,Rabi,1.25,Alluvial,1005.4,Tubewell,110249,5,0,83.6,220763,34145,0.1913
FC-006096,AP,AP-Upland,Rice,Kharif,0.81,Black,1193.7,Tubewell,99816,1,0,93.2,40503,32254,0.703
FC-006097,UP,UP-Western,Mustard,Rabi,1.47,Laterite,900.8,Rainfed,145635,1,0,53.7,40000,121880,0.8383
FC-006098,GJ,GJ-North,Wheat,Rabi,1.15,Red,769.8,Tubewell,99419,1,0,99.8,63046,50154,0.3913
FC-006099,MP,MP-Mahakoshal,Rice,Rabi,1.26,Black,935.7,Rainfed,134445,2,0,100.0,58033,0,0.387
FC-006100,HR,HR-West,Rice,Rabi,3.28,Alluvial,694.6,Canal,270500,1,0,62.0,220382,79900,0.2296
FC-006101,HR,HR-East,Wheat,Rabi,2.41,Alluvial,484.9,Canal,166640,2,0,85.0,140908,9766,0.1973
FC-006102,KA,KA-Coastal,Pulses,Kharif,1.19,ClayLoam,629.3,Tubewell,98998,3,1,63.8,40000,27368,0.8021
FC-006103,HR,HR-South,Wheat,Rabi,0.36,Alluvial,407.8,Drip,65260,2,0,89.6,40000,63125,0.6529
FC-006104,KA,KA-North,Groundnut,Rabi,4.19,ClayLoam,815.1,Canal,297097,3,0,72.7,215984,7249,0.1983
FC-006105,UP,UP-Eastern,Wheat,Rabi,1.79,ClayLoam,1068.7,Canal,95941,2,0,100.0,124015,11812,0.1153
FC-006106,KA,KA-South,Mustard,Rabi,0.61,Laterite,1577.4,Rainfed,53879,1,1,32.4,40000,245642,0.8323
FC-006107,MH,MH-Marathwada,Cotton,Kharif,0.47,Laterite,998.4,Rainfed,42431,2,1,5.0,40000,165316,0.9504
FC-006108,TG,TG-South,Maize,Rabi,1.38,Sandy,968.7,Drip,79103,5,0,77.0,40143,0,0.2373
FC-006109,KA,KA-North,Pulses,Kharif,0.74,ClayLoam,968.9,Rainfed,98208,1,0,67.6,40000,0,0.7336
FC-006110,KA,KA-South,Pulses,Rabi,0.53,Laterite,1033.4,Canal,52215,1,0,86.3,40000,7482,0.1993
FC-006111,HR,HR-East,Millet,Kharif,2.42,Sandy,818.6,Rainfed,200755,0,0,76.4,52320,41856,0.7218
FC-006112,TG,TG-South,Millet,Kharif,1.88,Sandy,710.4,Canal,116472,2,0,64.5,44242,2470,0.4694
FC-006113,BR,BR-Gangetic,Pulses,Kharif,2.14,Alluvial,1142.2,Rainfed,145133,1,0,64.8,90483,7258,0.2864
FC-006114,BR,BR-Gangetic,Wheat,Rabi,3.27,Alluvial,1005.2,Drip,172177,0,0,69.7,224877,266434,0.1917
FC-006115,TN,TN-South,Soybean,Kharif,1.54,Alluvial,1209.7,Canal,137247,3,0,87.9,88610,21168,0.2612
FC-006116,MP,MP-Chambal,Wheat,Rabi,1.13,ClayLoam,1041.1,Tubewell,125687,1,0,80.3,90091,57800,0.3592
FC-006117,MH,MH-Vidarbha,Soybean,Kharif,2.41,Laterite,1202.9,Rainfed,148500,0,0,79.3,100319,33883,0.3431
FC-006118,UP,UP-Eastern,Sugarcane,Rabi,1.39,Alluvial,937.7,Drip,117330,0,0,59.7,262086,77540,0.155
FC-006119,UP,UP-Western,Sugarcane,Rabi,0.79,Alluvial,838.9,Canal,116055,0,0,100.0,133940,0,0.0744
FC-006120,HR,HR-West,Rice,Rabi,0.86,Alluvial,593.5,Tubewell,75116,3,0,82.7,47814,40017,0.4739
FC-006121,TN,TN-South,Rice,Rabi,2.33,Laterite,922.8,Canal,201026,2,0,81.7,150231,0,0.165
FC-006122,MP,MP-Malwa,Rice,Rabi,0.6,Alluvial,782.7,Drip,46735,2,0,71.4,40000,55877,0.4792
FC-006123,GJ,GJ-Saurashtra,Groundnut,Rabi,1.49,Black,489.1,Drip,111993,2,0,74.7,84195,10873,0.1973
FC-006124,KA,KA-South,Rice,Rabi,1.22,Red,729.1,Drip,74012,2,0,53.8,55377,30532,0.403
FC-006125,KA,KA-North,Maize,Kharif,1.3,Red,1230.6,Tubewell,70548,2,0,82.4,63863,116114,0.5986
FC-006126,MH,MH-Vidarbha,Pulses,Rabi,3.81,Black,1188.8,Rainfed,309354,1,0,90.0,155849,7346,0.3141
FC-006127,MH,MH-Konkan,Cotton,Kharif,0.5,ClayLoam,1248.8,Canal,40230,1,0,84.3,40000,4511,0.2282
FC-006128,UP,UP-Western,Wheat,Rabi,0.65,Alluvial,1059.1,Canal,95736,1,0,63.2,49270,0,0.491
FC-006129,UP,UP-Western,Rice,Kharif,3.05,Alluvial,846.0,Tubewell,227491,3,0,73.6,204631,7633,0.2668
FC-006130,TN,TN-Delta,Rice,Kharif,1.66,ClayLoam,905.8,Canal,164025,1,0,81.6,175024,45656,0.1367
FC-006131,HR,HR-West,Wheat,Rabi,1.55,ClayLoam,567.0,Canal,104919,3,0,67.4,87845,142640,0.4971
FC-006132,MP,MP-Mahakoshal,Maize,Kharif,2.43,Sandy,819.5,Canal,192336,3,1,51.7,55306,23183,0.9193
FC-006133,MH,MH-Western,Sugarcane,Kharif,3.52,Red,512.0,Tubewell,325247,2,0,73.1,248622,12641,0.4157
FC-006134,TN,TN-Delta,Rice,Rabi,1.47,Black,975.6,Canal,127177,0,0,67.0,76880,0,0.198
FC-006135,UP,UP-Bundelkhand,Groundnut,Kharif,0.71,Alluvial,769.7,Canal,48941,2,0,68.5,40000,5491,0.2884
FC-006136,GJ,GJ-North,Groundnut,Rabi,1.23,Sandy,850.2,Rainfed,74148,2,0,63.9,45203,49702,0.4355
FC-006137,MH,MH-Western,Wheat,Rabi,1.35,ClayLoam,647.4,Tubewell,122103,3,0,69.6,79253,14503,0.3984
FC-006138,KA,KA-North,Rice,Rabi,1.46,Red,1042.1,Drip,114526,2,0,88.7,84442,0,0.1686
FC-006139,MH,MH-Konkan,Maize,Rabi,1.2,Black,912.0,Rainfed,63495,2,0,78.3,40000,0,0.378
FC-006140,TG,TG-Central,Wheat,Rabi,1.54,Black,763.7,Rainfed,161804,3,0,89.1,88977,28416,0.428
FC-006141,MP,MP-Malwa,Groundnut,Rabi,0.57,Black,1038.2,Canal,63020,3,0,80.4,45810,122126,0.7193
FC-006142,MH,MH-Marathwada,Wheat,Rabi,3.93,ClayLoam,844.9,Tubewell,327861,2,0,68.7,426642,29764,0.3347
FC-006143,KA,KA-North,Rice,Kharif,0.5,Laterite,1447.7,Rainfed,66763,1,0,69.4,40000,17812,0.4991
FC-006144,PB,PB-Majha,Maize,Rabi,1.03,Alluvial,554.7,Tubewell,102204,3,0,76.9,51324,0,0.3805
FC-006145,PB,PB-Malwa,Rice,Rabi,1.48,Alluvial,732.1,Rainfed,140503,1,0,82.4,91284,6388,0.3757
FC-006146,KA,KA-South,Millet,Kharif,2.22,Red,837.8,Rainfed,122728,0,0,67.4,67102,16630,0.59
FC-006147,GJ,GJ-South,Cotton,Kharif,1.19,Black,617.6,Tubewell,106843,3,0,76.1,123894,0,0.2536
FC-006148,TG,TG-South,Rice,Rabi,2.41,ClayLoam,1346.4,Rainfed,233267,0,0,65.1,183500,43855,0.4397
FC-006149,KA,KA-North,Sugarcane,Kharif,0.86,Red,1203.3,Canal,96915,3,0,70.7,114054,0,0.1292
FC-006150,MH,MH-Vidarbha,Sugarcane,Kharif,2.38,Black,960.3,Canal,358916,4,0,100.0,514020,25630,0.1234
FC-006151,RJ,RJ-Mewar,Mustard,Rabi,1.01,Sandy,408.7,Rainfed,99829,1,0,65.4,44585,0,0.592
FC-006152,MH,MH-Vidarbha,Soybean,Kharif,0.34,Red,813.1,Drip,58630,0,0,71.7,40000,5649,0.3264
FC-006153,TN,TN-West,Maize,Kharif,0.64,Red,1205.0,Rainfed,68143,2,0,65.7,40000,4282,0.3357
FC-006154,BR,BR-Gangetic,Mustard,Rabi,1.05,Alluvial,1061.3,Rainfed,115312,0,0,73.3,46820,13277,0.5777
FC-006155,TG,TG-North,Millet,Kharif,2.51,Alluvial,474.4,Drip,145743,1,0,90.4,51073,37005,0.6109
FC-006156,AP,AP-Rayalaseema,Rice,Kharif,0.51,Alluvial,817.2,Canal,74151,2,1,46.8,40000,153734,0.913
FC-006157,MP,MP-Mahakoshal,Soybean,Kharif,1.64,Black,854.3,Canal,145545,3,0,100.0,69879,76567,0.6552
FC-006158,GJ,GJ-Central,Cotton,Kharif,0.36,Red,1109.3,Canal,75087,2,0,67.7,43337,0,0.4996
FC-006159,MH,MH-Marathwada,Wheat,Rabi,1.8,Black,1007.0,Rainfed,121132,2,0,70.8,139469,10289,0.2459
FC-006160,AP,AP-Upland,Rice,Kharif,0.93,Black,737.7,Tubewell,100260,3,0,76.7,44209,10709,0.5909
FC-006161,TG,TG-North,Cotton,Kharif,1.95,Alluvial,591.2,Drip,205147,1,0,66.6,179570,8443,0.2322
FC-006162,RJ,RJ-Shekhawati,Millet,Kharif,2.7,Sandy,629.6,Drip,212454,2,0,66.1,46023,49967,0.8055
FC-006163,AP,AP-Upland,Groundnut,Kharif,2.26,Alluvial,1221.3,Canal,137708,4,0,100.0,131954,0,0.124
FC-006164,RJ,RJ-Mewar,Millet,Kharif,0.57,Alluvial,350.5,Canal,75747,2,0,61.3,40000,37974,0.5819
FC-006165,MP,MP-Mahakoshal,Wheat,Rabi,1.44,Black,761.4,Tubewell,90927,1,0,57.2,47557,81763,0.8069
FC-006166,MH,MH-Western,Wheat,Rabi,0.6,Laterite,487.8,Canal,79670,5,0,60.8,40000,0,0.5366
FC-006167,UP,UP-Central,Wheat,Rabi,1.12,Alluvial,874.9,Drip,75188,1,0,100.0,60995,0,0.0989
FC-006168,GJ,GJ-South,Groundnut,Rabi,1.72,Sandy,757.1,Tubewell,167112,4,0,94.5,109083,12829,0.2587
FC-006169,MP,MP-Chambal,Soybean,Kharif,0.25,ClayLoam,1072.4,Rainfed,38753,1,0,100.0,40000,11952,0.173
FC-006170,GJ,GJ-Central,Mustard,Rabi,0.87,ClayLoam,807.4,Tubewell,53007,3,1,52.4,40000,121989,0.8307
FC-006171,GJ,GJ-Saurashtra,Cotton,Kharif,2.49,Sandy,556.5,Tubewell,165759,1,1,59.2,127913,252666,0.8638
FC-006172,HR,HR-East,Cotton,Kharif,0.28,Alluvial,459.3,Canal,58982,1,1,44.3,40000,175745,0.8868
FC-006173,GJ,GJ-Central,Pulses,Rabi,0.64,Sandy,944.4,Canal,81951,0,0,68.3,40000,19561,0.4341
FC-006174,UP,UP-Eastern,Wheat,Rabi,0.97,Alluvial,901.3,Drip,110445,4,0,59.1,50430,5287,0.5097
FC-006175,AP,AP-Coastal,Cotton,Kharif,1.45,Sandy,950.2,Tubewell,85197,3,0,64.2,107521,0,0.1823
FC-006176,PB,PB-Malwa,Wheat,Rabi,1.03,Alluvial,564.5,Tubewell,123997,3,0,53.2,74520,0,0.3343
FC-006177,RJ,RJ-Marwar,Wheat,Rabi,0.56,Red,563.0,Canal,57695,1,0,84.6,40000,19553,0.2261
FC-006178,MP,MP-Malwa,Wheat,Rabi,0.43,Black,1070.5,Tubewell,69331,4,0,80.9,40000,25147,0.3751
FC-006179,GJ,GJ-Central,Rice,Rabi,0.48,Black,707.5,Tubewell,73299,1,1,55.0,41052,69996,0.8575
FC-006180,AP,AP-Upland,Sugarcane,Rabi,0.53,Red,1331.4,Tubewell,86360,1,0,89.2,46039,25985,0.3356
FC-006181,KA,KA-Central,Sugarcane,Rabi,0.91,Red,691.4,Rainfed,118478,0,1,62.0,91266,25782,0.7783
FC-006182,MP,MP-Mahakoshal,Maize,Rabi,0.64,Black,414.1,Tubewell,66233,2,0,52.9,40000,17979,0.6306
FC-006183,UP,UP-Western,Wheat,Rabi,0.73,Alluvial,1146.3,Tubewell,63840,4,0,66.6,43646,0,0.3179
FC-006184,AP,AP-Coastal,Rice,Rabi,1.71,Red,735.8,Canal,95036,0,0,75.6,83582,25421,0.1571
FC-006185,MP,MP-Malwa,Soybean,Kharif,3.37,Black,1137.3,Tubewell,236307,1,0,90.5,115908,0,0.4179
FC-006186,BR,BR-North,Pulses,Kharif,0.59,Sandy,1510.0,Tubewell,65416,2,0,73.2,40000,12701,0.3476
FC-006187,MP,MP-Malwa,Wheat,Rabi,0.81,Red,924.0,Canal,99917,5,0,100.0,41191,9819,0.4921
FC-006188,BR,BR-North,Sugarcane,Rabi,0.61,Alluvial,1230.6,Canal,90259,3,0,59.0,85037,20381,0.4069
FC-006189,MP,MP-Malwa,Soybean,Kharif,0.59,Red,872.5,Tubewell,52967,3,1,48.0,40000,184984,0.8974
FC-006190,GJ,GJ-North,Pulses,Kharif,1.8,ClayLoam,701.4,Tubewell,140288,2,0,77.6,40000,28931,0.7747
FC-006191,MH,MH-Vidarbha,Cotton,Kharif,2.02,Laterite,1108.9,Rainfed,135818,4,0,65.8,105494,23785,0.3596
FC-006192,KA,KA-South,Rice,Rabi,6.78,Alluvial,1063.9,Drip,571371,1,0,100.0,440962,0,0.1781
FC-006193,MH,MH-Western,Pulses,Rabi,0.87,Black,1171.4,Drip,57540,1,0,78.2,40000,4348,0.4981
FC-006194,BR,BR-South,Sugarcane,Kharif,0.52,Alluvial,1464.4,Rainfed,52048,4,0,68.6,70382,0,0.1315
FC-006195,MP,MP-Bundelkhand,Wheat,Rabi,2.52,Alluvial,862.3,Canal,216591,3,0,56.9,107998,70133,0.4839
FC-006196,MP,MP-Malwa,Rice,Rabi,0.58,Red,898.9,Rainfed,52531,4,0,76.9,40000,0,0.2488
FC-006197,TN,TN-Delta,Millet,Kharif,10.0,Black,790.9,Tubewell,609835,2,0,71.8,240768,77491,0.5778
FC-006198,BR,BR-Gangetic,Pulses,Kharif,4.75,Laterite,1240.3,Tubewell,327785,3,0,80.5,128891,88698,0.5033
FC-006199,BR,BR-South,Wheat,Rabi,0.64,Alluvial,1242.1,Rainfed,74040,2,0,83.0,61510,28054,0.4211
FC-006200,MP,MP-Mahakoshal,Soybean,Kharif,1.18,Red,704.2,Rainfed,71484,3,0,30.2,40000,123479,0.8554
FC-006201,TN,TN-North,Groundnut,Rabi,2.15,Alluvial,802.2,Rainfed,133672,6,0,68.3,183269,19887,0.1949
FC-006202,KA,KA-Coastal,Groundnut,Rabi,3.1,ClayLoam,1534.6,Canal,221417,3,0,95.1,131040,18531,0.2166
FC-006203,KA,KA-South,Mustard,Rabi,3.56,Black,1155.1,Canal,201792,5,0,47.9,233933,56745,0.3161
FC-006204,TG,TG-North,Cotton,Kharif,1.09,Black,1184.4,Tubewell,116377,3,0,51.3,60103,0,0.3675
FC-006205,AP,AP-Coastal,Maize,Rabi,1.68,Red,781.4,Canal,125287,3,0,66.6,69210,14973,0.3852
FC-006206,AP,AP-Rayalaseema,Pulses,Kharif,1.04,Black,961.7,Tubewell,115218,3,0,53.6,40000,4521,0.5942
FC-006207,TG,TG-Central,Wheat,Rabi,0.51,Red,995.1,Rainfed,47591,4,0,40.2,40000,23710,0.4969
FC-006208,KA,KA-Central,Groundnut,Kharif,1.16,Laterite,686.0,Drip,98097,2,0,80.3,62642,16196,0.3219
FC-006209,HR,HR-South,Wheat,Rabi,0.2,Sandy,636.7,Rainfed,54609,0,0,65.1,40000,30012,0.5475
FC-006210,BR,BR-North,Wheat,Rabi,0.66,Alluvial,1181.3,Canal,71259,2,0,74.9,40000,26966,0.4492
FC-006211,HR,HR-East,Wheat,Rabi,0.37,Alluvial,457.9,Rainfed,42810,3,0,77.8,40000,0,0.2867
FC-006212,UP,UP-Bundelkhand,Wheat,Rabi,1.4,Alluvial,850.9,Tubewell,175772,3,0,65.3,140463,6733,0.3007
FC-006213,AP,AP-Upland,Rice,Rabi,0.97,Black,733.7,Canal,74539,2,0,100.0,78615,38867,0.3188
FC-006214,MP,MP-Chambal,Rice,Rabi,1.03,Black,1183.8,Drip,112202,1,0,63.6,59709,79987,0.6834
FC-006215,MP,MP-Chambal,Soybean,Kharif,0.6,Black,863.6,Canal,46811,2,1,53.7,40000,127525,0.8482
FC-006216,TN,TN-West,Sugarcane,Rabi,2.32,Black,1502.3,Tubewell,199384,3,0,87.6,335795,17142,0.1458
FC-006217,UP,UP-Eastern,Pulses,Kharif,0.8,Alluvial,904.8,Drip,57984,2,0,80.7,40000,32585,0.2833
FC-006218,UP,UP-Bundelkhand,Mustard,Rabi,2.54,Alluvial,1049.7,Canal,187572,4,0,57.1,82621,3388,0.5433
FC-006219,GJ,GJ-South,Groundnut,Rabi,3.15,Sandy,558.9,Canal,212309,0,0,72.1,168855,44267,0.2644
FC-006220,TN,TN-West,Groundnut,Rabi,0.98,Red,957.6,Rainfed,61429,1,0,72.0,53857,38556,0.2996
FC-006221,TN,TN-South,Rice,Rabi,0.41,Black,703.1,Rainfed,59199,3,0,65.3,40000,5212,0.5127
FC-006222,PB,PB-Malwa,Wheat,Rabi,0.4,Alluvial,539.0,Rainfed,44314,2,0,90.1,40000,27920,0.3622
FC-006223,TG,TG-Central,Rice,Kharif,0.94,ClayLoam,696.7,Tubewell,83661,3,1,64.4,68767,380900,0.8726
FC-006224,UP,UP-Central,Wheat,Rabi,1.5,Alluvial,1052.5,Canal,169780,2,0,84.2,103217,12115,0.2356
FC-006225,KA,KA-South,Sugarcane,Kharif,0.95,Red,1042.7,Rainfed,110376,2,0,57.7,162725,0,0.3038
FC-006226,HR,HR-West,Rice,Rabi,0.97,Sandy,356.9,Rainfed,61399,1,0,100.0,40000,48261,0.6526
FC-006227,KA,KA-Coastal,Groundnut,Kharif,1.11,Sandy,730.3,Tubewell,109007,3,0,100.0,96713,0,0.193
FC-006228,MP,MP-Mahakoshal,Cotton,Kharif,3.06,Alluvial,1034.0,Canal,154285,2,0,68.3,180716,52428,0.167
FC-006229,MP,MP-Malwa,Wheat,Rabi,1.48,Alluvial,566.9,Drip,140629,1,0,79.3,67714,0,0.3691
FC-006230,BR,BR-North,Rice,Kharif,5.78,Alluvial,898.6,Tubewell,396075,3,0,98.1,290889,0,0.3316
FC-006231,HR,HR-South,Wheat,Rabi,3.56,Alluvial,520.8,Canal,310815,1,0,71.8,259524,34668,0.2948
FC-006232,AP,AP-Upland,Rice,Kharif,1.73,ClayLoam,1063.5,Canal,143389,4,0,55.8,83803,214342,0.7963
FC-006233,PB,PB-Majha,Pulses,Rabi,1.94,ClayLoam,658.0,Rainfed,98429,2,0,69.2,44681,9722,0.6416
FC-006234,UP,UP-Eastern,Sugarcane,Kharif,0.2,ClayLoam,838.5,Canal,54315,1,0,69.9,40000,16082,0.4655
FC-006235,AP,AP-Upland,Maize,Rabi,1.81,Laterite,939.9,Canal,171416,1,0,80.3,53593,0,0.5953
FC-006236,GJ,GJ-South,Rice,Kharif,1.18,Alluvial,376.3,Canal,128739,0,0,70.8,74118,8672,0.575
FC-006237,KA,KA-South,Rice,Kharif,1.13,Black,1164.4,Tubewell,121414,3,0,67.4,87284,14667,0.2836
FC-006238,KA,KA-Central,Pulses,Kharif,0.74,Red,1473.3,Canal,70492,2,0,67.1,40000,131999,0.6831
FC-006239,TG,TG-North,Groundnut,Kharif,0.44,Black,1137.8,Canal,69757,5,0,66.7,40000,108308,0.8077
FC-006240,MH,MH-Western,Soybean,Kharif,1.03,Red,822.1,Canal,71017,2,0,78.3,43710,35154,0.387
FC-006241,BR,BR-South,Pulses,Kharif,1.55,Sandy,1262.0,Canal,139990,4,1,28.5,40000,14132,0.8578
FC-006242,UP,UP-Central,Sugarcane,Kharif,2.86,Alluvial,1280.7,Canal,356473,0,0,83.2,398023,6163,0.1513
FC-006243,MP,MP-Malwa,Wheat,Rabi,1.72,Black,1009.6,Rainfed,173732,2,0,53.7,91716,102200,0.5128
FC-006244,MH,MH-Marathwada,Soybean,Kharif,0.77,Red,768.0,Tubewell,81970,3,1,68.4,40000,49241,0.7785
FC-006245,HR,HR-East,Rice,Rabi,0.2,Alluvial,891.7,Drip,58953,2,0,82.5,40000,15791,0.382
FC-006246,UP,UP-Bundelkhand,Wheat,Rabi,0.34,ClayLoam,654.5,Tubewell,54393,4,0,98.1,40000,60020,0.5995
FC-006247,BR,BR-South,Wheat,Rabi,0.77,Black,938.6,Rainfed,49493,3,0,69.0,40000,15949,0.5407
FC-006248,RJ,RJ-Marwar,Groundnut,Kharif,2.07,Sandy,709.1,Drip,144655,3,0,87.4,91627,81392,0.3559
FC-006249,AP,AP-Upland,Sugarcane,Kharif,0.47,Red,953.2,Canal,57186,3,0,67.6,76588,15229,0.2853
FC-006250,MP,MP-Chambal,Maize,Rabi,0.69,Black,955.7,Canal,66425,3,0,40.9,40000,0,0.3278
FC-006251,RJ,RJ-Hadoti,Pulses,Kharif,1.82,Sandy,654.9,Drip,120479,5,0,80.5,55646,69322,0.4801
FC-006252,AP,AP-Coastal,Rice,Rabi,1.12,Red,839.7,Rainfed,81322,0,0,59.0,47951,18065,0.4977
FC-006253,TN,TN-West,Millet,Kharif,1.95,Red,651.5,Rainfed,144465,2,0,71.1,40000,34808,0.8525
FC-006254,RJ,RJ-Hadoti,Soybean,Kharif,1.19,ClayLoam,392.6,Tubewell,116639,1,1,24.6,40000,15957,0.8342
FC-006255,TN,TN-South,Maize,Kharif,1.67,Red,1190.1,Drip,140501,1,0,71.0,94813,8143,0.268
FC-006256,PB,PB-Malwa,Rice,Rabi,1.42,Alluvial,711.8,Rainfed,86158,0,0,88.3,75936,9378,0.1243
FC-006257,MH,MH-Konkan,Cotton,Kharif,0.6,Black,1323.3,Canal,46252,2,0,91.0,40698,0,0.2507
FC-006258,KA,KA-Central,Wheat,Rabi,2.2,Black,988.7,Tubewell,162038,0,0,89.0,164831,0,0.148
FC-006259,GJ,GJ-South,Mustard,Rabi,1.46,Black,596.1,Tubewell,134272,0,0,83.8,89411,1949,0.1611
FC-006260,RJ,RJ-Marwar,Millet,Kharif,4.25,Sandy,665.7,Tubewell,274235,3,0,45.2,104020,0,0.5472
FC-006261,AP,AP-Upland,Rice,Kharif,0.62,Laterite,997.4,Drip,61438,0,0,70.2,40000,100283,0.8239
FC-006262,BR,BR-South,Rice,Rabi,1.54,Alluvial,964.9,Rainfed,142949,3,0,64.8,89844,15530,0.4192
FC-006263,MP,MP-Bundelkhand,Rice,Kharif,0.49,Alluvial,1038.7,Rainfed,47576,1,0,69.0,40000,59715,0.723
FC-006264,RJ,RJ-Hadoti,Wheat,Rabi,0.83,Sandy,493.3,Rainfed,74716,3,0,61.5,40000,31873,0.7069
FC-006265,RJ,RJ-Mewar,Wheat,Rabi,1.02,Laterite,568.2,Drip,102359,1,0,81.1,88501,6654,0.2649
FC-006266,AP,AP-Rayalaseema,Pulses,Rabi,1.01,Sandy,1411.3,Tubewell,112638,0,0,71.1,40000,11279,0.5046
FC-006267,UP,UP-Western,Rice,Rabi,0.2,Alluvial,1193.9,Drip,57037,0,0,69.5,40000,16203,0.5646
FC-006268,PB,PB-Malwa,Wheat,Rabi,7.15,Alluvial,617.9,Tubewell,422877,2,0,59.6,342473,38311,0.1913
FC-006269,UP,UP-Western,Sugarcane,Kharif,3.56,Alluvial,940.8,Canal,260908,2,0,92.1,471714,0,0.0894
FC-006270,UP,UP-Eastern,Rice,Rabi,0.61,Alluvial,1076.0,Rainfed,89647,2,0,49.8,40000,19211,0.7589
FC-006271,BR,BR-South,Sugarcane,Rabi,1.78,Alluvial,1496.5,Tubewell,248522,3,0,76.4,272255,61859,0.1599
FC-006272,MH,MH-Konkan,Soybean,Kharif,1.43,Black,441.4,Canal,100130,4,0,81.1,53228,0,0.5378
FC-006273,RJ,RJ-Shekhawati,Millet,Kharif,0.5,Laterite,424.6,Rainfed,77558,0,0,89.6,40000,0,0.3439
FC-006274,MH,MH-Vidarbha,Wheat,Rabi,4.07,Black,553.5,Drip,334812,3,0,65.4,159810,24689,0.4775
FC-006275,HR,HR-South,Wheat,Rabi,1.81,Sandy,412.5,Drip,160059,2,0,59.9,136471,248004,0.6289
FC-006276,TG,TG-Central,Rice,Kharif,0.89,Alluvial,799.2,Drip,79920,1,0,89.2,66617,0,0.202
FC-006277,KA,KA-South,Millet,Kharif,0.43,ClayLoam,844.0,Tubewell,43709,1,0,79.5,40000,6066,0.1809
FC-006278,UP,UP-Eastern,Maize,Kharif,0.35,Alluvial,940.0,Rainfed,57213,1,0,98.7,40000,1438,0.3298
FC-006279,MP,MP-Mahakoshal,Wheat,Rabi,0.69,ClayLoam,924.3,Tubewell,69284,4,0,62.6,40000,33823,0.6104
FC-006280,BR,BR-North,Mustard,Rabi,0.85,ClayLoam,1567.0,Rainfed,70999,2,0,59.4,54038,7023,0.5331
FC-006281,KA,KA-Coastal,Cotton,Kharif,0.52,Black,1156.2,Canal,68943,3,0,60.1,40000,22700,0.4806
FC-006282,BR,BR-North,Rice,Kharif,0.64,Alluvial,1432.3,Canal,82000,1,0,59.3,49924,6918,0.3827
FC-006283,AP,AP-Upland,Maize,Rabi,0.24,Black,952.0,Drip,44341,5,0,61.5,40000,5617,0.2297
FC-006284,AP,AP-Upland,Rice,Rabi,0.89,ClayLoam,1172.5,Rainfed,70056,0,0,96.8,44032,10850,0.3821
FC-006285,TG,TG-North,Rice,Rabi,2.31,Sandy,707.7,Tubewell,162032,2,0,63.7,117445,31553,0.3462
FC-006286,RJ,RJ-Mewar,Cotton,Kharif,0.86,ClayLoam,438.3,Tubewell,91932,0,0,42.8,40000,0,0.6011
FC-006287,TG,TG-North,Cotton,Kharif,0.88,Red,830.7,Canal,81298,3,0,73.3,96234,13440,0.1796
FC-006288,GJ,GJ-Saurashtra,Rice,Kharif,3.31,Sandy,921.8,Tubewell,193802,4,0,74.2,268569,85857,0.2167
FC-006289,TG,TG-South,Maize,Rabi,5.39,Red,1503.0,Rainfed,404451,2,0,50.9,227535,14782,0.333
FC-006290,UP,UP-Bundelkhand,Wheat,Rabi,0.82,ClayLoam,1199.7,Canal,84922,3,0,100.0,55661,64095,0.5111
FC-006291,AP,AP-Rayalaseema,Cotton,Kharif,1.07,ClayLoam,914.2,Rainfed,99719,2,0,47.9,72939,0,0.3744
FC-006292,RJ,RJ-Marwar,Mustard,Rabi,0.48,Sandy,518.2,Rainfed,76997,1,0,85.2,40000,20033,0.6481
FC-006293,TN,TN-Delta,Rice,Kharif,1.45,Red,914.3,Canal,95834,1,0,80.2,66328,9958,0.2655
FC-006294,UP,UP-Central,Mustard,Rabi,1.1,Sandy,965.1,Canal,122004,3,0,77.2,73557,114451,0.7126
FC-006295,RJ,RJ-Shekhawati,Wheat,Rabi,0.79,Black,282.2,Rainfed,87380,0,0,47.4,40000,22588,0.8269
FC-006296,KA,KA-Central,Pulses,Rabi,1.3,ClayLoam,1014.0,Tubewell,80327,5,0,55.7,49730,72442,0.5407
FC-006297,MH,MH-Marathwada,Pulses,Kharif,1.57,Alluvial,995.3,Rainfed,94115,0,0,82.4,49314,178656,0.7294
FC-006298,MH,MH-Marathwada,Sugarcane,Kharif,0.4,Black,1225.9,Tubewell,45872,1,0,82.2,64801,130807,0.6357
FC-006299,UP,UP-Bundelkhand,Rice,Rabi,0.94,ClayLoam,1150.5,Rainfed,81647,2,0,67.7,56833,27554,0.273
FC-006300,GJ,GJ-Saurashtra,Rice,Kharif,1.23,Alluvial,1137.3,Canal,93912,4,0,100.0,75046,20123,0.1289
FC-006301,UP,UP-Bundelkhand,Wheat,Rabi,0.72,Alluvial,1250.6,Canal,60507,0,0,95.8,59818,13882,0.2415
FC-006302,BR,BR-North,Rice,Kharif,0.65,Alluvial,930.7,Tubewell,53501,4,0,64.5,40000,5324,0.3992
FC-006303,GJ,GJ-South,Mustard,Rabi,0.81,Sandy,700.8,Canal,95743,4,0,87.7,42957,400000,0.8546
FC-006304,KA,KA-South,Millet,Kharif,0.96,ClayLoam,1447.1,Drip,87266,0,0,90.7,40000,0,0.3949
FC-006305,BR,BR-North,Rice,Kharif,0.42,Alluvial,1365.8,Rainfed,72714,2,0,79.9,40000,14757,0.6198
FC-006306,UP,UP-Western,Cotton,Kharif,0.2,Alluvial,1047.9,Rainfed,34180,1,0,88.4,40000,5801,0.3096
FC-006307,AP,AP-Coastal,Rice,Kharif,0.2,Sandy,949.9,Rainfed,43993,5,1,51.2,40000,400000,0.9285
FC-006308,TG,TG-Central,Maize,Kharif,0.5,Red,1053.7,Tubewell,41971,1,0,55.3,40000,130058,0.6704
FC-006309,MP,MP-Mahakoshal,Cotton,Kharif,0.96,Alluvial,888.8,Canal,97123,3,0,72.5,72752,1410,0.3335
FC-006310,HR,HR-West,Wheat,Rabi,1.43,Sandy,627.9,Canal,92073,3,1,53.2,72516,267889,0.8751
FC-006311,KA,KA-South,Rice,Rabi,0.96,Black,2052.4,Canal,78608,1,0,66.9,44226,219225,0.7937
FC-006312,UP,UP-Bundelkhand,Maize,Kharif,0.79,Black,1000.5,Rainfed,77795,4,0,75.2,40000,0,0.4516
FC-006313,TN,TN-South,Pulses,Kharif,2.64,Red,1030.3,Canal,132185,1,0,87.1,71534,0,0.2945
FC-006314,GJ,GJ-North,Cotton,Kharif,1.11,Red,1235.5,Tubewell,141609,2,0,87.4,120073,52049,0.2219
FC-006315,KA,KA-Coastal,Rice,Rabi,1.42,Laterite,1412.8,Rainfed,111363,1,0,63.8,59202,20859,0.3398
FC-006316,BR,BR-South,Rice,Rabi,1.48,Alluvial,1313.0,Canal,171696,1,0,68.0,155218,0,0.1547
FC-006317,MH,MH-Western,Cotton,Kharif,1.69,Black,1025.3,Canal,192270,2,0,74.6,149267,20083,0.3015
FC-006318,BR,BR-North,Wheat,Rabi,0.87,Alluvial,1362.5,Rainfed,84715,2,0,55.3,70732,0,0.3815
FC-006319,UP,UP-Eastern,Sugarcane,Rabi,1.45,ClayLoam,830.8,Drip,120251,3,0,59.6,216072,1845,0.1778
FC-006320,MP,MP-Bundelkhand,Soybean,Kharif,0.52,Red,1025.8,Canal,58291,2,0,78.0,40000,16590,0.2545
FC-006321,TN,TN-West,Cotton,Kharif,0.69,Red,1112.2,Rainfed,76062,4,0,58.9,51773,69501,0.5673
FC-006322,TG,TG-North,Rice,Kharif,0.8,Sandy,487.3,Rainfed,90070,2,0,78.0,40000,5379,0.7455
FC-006323,MH,MH-Marathwada,Cotton,Kharif,0.27,Alluvial,767.8,Tubewell,65760,4,0,78.9,40000,20241,0.4515
FC-006324,HR,HR-West,Wheat,Rabi,0.84,Alluvial,439.6,Drip,59710,7,0,72.5,66125,69939,0.2689
FC-006325,TG,TG-North,Maize,Rabi,2.02,Black,787.8,Drip,139919,4,0,47.9,54717,22293,0.6264
FC-006326,HR,HR-East,Rice,Rabi,1.33,Alluvial,486.0,Drip,88123,3,0,65.8,47033,68324,0.5746
FC-006327,KA,KA-Central,Pulses,Rabi,1.18,Laterite,1181.2,Canal,89988,4,0,64.2,40000,7280,0.3319
FC-006328,UP,UP-Central,Wheat,Rabi,1.01,Alluvial,911.2,Tubewell,103531,1,0,100.0,74063,0,0.1356
FC-006329,RJ,RJ-Hadoti,Cotton,Kharif,0.52,ClayLoam,388.1,Rainfed,70462,4,0,67.4,50349,36114,0.7241
FC-006330,RJ,RJ-Hadoti,Mustard,Rabi,4.67,ClayLoam,621.4,Tubewell,393028,3,0,98.4,216768,400000,0.6471
FC-006331,BR,BR-South,Wheat,Rabi,1.9,Alluvial,1602.0,Canal,208602,1,0,99.3,162560,21112,0.1376
FC-006332,KA,KA-Coastal,Cotton,Kharif,1.87,Red,1488.8,Rainfed,120361,1,0,100.0,119237,6513,0.2066
FC-006333,MP,MP-Mahakoshal,Pulses,Rabi,2.58,Red,1289.8,Rainfed,205598,3,0,80.2,102747,0,0.2416
FC-006334,RJ,RJ-Marwar,Millet,Kharif,3.56,Sandy,338.0,Tubewell,225384,2,0,75.0,69270,17473,0.6541
FC-006335,HR,HR-South,Cotton,Kharif,1.28,Alluvial,569.9,Tubewell,122688,8,0,76.5,79911,6958,0.302
FC-006336,MP,MP-Chambal,Maize,Rabi,1.03,Alluvial,1033.4,Rainfed,70118,3,0,77.1,42120,0,0.3236
FC-006337,RJ,RJ-Mewar,Mustard,Rabi,1.3,Sandy,683.3,Rainfed,88770,0,0,97.2,75060,254345,0.767
FC-006338,MH,MH-Konkan,Sugarcane,Kharif,0.71,Sandy,1111.2,Tubewell,76043,1,0,70.5,75868,19126,0.2728
FC-006339,UP,UP-Western,Wheat,Rabi,1.5,Alluvial,985.8,Rainfed,144237,1,0,57.5,121845,7947,0.3471
FC-006340,TN,TN-West,Rice,Kharif,0.97,Red,877.3,Tubewell,108078,1,0,67.6,77077,0,0.3461
FC-006341,MP,MP-Bundelkhand,Wheat,Rabi,2.65,Black,687.9,Rainfed,234721,3,0,70.3,138341,23249,0.5295
FC-006342,HR,HR-East,Rice,Kharif,1.48,Alluvial,469.3,Rainfed,95688,4,0,87.1,119394,0,0.1938
FC-006343,MH,MH-Western,Cotton,Kharif,0.9,ClayLoam,493.6,Rainfed,118444,1,1,38.3,66016,19415,0.9018
FC-006344,TG,TG-North,Cotton,Kharif,2.26,Sandy,916.6,Canal,167756,2,0,51.2,151891,47737,0.3201
FC-006345,UP,UP-Central,Wheat,Rabi,0.2,Alluvial,636.7,Rainfed,33466,1,0,97.9,40000,0,0.3412
FC-006346,KA,KA-Central,Maize,Kharif,3.18,Red,1863.6,Rainfed,171692,1,0,83.9,175687,118891,0.1588
FC-006347,GJ,GJ-North,Soybean,Kharif,1.49,Alluvial,732.2,Tubewell,104436,4,0,67.3,62928,46382,0.5193
FC-006348,AP,AP-Upland,Rice,Kharif,0.42,Black,852.5,Rainfed,54883,3,0,89.2,40000,0,0.3056
FC-006349,TG,TG-North,Groundnut,Kharif,2.26,ClayLoam,800.7,Canal,228336,1,0,80.5,124194,0,0.2685
FC-006350,RJ,RJ-Shekhawati,Groundnut,Rabi,0.22,Alluvial,511.3,Drip,39701,3,0,68.8,40000,43876,0.5097
FC-006351,GJ,GJ-South,Pulses,Rabi,3.27,Sandy,473.9,Rainfed,273178,1,0,70.5,82928,162327,0.8613
FC-006352,BR,BR-South,Maize,Rabi,1.0,Red,1311.1,Rainfed,102110,1,1,28.9,40000,20154,0.8274
FC-006353,BR,BR-Gangetic,Wheat,Rabi,2.8,Alluvial,1167.1,Canal,210464,4,0,79.1,213141,61551,0.1053
FC-006354,MH,MH-Konkan,Rice,Kharif,0.44,Red,940.8,Drip,63469,4,0,89.1,40000,4150,0.2551
FC-006355,KA,KA-South,Pulses,Kharif,0.36,Red,1618.6,Rainfed,41016,2,0,92.5,40000,17120,0.2515
FC-006356,UP,UP-Eastern,Pulses,Kharif,0.93,Alluvial,725.6,Canal,88318,2,0,57.3,40000,53426,0.7556
FC-006357,TG,TG-South,Rice,Rabi,0.81,ClayLoam,822.6,Drip,106329,0,0,90.1,63892,13167,0.4692
FC-006358,TG,TG-South,Soybean,Kharif,1.41,Laterite,1178.4,Canal,72442,1,0,75.5,40000,18903,0.2874
FC-006359,HR,HR-West,Wheat,Rabi,0.87,Alluvial,490.7,Canal,89541,2,0,71.7,46384,41340,0.5934
FC-006360,UP,UP-Eastern,Rice,Kharif,6.32,Alluvial,1136.8,Tubewell,313852,1,0,76.9,347012,36578,0.1893
FC-006361,MH,MH-Western,Soybean,Kharif,0.97,Red,1449.7,Rainfed,72437,1,0,68.6,40400,0,0.4432
FC-006362,MP,MP-Bundelkhand,Pulses,Rabi,2.37,Black,1159.5,Tubewell,180382,3,1,45.8,49175,0,0.7995
FC-006363,AP,AP-Rayalaseema,Pulses,Kharif,0.84,Sandy,899.1,Rainfed,54790,2,0,79.8,40000,125885,0.8239
FC-006364,MH,MH-Konkan,Groundnut,Rabi,1.52,Black,934.1,Canal,132781,1,0,62.1,40000,107158,0.7332
FC-006365,PB,PB-Majha,Wheat,Rabi,0.67,Alluvial,534.1,Tubewell,69811,0,0,65.1,40000,0,0.4746
FC-006366,TG,TG-Central,Maize,Kharif,1.95,Alluvial,1190.0,Tubewell,165968,2,0,90.3,121486,0,0.1733
FC-006367,UP,UP-Western,Maize,Rabi,1.86,Alluvial,577.1,Canal,177365,2,0,38.3,96790,30703,0.5302
FC-006368,AP,AP-Coastal,Cotton,Kharif,0.55,Sandy,782.3,Rainfed,85156,1,0,86.3,40000,3141,0.7312
FC-006369,TN,TN-North,Cotton,Kharif,0.71,Laterite,1059.8,Canal,59208,2,0,72.2,42377,55913,0.5811
FC-006370,TN,TN-Delta,Sugarcane,Kharif,0.88,Alluvial,923.2,Canal,150123,1,0,84.5,158204,80250,0.2644
FC-006371,AP,AP-Upland,Millet,Kharif,2.78,ClayLoam,1032.9,Canal,128203,4,0,74.6,60976,0,0.4067
FC-006372,PB,PB-Malwa,Wheat,Rabi,1.58,Alluvial,502.0,Canal,143375,1,0,83.3,91062,24749,0.2902
FC-006373,GJ,GJ-Central,Mustard,Rabi,0.95,Red,935.2,Drip,83529,4,0,73.4,40000,45583,0.6464
FC-006374,HR,HR-South,Mustard,Rabi,1.16,Alluvial,484.1,Rainfed,88885,4,1,23.2,45323,59798,0.8007
FC-006375,HR,HR-South,Rice,Rabi,0.53,Alluvial,655.7,Canal,47580,5,0,67.2,40000,112678,0.696
FC-006376,TN,TN-Delta,Pulses,Kharif,5.23,Black,944.1,Tubewell,366267,2,0,73.7,305881,34169,0.1231
FC-006377,KA,KA-South,Rice,Rabi,0.95,Laterite,957.7,Tubewell,104142,4,0,67.9,40000,0,0.5828
FC-006378,PB,PB-Majha,Rice,Rabi,0.89,ClayLoam,793.1,Canal,95398,0,0,77.3,47108,44471,0.3959
FC-006379,RJ,RJ-Shekhawati,Millet,Kharif,3.26,Red,728.2,Rainfed,200953,1,0,84.6,71660,9305,0.4744
FC-006380,TN,TN-West,Rice,Rabi,3.75,Laterite,496.6,Rainfed,295692,1,1,28.3,219068,138635,0.8392
FC-006381,BR,BR-South,Pulses,Rabi,1.22,Alluvial,1149.1,Tubewell,89748,0,0,99.8,40000,5392,0.3761
FC-006382,KA,KA-South,Pulses,Rabi,2.86,Black,756.9,Canal,126264,5,1,45.3,57120,92257,0.8156
FC-006383,MH,MH-Marathwada,Soybean,Kharif,0.97,Black,837.9,Tubewell,65272,1,0,69.8,40000,19778,0.5502
FC-006384,HR,HR-West,Wheat,Rabi,1.01,Alluvial,592.4,Tubewell,127033,3,0,86.5,73032,94087,0.6862
FC-006385,UP,UP-Eastern,Sugarcane,Rabi,0.71,ClayLoam,910.9,Tubewell,91609,0,0,74.1,93228,13970,0.3148
FC-006386,UP,UP-Western,Rice,Rabi,2.68,Alluvial,1044.2,Tubewell,210262,2,0,84.1,148621,15258,0.2885
FC-006387,TN,TN-Delta,Rice,Rabi,1.63,Black,1226.8,Rainfed,138326,4,0,99.0,114484,23285,0.0946
FC-006388,MH,MH-Konkan,Groundnut,Rabi,0.32,ClayLoam,878.0,Canal,69811,1,0,71.8,40000,40852,0.5233
FC-006389,UP,UP-Bundelkhand,Mustard,Rabi,1.45,Alluvial,569.1,Canal,76252,3,0,83.2,58457,0,0.1736
FC-006390,MP,MP-Malwa,Wheat,Rabi,1.22,Alluvial,1017.6,Rainfed,93464,3,0,64.0,81405,34440,0.3324
FC-006391,MH,MH-Marathwada,Soybean,Kharif,1.84,Black,560.9,Rainfed,135611,3,1,70.2,41816,8038,0.8757
FC-006392,MP,MP-Chambal,Soybean,Kharif,2.71,Red,1119.9,Rainfed,217842,0,0,70.4,109723,11403,0.4715
FC-006393,TG,TG-North,Rice,Rabi,6.15,Black,1270.3,Tubewell,364970,2,0,100.0,499884,0,0.0998
FC-006394,TN,TN-South,Rice,Kharif,0.33,Red,811.9,Rainfed,69134,2,1,47.8,40000,0,0.8121
FC-006395,UP,UP-Central,Pulses,Rabi,1.77,Alluvial,685.8,Drip,117446,2,0,68.3,62972,5433,0.2841
FC-006396,UP,UP-Eastern,Soybean,Kharif,0.71,ClayLoam,904.0,Rainfed,53969,1,0,99.5,40000,3659,0.2655
FC-006397,MP,MP-Chambal,Pulses,Rabi,0.58,Red,1085.3,Rainfed,52534,3,0,57.4,40000,0,0.2451
FC-006398,UP,UP-Eastern,Rice,Rabi,1.65,Alluvial,963.8,Rainfed,166549,4,0,46.8,93936,28380,0.4202
FC-006399,MP,MP-Malwa,Wheat,Rabi,0.44,Red,812.6,Drip,44661,1,0,79.6,40000,172590,0.7218
FC-006400,PB,PB-Majha,Rice,Kharif,3.04,Alluvial,802.8,Canal,265731,0,0,85.6,197294,23238,0.1621
FC-006401,BR,BR-South,Wheat,Rabi,0.67,Alluvial,1071.5,Canal,47406,3,0,53.4,47952,59168,0.6498
FC-006402,GJ,GJ-South,Groundnut,Kharif,1.46,Sandy,397.1,Rainfed,94817,1,0,80.1,83443,11448,0.3907
FC-006403,PB,PB-Majha,Rice,Rabi,2.4,Alluvial,635.8,Rainfed,120824,3,0,76.5,86588,8675,0.3256
FC-006404,BR,BR-South,Rice,Rabi,0.43,Alluvial,1133.7,Drip,48663,1,0,66.4,40000,4075,0.254
FC-006405,MP,MP-Chambal,Wheat,Rabi,1.86,Black,1044.0,Tubewell,180224,1,0,95.9,98964,10115,0.3614
FC-006406,BR,BR-South,Wheat,Rabi,0.81,Alluvial,1174.7,Rainfed,102296,3,0,78.4,57356,13929,0.5119
FC-006407,GJ,GJ-Central,Groundnut,Kharif,2.87,Black,317.1,Drip,263103,1,0,65.9,125146,75284,0.6384
FC-006408,MH,MH-Western,Maize,Kharif,1.13,Black,730.7,Rainfed,119998,2,0,92.2,40417,6659,0.6169
FC-006409,KA,KA-South,Cotton,Kharif,0.56,ClayLoam,1490.7,Rainfed,61553,2,0,72.8,61709,0,0.3247
FC-006410,PB,PB-Majha,Maize,Rabi,0.45,ClayLoam,542.7,Rainfed,55678,3,0,82.7,40000,7787,0.3472
FC-006411,PB,PB-Malwa,Wheat,Rabi,1.8,ClayLoam,704.6,Tubewell,98920,4,0,51.2,76788,23275,0.2328
FC-006412,KA,KA-North,Pulses,Kharif,1.36,Alluvial,1297.0,Tubewell,131300,0,0,69.2,45524,46808,0.8308
FC-006413,PB,PB-Doaba,Rice,Rabi,1.36,ClayLoam,861.9,Tubewell,79943,0,0,73.6,71059,40919,0.4053
FC-006414,GJ,GJ-South,Wheat,Rabi,1.34,Black,948.5,Rainfed,118208,3,0,65.7,96556,0,0.334
FC-006415,UP,UP-Central,Pulses,Rabi,1.35,Alluvial,903.2,Canal,70301,0,0,87.5,40000,44458,0.4833
FC-006416,AP,AP-Rayalaseema,Rice,Kharif,0.89,Alluvial,549.1,Canal,99590,1,0,65.9,74469,0,0.3767
FC-006417,AP,AP-Upland,Groundnut,Kharif,4.35,Red,1147.8,Rainfed,443828,1,0,59.1,402757,2541,0.3503
FC-006418,MH,MH-Marathwada,Pulses,Kharif,1.19,Black,971.1,Tubewell,64858,2,0,80.3,40000,0,0.1192
FC-006419,KA,KA-Coastal,Groundnut,Kharif,0.77,Red,1016.3,Canal,67875,1,1,26.2,45908,355545,0.8826
FC-006420,MP,MP-Chambal,Pulses,Rabi,0.31,Black,1141.4,Canal,51127,4,0,69.9,40000,5149,0.2577
FC-006421,AP,AP-Upland,Rice,Rabi,1.93,Red,673.7,Tubewell,167962,1,0,62.6,101280,51732,0.6868
FC-006422,TG,TG-Central,Soybean,Kharif,0.58,ClayLoam,796.4,Canal,73259,2,0,59.9,40000,19286,0.6096
FC-006423,BR,BR-South,Wheat,Rabi,0.6,Alluvial,1587.6,Rainfed,44096,3,0,82.3,40000,61195,0.6458
FC-006424,KA,KA-North,Maize,Rabi,0.39,Red,754.4,Rainfed,69840,1,0,58.6,40000,9849,0.6209
FC-006425,TN,TN-West,Rice,Kharif,2.49,Alluvial,971.9,Canal,154544,5,0,100.0,167163,118954,0.1522
FC-006426,PB,PB-Majha,Wheat,Rabi,1.78,Alluvial,691.1,Canal,154829,1,0,53.3,125464,8756,0.2767
FC-006427,KA,KA-Central,Soybean,Kharif,1.16,Laterite,1001.8,Rainfed,122547,2,1,46.0,45067,17687,0.7818
FC-006428,KA,KA-Coastal,Rice,Rabi,5.53,Sandy,476.2,Canal,286280,4,0,74.4,262891,149600,0.5795
FC-006429,MH,MH-Western,Wheat,Rabi,0.78,Laterite,797.3,Drip,97988,6,0,71.7,48337,89823,0.7105
FC-006430,MP,MP-Chambal,Wheat,Rabi,2.18,Black,1204.1,Drip,113200,1,0,93.7,104256,0,0.1465
FC-006431,PB,PB-Malwa,Wheat,Rabi,3.94,Red,572.0,Canal,197988,5,0,73.1,214223,21035,0.1779
FC-006432,GJ,GJ-North,Wheat,Rabi,3.69,Alluvial,867.9,Drip,309872,1,0,100.0,118988,24106,0.3697
FC-006433,KA,KA-South,Sugarcane,Kharif,1.3,Black,579.8,Canal,129613,3,0,67.0,228897,17154,0.2462
FC-006434,UP,UP-Western,Sugarcane,Rabi,2.81,ClayLoam,1038.2,Canal,360397,2,0,83.7,454567,65843,0.1899
FC-006435,UP,UP-Eastern,Mustard,Rabi,0.28,Alluvial,1172.0,Drip,62943,3,0,66.8,40000,0,0.4032
FC-006436,MP,MP-Malwa,Maize,Kharif,0.62,Black,1021.8,Rainfed,58278,2,0,71.6,40000,20671,0.3004
FC-006437,PB,PB-Majha,Rice,Kharif,0.39,Alluvial,793.8,Canal,59840,0,0,85.5,40000,41186,0.5888
FC-006438,UP,UP-Central,Mustard,Rabi,3.64,Alluvial,747.8,Tubewell,285761,4,0,66.3,76940,216136,0.7693
FC-006439,UP,UP-Bundelkhand,Wheat,Rabi,1.51,Sandy,759.9,Rainfed,153421,2,0,75.0,75740,17941,0.5412
FC-006440,KA,KA-Coastal,Sugarcane,Kharif,2.06,Red,597.5,Rainfed,221063,0,0,70.3,257021,7563,0.4925
FC-006441,MP,MP-Mahakoshal,Pulses,Rabi,0.63,Laterite,1421.6,Rainfed,60888,4,1,51.8,40000,298353,0.9023
FC-006442,MP,MP-Bundelkhand,Cotton,Kharif,0.78,Black,1036.8,Canal,87911,1,0,91.5,82432,52647,0.3438
FC-006443,TG,TG-South,Rice,Rabi,1.81,Red,1017.9,Drip,175650,2,0,34.9,90513,78411,0.6472
FC-006444,AP,AP-Rayalaseema,Maize,Rabi,1.22,Alluvial,867.7,Tubewell,78924,0,0,95.9,66578,0,0.185
FC-006445,UP,UP-Bundelkhand,Pulses,Rabi,0.51,Alluvial,1208.1,Rainfed,78442,1,0,69.8,40000,17250,0.5978
FC-006446,PB,PB-Majha,Wheat,Rabi,2.24,Alluvial,718.8,Canal,220716,1,0,88.5,117500,4957,0.2514
FC-006447,MP,MP-Mahakoshal,Groundnut,Kharif,1.01,Red,1032.2,Rainfed,109039,0,1,43.5,40000,156119,0.8
FC-006448,MP,MP-Chambal,Cotton,Kharif,1.18,Black,1003.0,Canal,115265,1,0,100.0,91680,235539,0.6041
FC-006449,BR,BR-North,Rice,Rabi,8.24,Alluvial,1080.6,Rainfed,506666,3,0,76.4,343276,2165,0.39
FC-006450,PB,PB-Majha,Wheat,Rabi,2.2,Sandy,557.4,Canal,186274,3,0,67.1,73301,69356,0.7238
FC-006451,KA,KA-South,Millet,Kharif,0.85,Red,876.4,Drip,93854,2,0,92.4,40000,13421,0.292
FC-006452,RJ,RJ-Mewar,Mustard,Rabi,1.17,Red,250.0,Drip,95104,2,0,68.8,50189,13938,0.5017
FC-006453,MH,MH-Marathwada,Cotton,Kharif,4.46,Laterite,914.7,Rainfed,356401,3,0,99.2,326445,5014,0.2517
FC-006454,GJ,GJ-Saurashtra,Cotton,Kharif,6.49,Black,1218.4,Canal,522240,2,0,96.2,441350,65513,0.1161
FC-006455,HR,HR-East,Wheat,Rabi,1.84,Alluvial,483.9,Drip,89861,5,0,57.1,77715,400000,0.7602
FC-006456,MH,MH-Western,Wheat,Rabi,1.47,Black,760.0,Tubewell,118126,0,0,62.2,105775,49082,0.2937
FC-006457,HR,HR-West,Cotton,Kharif,2.97,Black,525.7,Tubewell,190395,4,0,92.3,150917,45263,0.2442
FC-006458,MH,MH-Marathwada,Sugarcane,Rabi,2.51,Black,749.1,Tubewell,341110,3,0,46.5,523061,9141,0.383
FC-006459,AP,AP-Rayalaseema,Pulses,Kharif,0.5,Alluvial,1060.1,Canal,81194,0,1,13.6,40000,107442,0.8793
FC-006460,MH,MH-Marathwada,Sugarcane,Rabi,8.67,Alluvial,844.8,Tubewell,430550,3,0,56.2,700000,21178,0.1902
FC-006461,TG,TG-South,Cotton,Kharif,0.43,Laterite,963.2,Tubewell,47048,0,0,77.5,40447,11872,0.2982
FC-006462,MH,MH-Marathwada,Millet,Kharif,5.72,Black,673.8,Drip,339021,1,0,95.2,104959,0,0.3216
FC-006463,UP,UP-Central,Wheat,Rabi,0.88,Alluvial,938.0,Tubewell,84712,1,0,94.2,59740,25302,0.2419
FC-006464,MH,MH-Western,Rice,Kharif,0.63,Laterite,1030.3,Canal,55219,0,0,89.6,40000,0,0.1526
FC-006465,UP,UP-Bundelkhand,Rice,Kharif,1.73,Alluvial,858.0,Canal,128881,5,0,99.9,172660,52953,0.1202
FC-006466,RJ,RJ-Marwar,Groundnut,Rabi,1.04,Alluvial,328.0,Tubewell,119307,1,0,88.3,45912,0,0.4769
FC-006467,BR,BR-South,Wheat,Rabi,1.79,Alluvial,1251.3,Rainfed,162579,3,0,67.3,100986,2947,0.3694
FC-006468,HR,HR-South,Wheat,Rabi,1.62,Alluvial,513.3,Rainfed,134031,1,0,77.4,64886,38889,0.5328
FC-006469,TG,TG-North,Cotton,Kharif,0.88,Alluvial,1057.6,Drip,87407,1,0,84.2,41004,30359,0.6185
FC-006470,TG,TG-South,Cotton,Kharif,4.75,Red,956.8,Rainfed,322369,3,0,84.0,429885,20223,0.1048
FC-006471,UP,UP-Western,Rice,Rabi,1.96,Alluvial,893.1,Tubewell,170809,0,0,86.7,155592,59491,0.2663
FC-006472,TG,TG-South,Pulses,Kharif,0.9,Black,732.4,Drip,109350,2,0,84.0,40000,25827,0.5403
FC-006473,KA,KA-North,Rice,Kharif,1.82,Laterite,1115.9,Canal,147318,2,0,74.3,115920,100807,0.3339
FC-006474,BR,BR-North,Mustard,Rabi,1.72,Alluvial,989.9,Tubewell,176051,1,0,71.8,91313,94290,0.6401
FC-006475,MH,MH-Marathwada,Soybean,Kharif,1.61,Black,958.7,Tubewell,103733,4,0,72.0,66170,40889,0.353
FC-006476,RJ,RJ-Marwar,Groundnut,Rabi,1.02,Sandy,364.9,Tubewell,106743,1,0,65.2,49294,0,0.312
FC-006477,BR,BR-North,Rice,Rabi,2.33,Alluvial,1074.8,Tubewell,177246,4,0,69.0,97697,16044,0.5436
FC-006478,AP,AP-Rayalaseema,Groundnut,Kharif,1.6,Alluvial,1125.5,Rainfed,141456,3,0,83.8,50297,23921,0.6831
FC-006479,GJ,GJ-South,Wheat,Rabi,0.44,Alluvial,660.2,Canal,66872,2,0,82.1,40000,34781,0.57
FC-006480,MH,MH-Konkan,Sugarcane,Kharif,1.88,Red,1481.5,Tubewell,182129,0,0,75.6,406676,18444,0.1182
FC-006481,UP,UP-Central,Groundnut,Rabi,2.21,ClayLoam,1036.8,Canal,124343,1,0,75.3,139055,37238,0.1177
FC-006482,HR,HR-West,Mustard,Rabi,0.65,Alluvial,615.8,Rainfed,68081,2,0,79.8,40000,0,0.202
FC-006483,TN,TN-North,Rice,Kharif,0.66,Alluvial,1373.6,Canal,47401,0,0,84.2,48074,44388,0.2034
FC-006484,GJ,GJ-North,Cotton,Kharif,4.1,Red,674.9,Drip,423070,2,0,80.0,363191,113812,0.2616
FC-006485,PB,PB-Malwa,Maize,Kharif,1.47,Alluvial,731.8,Tubewell,92477,2,0,73.3,77893,43475,0.2574
FC-006486,MH,MH-Western,Millet,Kharif,1.0,Black,918.1,Rainfed,108948,0,0,83.7,40000,34776,0.7293
FC-006487,TN,TN-South,Cotton,Kharif,1.38,Alluvial,978.7,Canal,82982,1,0,84.0,40000,24884,0.275
FC-006488,AP,AP-Upland,Rice,Kharif,4.14,ClayLoam,1244.7,Tubewell,381378,5,0,87.8,370786,55948,0.1836
FC-006489,AP,AP-Rayalaseema,Groundnut,Rabi,0.53,ClayLoam,533.0,Tubewell,42844,1,0,76.6,40000,0,0.3519
FC-006490,MP,MP-Malwa,Soybean,Kharif,0.49,ClayLoam,822.0,Drip,44473,1,0,97.0,40000,51528,0.3377
FC-006491,KA,KA-Central,Pulses,Kharif,1.81,Red,1152.1,Drip,152244,1,0,78.8,78063,29021,0.3276
FC-006492,TG,TG-North,Rice,Rabi,2.33,Laterite,783.6,Canal,164851,1,0,61.9,129952,28652,0.2666
FC-006493,TN,TN-North,Cotton,Kharif,4.06,Alluvial,839.6,Canal,341557,1,0,66.6,250735,2118,0.2299
FC-006494,TG,TG-South,Pulses,Rabi,0.84,Black,1136.5,Drip,101633,0,0,90.8,40000,0,0.4255
FC-006495,MH,MH-Western,Pulses,Kharif,0.53,ClayLoam,652.8,Drip,68962,3,0,86.8,40000,4530,0.3166
FC-006496,MP,MP-Bundelkhand,Maize,Rabi,4.43,Alluvial,1043.1,Canal,282060,2,0,71.1,228579,0,0.2377
FC-006497,MP,MP-Bundelkhand,Wheat,Rabi,1.57,Black,1041.6,Canal,129250,2,0,63.3,142910,27098,0.1673
FC-006498,TN,TN-South,Millet,Kharif,0.71,Red,865.9,Tubewell,85784,2,0,73.5,40000,10935,0.5589
FC-006499,TG,TG-Central,Rice,Rabi,0.2,Laterite,756.1,Rainfed,32343,2,0,70.0,40000,11980,0.3147
FC-006500,HR,HR-West,Wheat,Rabi,0.45,Sandy,521.6,Drip,57904,1,0,85.4,40000,166808,0.7851
FC-006501,BR,BR-South,Pulses,Rabi,0.7,Sandy,1314.6,Rainfed,84583,3,0,55.9,40000,17250,0.6106
FC-006502,KA,KA-Coastal,Cotton,Kharif,1.54,Sandy,1411.7,Rainfed,109762,2,0,81.5,59535,0,0.2264
FC-006503,UP,UP-Western,Wheat,Rabi,2.43,Alluvial,945.5,Rainfed,222138,1,0,71.0,192642,22559,0.325
FC-006504,BR,BR-South,Rice,Rabi,1.06,Alluvial,1190.3,Rainfed,103699,3,0,75.1,69818,32495,0.4751
FC-006505,MP,MP-Mahakoshal,Rice,Kharif,2.62,Black,1131.2,Drip,214176,3,0,93.8,149938,104141,0.228
FC-006506,KA,KA-North,Maize,Rabi,4.26,Laterite,1766.6,Rainfed,368653,3,0,85.6,262028,19221,0.3948
FC-006507,TN,TN-West,Rice,Kharif,5.95,Alluvial,1067.7,Rainfed,600217,5,0,99.5,505852,48459,0.1683
FC-006508,AP,AP-Rayalaseema,Rice,Kharif,0.33,Red,1172.9,Tubewell,49925,1,0,63.0,40000,264338,0.7472
FC-006509,MH,MH-Marathwada,Wheat,Rabi,0.63,Alluvial,686.8,Tubewell,78177,2,0,53.0,40000,2121,0.5557
FC-006510,HR,HR-South,Rice,Kharif,0.22,Alluvial,450.7,Tubewell,33535,0,0,61.1,40000,26129,0.5475
FC-006511,UP,UP-Central,Wheat,Rabi,0.59,Alluvial,289.1,Tubewell,69985,2,0,84.7,40000,28843,0.5876
FC-006512,MH,MH-Konkan,Wheat,Rabi,1.63,Black,1004.0,Canal,140972,1,0,67.5,118240,0,0.2188
FC-006513,GJ,GJ-South,Groundnut,Kharif,3.31,Sandy,870.5,Canal,283397,0,0,76.6,101673,17472,0.4879
FC-006514,RJ,RJ-Shekhawati,Millet,Kharif,1.88,Alluvial,409.6,Tubewell,134631,0,0,61.2,40000,59525,0.7501
FC-006515,HR,HR-South,Maize,Rabi,1.58,ClayLoam,365.5,Tubewell,121370,2,0,87.0,106320,20954,0.3322
FC-006516,KA,KA-Central,Pulses,Kharif,1.02,Sandy,1467.4,Tubewell,58430,2,0,44.3,40000,0,0.2902
FC-006517,KA,KA-South,Cotton,Kharif,2.89,Laterite,875.5,Canal,164486,1,0,70.0,158556,31622,0.318
FC-006518,TN,TN-North,Rice,Kharif,2.15,Red,468.1,Rainfed,160924,1,0,80.3,79580,68850,0.7682
FC-006519,AP,AP-Rayalaseema,Rice,Rabi,0.59,Black,1094.6,Tubewell,84941,5,0,70.2,40000,12253,0.389
FC-006520,RJ,RJ-Mewar,Millet,Kharif,0.57,Sandy,366.0,Drip,58811,2,0,92.4,40000,22611,0.1654
FC-006521,MP,MP-Chambal,Pulses,Kharif,2.14,Black,1153.7,Drip,122671,2,0,56.4,81231,14754,0.3096
FC-006522,KA,KA-Coastal,Rice,Kharif,0.35,ClayLoam,917.3,Rainfed,72837,4,1,61.1,40000,15504,0.8247
FC-006523,PB,PB-Majha,Wheat,Rabi,0.46,Alluvial,611.0,Canal,77357,2,0,56.2,40000,21779,0.6537
FC-006524,KA,KA-North,Wheat,Rabi,0.98,Red,1602.3,Canal,102208,3,0,94.0,40000,3667,0.4224
FC-006525,UP,UP-Central,Soybean,Kharif,1.41,Alluvial,1069.4,Rainfed,115563,1,0,74.7,40000,55588,0.6933
FC-006526,KA,KA-Coastal,Soybean,Kharif,0.65,Red,1160.9,Tubewell,53394,3,0,78.1,40000,15544,0.2381
FC-006527,BR,BR-North,Wheat,Rabi,0.36,Alluvial,1324.3,Drip,66948,1,0,66.7,40000,110437,0.7872
FC-006528,MP,MP-Chambal,Soybean,Kharif,1.97,Laterite,1108.9,Rainfed,176134,3,0,76.0,59784,66336,0.8142
FC-006529,KA,KA-Coastal,Pulses,Kharif,0.35,Black,752.8,Tubewell,41874,4,0,57.7,40000,13940,0.357
FC-006530,AP,AP-Upland,Rice,Kharif,2.12,Laterite,1165.2,Rainfed,164651,1,0,76.0,74147,22498,0.4951
FC-006531,MP,MP-Malwa,Rice,Kharif,0.94,Black,990.4,Rainfed,56314,3,0,47.7,40000,159090,0.7815
FC-006532,MP,MP-Chambal,Maize,Kharif,3.77,Black,844.7,Tubewell,286581,3,0,80.7,173817,19084,0.3304
FC-006533,MP,MP-Mahakoshal,Maize,Kharif,0.34,Black,1133.7,Rainfed,51096,6,0,97.3,40000,6867,0.1432
FC-006534,UP,UP-Bundelkhand,Maize,Kharif,4.54,Alluvial,586.5,Tubewell,266330,4,0,88.3,156342,8077,0.1796
FC-006535,HR,HR-West,Wheat,Rabi,1.09,Sandy,619.5,Tubewell,64966,2,0,96.9,65983,41814,0.2587
FC-006536,MP,MP-Mahakoshal,Pulses,Rabi,1.92,Black,893.1,Tubewell,153314,1,0,55.5,49994,61566,0.7932
FC-006537,MP,MP-Mahakoshal,Wheat,Rabi,2.21,ClayLoam,1113.5,Tubewell,132725,2,0,73.9,172067,28915,0.1948
FC-006538,UP,UP-Bundelkhand,Wheat,Rabi,1.12,Alluvial,867.0,Tubewell,70294,0,0,78.3,48290,5563,0.2493
FC-006539,UP,UP-Eastern,Wheat,Rabi,1.99,Alluvial,1125.6,Rainfed,181375,4,0,96.4,79014,0,0.3519
FC-006540,UP,UP-Western,Sugarcane,Rabi,0.43,Alluvial,529.8,Canal,45177,2,0,86.8,49234,26097,0.2189
FC-006541,AP,AP-Coastal,Rice,Kharif,4.24,Sandy,952.3,Canal,391247,1,0,66.0,268194,76296,0.3126
FC-006542,MH,MH-Western,Cotton,Kharif,0.44,Black,791.5,Tubewell,45047,2,0,63.9,40000,125515,0.801
FC-006543,UP,UP-Eastern,Pulses,Rabi,1.03,Alluvial,771.5,Tubewell,102531,4,0,84.9,40000,58201,0.6727
FC-006544,KA,KA-Central,Groundnut,Rabi,0.72,ClayLoam,619.6,Canal,76923,0,0,63.1,40000,21962,0.5825
FC-006545,BR,BR-South,Wheat,Rabi,1.66,Alluvial,1394.0,Rainfed,145066,6,0,41.7,89045,185668,0.8568
FC-006546,TN,TN-North,Soybean,Kharif,1.01,Alluvial,916.7,Canal,115395,3,0,67.9,40000,11241,0.4916
FC-006547,TN,TN-West,Pulses,Rabi,1.15,ClayLoam,699.5,Drip,103241,2,0,100.0,40000,270942,0.722
FC-006548,HR,HR-East,Wheat,Rabi,1.79,ClayLoam,588.2,Canal,187708,2,0,95.7,106365,12980,0.2915
FC-006549,AP,AP-Coastal,Soybean,Kharif,2.52,Black,1271.8,Canal,183498,3,0,75.6,127321,27717,0.2617
FC-006550,PB,PB-Majha,Wheat,Rabi,5.91,Alluvial,612.2,Drip,358148,3,0,63.1,314515,58278,0.3706
FC-006551,AP,AP-Rayalaseema,Pulses,Rabi,0.95,Red,915.1,Drip,111294,2,0,87.1,40000,12669,0.4472
FC-006552,BR,BR-South,Wheat,Rabi,3.71,ClayLoam,887.6,Tubewell,323983,1,0,70.4,145644,2673,0.5485
FC-006553,KA,KA-Central,Millet,Kharif,1.62,Alluvial,488.8,Drip,87187,0,0,76.6,40000,16629,0.3634
FC-006554,UP,UP-Eastern,Cotton,Kharif,1.17,Alluvial,1044.7,Tubewell,131409,3,0,94.2,75722,20355,0.1918
FC-006555,TN,TN-Delta,Rice,Rabi,0.48,Red,1150.2,Rainfed,67655,0,0,77.8,49842,30465,0.1915
FC-006556,GJ,GJ-Central,Cotton,Kharif,0.53,Sandy,847.2,Rainfed,67278,3,0,75.5,40000,16401,0.5574
FC-006557,AP,AP-Upland,Rice,Rabi,2.61,Black,707.0,Rainfed,136867,0,0,60.0,150288,35530,0.5224
FC-006558,UP,UP-Western,Wheat,Rabi,1.68,ClayLoam,959.9,Canal,118692,4,0,52.3,63623,172570,0.7625
FC-006559,BR,BR-North,Rice,Rabi,0.51,Alluvial,1199.1,Rainfed,55288,1,0,55.9,40000,0,0.4619
FC-006560,AP,AP-Coastal,Rice,Rabi,2.23,Red,1038.3,Rainfed,142847,3,0,87.3,95516,66556,0.2285
FC-006561,AP,AP-Coastal,Cotton,Kharif,1.86,Sandy,1047.8,Canal,156813,0,0,67.8,156546,33870,0.2005
FC-006562,RJ,RJ-Shekhawati,Mustard,Rabi,2.96,Laterite,395.7,Rainfed,215598,2,0,96.2,83710,33333,0.5061
FC-006563,TN,TN-West,Pulses,Kharif,0.93,ClayLoam,919.5,Canal,77564,1,0,76.8,40000,17976,0.471
FC-006564,MP,MP-Mahakoshal,Pulses,Rabi,0.86,Red,893.6,Canal,90260,2,0,47.5,40000,12819,0.5185
FC-006565,TN,TN-Delta,Soybean,Kharif,1.97,Alluvial,656.4,Rainfed,170059,3,0,71.1,55674,57608,0.8942
FC-006566,PB,PB-Malwa,Rice,Rabi,1.91,Alluvial,767.7,Drip,145104,0,0,84.6,104907,15830,0.2593
FC-006567,MP,MP-Malwa,Soybean,Kharif,1.6,Black,1221.7,Canal,150380,2,0,74.2,43555,58440,0.7603
FC-006568,KA,KA-Coastal,Pulses,Rabi,2.05,Laterite,1368.7,Tubewell,117606,4,0,47.3,59493,55891,0.6156
FC-006569,HR,HR-East,Mustard,Rabi,0.99,Alluvial,722.1,Canal,93037,1,0,85.7,40000,33698,0.5997
FC-006570,BR,BR-Gangetic,Sugarcane,Kharif,4.71,Alluvial,1167.5,Canal,505718,7,0,66.1,700000,36535,0.1664
FC-006571,KA,KA-Central,Groundnut,Rabi,2.1,ClayLoam,699.8,Canal,127386,2,0,97.4,98726,51200,0.3394
FC-006572,RJ,RJ-Shekhawati,Mustard,Rabi,0.66,Sandy,250.0,Rainfed,71362,1,1,41.4,40000,53999,0.8385
FC-006573,KA,KA-Coastal,Rice,Kharif,0.92,Red,1518.4,Tubewell,92465,2,0,64.1,40000,18802,0.5291
FC-006574,TN,TN-South,Groundnut,Kharif,0.46,ClayLoam,1104.1,Tubewell,75739,1,0,84.5,40000,0,0.3395
FC-006575,UP,UP-Bundelkhand,Sugarcane,Kharif,1.07,Alluvial,839.7,Drip,150441,2,0,48.2,211659,4822,0.3019
FC-006576,KA,KA-North,Rice,Kharif,2.94,Red,887.6,Rainfed,158947,2,0,69.2,118123,42511,0.4678
FC-006577,GJ,GJ-North,Wheat,Rabi,2.01,Black,653.7,Tubewell,237384,0,0,64.6,208167,0,0.2758
FC-006578,MP,MP-Malwa,Pulses,Kharif,3.08,Red,736.7,Tubewell,138464,1,0,83.4,129527,84683,0.2887
FC-006579,BR,BR-South,Maize,Rabi,0.59,Alluvial,1038.6,Rainfed,79707,4,0,72.3,40000,101763,0.9268
FC-006580,UP,UP-Western,Rice,Rabi,2.0,Sandy,813.1,Tubewell,115336,3,0,97.1,79260,9898,0.1572
FC-006581,PB,PB-Malwa,Cotton,Kharif,0.84,Alluvial,726.2,Tubewell,69710,3,0,79.9,44115,6568,0.2806
FC-006582,PB,PB-Majha,Rice,Kharif,0.98,Alluvial,693.1,Tubewell,89156,2,0,89.4,43741,165076,0.7348
FC-006583,RJ,RJ-Mewar,Millet,Kharif,5.41,Alluvial,270.9,Rainfed,381863,1,0,86.3,118996,106204,0.881
FC-006584,MP,MP-Mahakoshal,Wheat,Rabi,1.64,Red,737.3,Tubewell,110862,2,0,72.5,91167,4527,0.1894
FC-006585,HR,HR-East,Cotton,Kharif,3.98,Sandy,629.9,Tubewell,421674,3,0,57.9,389607,5129,0.2756
FC-006586,TN,TN-South,Pulses,Rabi,0.56,Laterite,795.5,Rainfed,54296,5,0,93.8,40000,13718,0.2961
FC-006587,AP,AP-Rayalaseema,Millet,Kharif,0.96,Alluvial,1096.2,Rainfed,56175,3,0,74.5,40000,135842,0.9243
FC-006588,UP,UP-Central,Wheat,Rabi,2.4,Alluvial,899.9,Rainfed,218634,1,0,91.7,175269,31353,0.2672
FC-006589,HR,HR-West,Wheat,Rabi,6.62,ClayLoam,511.8,Canal,396098,4,0,64.6,218954,47016,0.3733
FC-006590,BR,BR-South,Wheat,Rabi,1.42,Alluvial,1143.3,Rainfed,127631,5,0,84.1,75731,8202,0.2925
FC-006591,RJ,RJ-Hadoti,Pulses,Rabi,4.54,Sandy,366.5,Canal,359463,4,0,79.1,211305,0,0.2439
FC-006592,BR,BR-Gangetic,Rice,Rabi,0.96,Alluvial,1019.1,Rainfed,83893,1,1,46.9,40000,13864,0.8183
FC-006593,AP,AP-Upland,Sugarcane,Rabi,0.55,Black,936.4,Tubewell,88330,2,0,91.4,64604,40808,0.2778
FC-006594,AP,AP-Upland,Groundnut,Kharif,0.64,ClayLoam,1112.6,Rainfed,45776,4,0,100.0,40000,11181,0.1722
FC-006595,BR,BR-Gangetic,Mustard,Rabi,8.03,Sandy,1268.3,Tubewell,407466,3,0,58.6,428516,0,0.108
FC-006596,HR,HR-South,Rice,Rabi,0.2,Alluvial,495.9,Tubewell,45715,2,0,89.0,40000,212311,0.74
FC-006597,UP,UP-Eastern,Rice,Rabi,0.47,Sandy,456.2,Tubewell,41279,0,0,74.2,40000,34000,0.518
FC-006598,MP,MP-Mahakoshal,Pulses,Kharif,1.56,Red,1341.2,Tubewell,145546,1,1,54.1,40000,0,0.8812
FC-006599,RJ,RJ-Shekhawati,Groundnut,Rabi,2.2,Alluvial,638.3,Rainfed,208824,4,0,45.8,156199,11971,0.2724
FC-006600,RJ,RJ-Shekhawati,Mustard,Rabi,5.81,Alluvial,250.0,Rainfed,391476,1,0,68.6,244574,68327,0.4886
FC-006601,UP,UP-Western,Rice,Kharif,0.54,Alluvial,980.8,Drip,73911,3,0,85.1,40000,46606,0.6855
FC-006602,MH,MH-Vidarbha,Soybean,Kharif,2.52,Alluvial,949.7,Drip,176947,2,0,100.0,95113,77451,0.2984
FC-006603,BR,BR-North,Maize,Kharif,2.63,Sandy,1104.9,Tubewell,132674,1,0,56.0,99662,5853,0.2327
FC-006604,UP,UP-Central,Rice,Kharif,0.32,Alluvial,870.2,Tubewell,39719,4,0,82.8,40000,37980,0.5998
FC-006605,KA,KA-North,Pulses,Rabi,0.77,Red,1443.4,Drip,98091,2,0,83.6,40000,0,0.323
FC-006606,UP,UP-Western,Wheat,Rabi,0.44,Alluvial,815.0,Drip,66146,1,0,83.1,40000,31933,0.5937
FC-006607,KA,KA-North,Sugarcane,Rabi,1.02,Black,961.8,Canal,167291,5,0,56.2,239408,29890,0.282
FC-006608,RJ,RJ-Shekhawati,Groundnut,Rabi,2.61,ClayLoam,250.0,Tubewell,251036,0,0,74.3,127594,27682,0.4865
FC-006609,HR,HR-West,Cotton,Kharif,2.16,Alluvial,567.5,Canal,229639,6,0,100.0,190000,619,0.2286
FC-006610,TN,TN-South,Rice,Kharif,1.0,Alluvial,1074.0,Canal,70599,1,0,81.7,67145,8978,0.2767
FC-006611,UP,UP-Western,Wheat,Rabi,1.08,Alluvial,568.1,Tubewell,110399,5,0,66.0,75893,26343,0.3134
FC-006612,GJ,GJ-Saurashtra,Wheat,Rabi,1.5,Sandy,411.6,Canal,95890,4,0,84.6,72300,9915,0.2505
FC-006613,KA,KA-Central,Maize,Kharif,1.5,Laterite,1167.6,Rainfed,111302,3,0,81.0,46436,6767,0.48
FC-006614,UP,UP-Bundelkhand,Rice,Rabi,1.16,Red,747.4,Canal,100231,3,0,67.3,67967,0,0.3888
FC-006615,UP,UP-Western,Wheat,Rabi,0.46,Alluvial,773.8,Drip,62454,3,0,80.2,40000,35259,0.6375
FC-006616,KA,KA-South,Groundnut,Kharif,1.28,Alluvial,1134.0,Canal,143606,1,0,86.5,107979,5734,0.1817
FC-006617,TG,TG-South,Wheat,Rabi,2.11,Black,380.4,Tubewell,216408,2,0,64.1,138760,140762,0.7147
FC-006618,PB,PB-Malwa,Wheat,Rabi,0.3,Red,847.5,Tubewell,65465,2,0,82.0,40000,18519,0.3618
FC-006619,AP,AP-Upland,Pulses,Rabi,0.71,Black,983.7,Canal,86614,3,0,77.2,40000,126207,0.6752
FC-006620,RJ,RJ-Marwar,Wheat,Rabi,1.77,ClayLoam,436.5,Tubewell,133460,2,0,88.9,103344,36333,0.281
FC-006621,UP,UP-Western,Wheat,Rabi,2.06,Alluvial,939.8,Drip,178985,2,0,91.3,136123,8173,0.198
FC-006622,RJ,RJ-Mewar,Pulses,Rabi,0.37,Sandy,633.3,Canal,70654,3,1,60.0,40000,112804,0.7821
FC-006623,GJ,GJ-Central,Rice,Rabi,0.83,Black,913.7,Drip,98125,1,0,65.1,57765,12022,0.4389
FC-006624,TG,TG-Central,Rice,Kharif,2.51,Red,812.5,Rainfed,254107,1,0,56.7,152394,7987,0.5456
FC-006625,UP,UP-Western,Rice,Kharif,0.44,Alluvial,1046.2,Rainfed,48379,5,0,82.0,40000,0,0.2833
FC-006626,MH,MH-Western,Pulses,Kharif,0.24,Sandy,985.5,Canal,41283,1,0,91.8,40000,18564,0.2771
FC-006627,GJ,GJ-South,Millet,Kharif,1.77,Sandy,375.5,Rainfed,101338,2,0,56.8,40000,47817,0.8564
FC-006628,KA,KA-Central,Millet,Kharif,1.02,Black,1170.8,Tubewell,102426,7,0,56.8,40000,106935,0.7639
FC-006629,MP,MP-Chambal,Soybean,Kharif,0.37,Red,1004.1,Drip,51349,2,0,85.8,40000,36116,0.5225
FC-006630,TG,TG-South,Rice,Rabi,0.65,ClayLoam,873.5,Canal,88705,2,0,70.7,43555,0,0.6676
FC-006631,TN,TN-West,Rice,Rabi,3.21,Black,1296.3,Canal,278156,1,0,87.7,272812,0,0.1141
FC-006632,RJ,RJ-Marwar,Mustard,Rabi,2.14,Sandy,483.4,Canal,108558,2,0,89.4,97477,14527,0.2458
FC-006633,HR,HR-South,Maize,Kharif,4.94,Sandy,616.6,Tubewell,267702,3,0,87.0,158277,3683,0.1245
FC-006634,MH,MH-Marathwada,Soybean,Kharif,0.89,ClayLoam,786.7,Drip,63176,2,0,79.8,40000,48636,0.5345
FC-006635,AP,AP-Coastal,Rice,Kharif,0.78,Red,856.6,Canal,79869,2,0,65.7,40000,42982,0.5363
FC-006636,MP,MP-Mahakoshal,Soybean,Kharif,2.99,Alluvial,1080.1,Tubewell,258901,0,0,84.5,81171,18567,0.5995
FC-006637,MH,MH-Marathwada,Sugarcane,Kharif,0.67,Black,707.5,Tubewell,79685,0,0,66.1,86918,116793,0.3336
FC-006638,RJ,RJ-Shekhawati,Wheat,Rabi,4.57,Sandy,389.7,Tubewell,221027,1,0,80.6,276587,73723,0.2622
FC-006639,UP,UP-Bundelkhand,Wheat,Rabi,2.07,Alluvial,903.0,Canal,120981,2,0,96.5,110596,14393,0.1678
FC-006640,MH,MH-Vidarbha,Cotton,Kharif,0.39,Laterite,768.5,Drip,45050,1,0,95.0,40000,21682,0.1681
FC-006641,KA,KA-North,Sugarcane,Rabi,2.06,Black,1153.3,Drip,235487,4,0,67.7,443273,42032,0.137
FC-006642,MH,MH-Konkan,Cotton,Kharif,0.41,Black,730.4,Rainfed,57802,3,1,20.8,40000,171816,0.937
FC-006643,MH,MH-Vidarbha,Rice,Kharif,0.52,Black,1087.2,Canal,66312,0,0,82.3,40000,24081,0.3403
FC-006644,MH,MH-Marathwada,Pulses,Kharif,1.87,Red,1206.6,Drip,146545,3,0,72.6,40000,65720,0.6625
FC-006645,TG,TG-South,Rice,Rabi,1.81,Sandy,1210.4,Rainfed,114763,1,0,95.1,99278,15697,0.2216
FC-006646,HR,HR-West,Mustard,Rabi,3.29,Alluvial,666.8,Rainfed,273125,4,0,84.5,265339,9133,0.1326
FC-006647,MH,MH-Western,Groundnut,Kharif,3.14,Black,895.8,Rainfed,300592,1,0,94.9,202914,8628,0.3828
FC-006648,UP,UP-Western,Rice,Rabi,1.85,Alluvial,1093.8,Tubewell,120667,2,0,63.6,135039,28646,0.2022
FC-006649,BR,BR-South,Pulses,Rabi,2.5,ClayLoam,1129.8,Tubewell,169406,0,0,75.5,74795,17059,0.3629
FC-006650,HR,HR-South,Maize,Kharif,2.97,Alluvial,419.9,Rainfed,153269,1,0,64.5,85163,33609,0.6094
FC-006651,MP,MP-Mahakoshal,Soybean,Kharif,1.66,Black,1129.0,Rainfed,152348,0,0,71.0,87905,0,0.36
FC-006652,KA,KA-North,Maize,Rabi,2.85,Red,1707.3,Rainfed,226716,0,0,88.0,105598,19040,0.4027
FC-006653,PB,PB-Majha,Wheat,Rabi,0.38,Alluvial,726.3,Rainfed,52099,1,0,91.2,40000,60286,0.5845
FC-006654,UP,UP-Western,Rice,Kharif,0.86,Sandy,849.6,Tubewell,67479,4,0,62.1,40000,18321,0.4065
FC-006655,RJ,RJ-Mewar,Pulses,Rabi,0.59,Alluvial,363.6,Canal,84892,0,0,66.8,40000,70455,0.8586
FC-006656,MP,MP-Chambal,Maize,Kharif,1.52,Black,929.8,Tubewell,105244,2,0,64.5,87654,0,0.2716
FC-006657,TG,TG-South,Maize,Rabi,1.88,Sandy,954.4,Tubewell,170412,2,0,52.5,51758,17951,0.7934
FC-006658,UP,UP-Western,Wheat,Rabi,0.95,Sandy,703.5,Drip,108240,4,0,69.6,43229,3207,0.5592
FC-006659,TG,TG-North,Cotton,Kharif,2.79,Red,932.2,Tubewell,237274,2,0,93.8,257631,138537,0.1939
FC-006660,UP,UP-Eastern,Sugarcane,Rabi,1.02,Alluvial,739.0,Rainfed,101304,1,0,55.0,209398,7362,0.2934
FC-006661,PB,PB-Doaba,Wheat,Rabi,1.22,Alluvial,593.1,Drip,77885,4,0,83.7,92399,46569,0.256
FC-006662,UP,UP-Eastern,Cotton,Kharif,3.71,Alluvial,1049.2,Canal,304042,2,0,80.4,142921,14119,0.2488
FC-006663,KA,KA-Coastal,Cotton,Kharif,1.15,Black,1412.1,Canal,77410,4,0,78.8,92514,0,0.1163
FC-006664,TG,TG-Central,Pulses,Kharif,1.38,Sandy,703.7,Rainfed,132201,5,0,50.1,45123,0,0.676
FC-006665,TN,TN-South,Rice,Rabi,0.21,Alluvial,774.1,Tubewell,57377,2,1,48.4,40000,82919,0.8599
FC-006666,MH,MH-Konkan,Cotton,Kharif,1.64,Black,778.4,Canal,142591,2,0,65.3,106950,11963,0.2363
FC-006667,PB,PB-Malwa,Wheat,Rabi,1.65,Alluvial,477.9,Tubewell,111695,0,0,62.5,109780,4561,0.2256
FC-006668,KA,KA-Central,Groundnut,Rabi,2.08,Black,1048.1,Rainfed,191662,1,0,66.7,134944,150851,0.5682
FC-006669,UP,UP-Eastern,Rice,Rabi,1.67,Alluvial,775.3,Rainfed,159849,3,0,63.1,91545,28158,0.6312
FC-006670,MP,MP-Mahakoshal,Wheat,Rabi,0.87,Black,1282.1,Rainfed,62653,4,0,78.3,50033,0,0.3311
FC-006671,HR,HR-East,Cotton,Kharif,0.9,Sandy,605.0,Rainfed,83892,1,1,59.9,48848,372611,0.823
FC-006672,AP,AP-Rayalaseema,Cotton,Kharif,1.04,Red,1187.5,Rainfed,119358,3,0,38.5,90395,0,0.5456
FC-006673,MP,MP-Bundelkhand,Wheat,Rabi,0.67,Black,1357.4,Canal,89681,2,0,44.8,43187,13661,0.5864
FC-006674,TN,TN-South,Rice,Rabi,1.25,Black,1119.5,Canal,78125,2,0,96.8,64312,50787,0.3154
FC-006675,MP,MP-Bundelkhand,Rice,Rabi,1.52,Black,856.6,Rainfed,131621,4,0,33.3,109517,16176,0.541
FC-006676,MH,MH-Western,Soybean,Kharif,3.35,Black,894.1,Rainfed,200409,4,0,83.1,124260,400000,0.8101
FC-006677,RJ,RJ-Mewar,Groundnut,Kharif,1.41,Alluvial,507.1,Tubewell,117208,3,0,81.2,82613,103278,0.5607
FC-006678,RJ,RJ-Mewar,Wheat,Rabi,1.38,ClayLoam,496.0,Rainfed,146679,1,1,33.3,68433,400000,0.9188
FC-006679,PB,PB-Malwa,Wheat,Rabi,0.39,Sandy,542.7,Tubewell,55195,1,0,88.4,40000,21892,0.3385
FC-006680,TN,TN-West,Rice,Rabi,0.89,Black,1406.4,Canal,79154,4,0,46.8,66934,261274,0.7702
FC-006681,MH,MH-Marathwada,Rice,Kharif,0.51,Black,1050.2,Canal,49572,2,0,90.8,40000,23337,0.3694
FC-006682,UP,UP-Bundelkhand,Rice,Kharif,1.15,Alluvial,803.2,Tubewell,106510,0,0,80.0,69355,0,0.3076
FC-006683,TG,TG-South,Cotton,Kharif,1.01,ClayLoam,800.3,Rainfed,77261,3,0,100.0,90362,19284,0.1532
FC-006684,MP,MP-Mahakoshal,Wheat,Rabi,0.57,Alluvial,1325.5,Rainfed,90039,1,0,63.4,50856,4567,0.3676
FC-006685,MH,MH-Marathwada,Sugarcane,Rabi,5.33,Laterite,712.6,Rainfed,397151,2,0,83.7,700000,0,0.2742
FC-006686,BR,BR-North,Wheat,Rabi,0.7,Alluvial,1004.2,Rainfed,86960,2,0,75.3,51509,167280,0.8066
FC-006687,AP,AP-Rayalaseema,Rice,Rabi,2.14,Black,870.7,Tubewell,114617,1,0,75.3,114449,10017,0.2595
FC-006688,BR,BR-Gangetic,Rice,Kharif,0.79,Alluvial,1511.3,Rainfed,108248,2,0,82.7,77731,22084,0.3584
FC-006689,MP,MP-Malwa,Wheat,Rabi,1.19,Black,902.7,Drip,133672,0,0,92.1,65247,0,0.3291
FC-006690,AP,AP-Coastal,Cotton,Kharif,1.84,Black,1148.6,Tubewell,158852,6,0,74.4,91724,107618,0.4196
FC-006691,KA,KA-Central,Soybean,Kharif,1.15,Black,945.1,Canal,84167,1,0,54.7,40564,0,0.3929
FC-006692,UP,UP-Bundelkhand,Wheat,Rabi,1.7,Alluvial,873.2,Tubewell,88956,2,0,84.3,81579,0,0.1298
FC-006693,HR,HR-East,Wheat,Rabi,1.22,Alluvial,542.0,Tubewell,112205,4,0,86.0,73400,10749,0.2866
FC-006694,AP,AP-Coastal,Rice,Kharif,1.84,ClayLoam,905.6,Rainfed,100361,5,0,78.7,129478,43384,0.39
FC-006695,BR,BR-Gangetic,Wheat,Rabi,3.15,Alluvial,1517.6,Canal,171349,1,0,58.9,138531,143357,0.4718
FC-006696,GJ,GJ-South,Cotton,Kharif,0.46,Sandy,1250.8,Canal,71198,5,0,81.4,40000,10994,0.3696
FC-006697,RJ,RJ-Hadoti,Wheat,Rabi,1.25,Alluvial,605.5,Tubewell,77961,2,0,81.1,67526,12087,0.2799
FC-006698,MP,MP-Mahakoshal,Cotton,Kharif,0.2,Red,1142.6,Rainfed,33402,3,0,71.8,40000,4825,0.1465
FC-006699,TN,TN-West,Rice,Kharif,0.51,Black,736.0,Tubewell,51258,3,0,69.6,40000,25770,0.5479
FC-006700,PB,PB-Majha,Wheat,Rabi,0.44,Alluvial,837.5,Rainfed,43166,1,0,67.2,40000,16043,0.2504
FC-006701,MP,MP-Malwa,Pulses,Rabi,2.62,Black,1028.0,Tubewell,230131,2,0,79.2,89141,17436,0.4592
FC-006702,MP,MP-Chambal,Soybean,Kharif,0.9,Black,951.0,Canal,98939,1,0,92.8,51314,37472,0.324
FC-006703,MP,MP-Bundelkhand,Groundnut,Rabi,0.96,Red,730.2,Tubewell,100559,1,0,100.0,84135,35187,0.2126
FC-006704,RJ,RJ-Hadoti,Pulses,Kharif,4.54,ClayLoam,796.1,Rainfed,195951,0,0,78.1,65369,0,0.5513
FC-006705,HR,HR-West,Wheat,Rabi,0.8,Alluvial,570.7,Drip,63838,3,0,86.1,41470,2922,0.2221
FC-006706,BR,BR-North,Maize,Kharif,1.45,Alluvial,1495.3,Rainfed,126419,1,0,58.4,69662,113352,0.793
FC-006707,RJ,RJ-Mewar,Millet,Kharif,1.29,ClayLoam,360.0,Canal,123138,1,0,69.2,40000,12870,0.6158
FC-006708,MP,MP-Chambal,Pulses,Kharif,1.5,Black,870.1,Canal,76048,1,0,92.7,49166,0,0.2778
FC-006709,KA,KA-South,Maize,Kharif,2.11,Black,1103.1,Rainfed,148303,6,0,83.9,83799,6725,0.2906
FC-006710,AP,AP-Coastal,Groundnut,Kharif,2.87,Black,908.9,Rainfed,205391,2,0,79.2,146483,79725,0.3814
FC-006711,BR,BR-South,Rice,Kharif,0.91,Alluvial,1079.7,Drip,97708,3,0,86.7,53359,9768,0.3809
FC-006712,MH,MH-Konkan,Millet,Kharif,1.01,Black,632.3,Canal,58230,2,0,46.8,40000,101982,0.8718
FC-006713,PB,PB-Malwa,Wheat,Rabi,1.35,Alluvial,679.2,Tubewell,138595,3,0,70.4,84980,12399,0.22
FC-006714,BR,BR-Gangetic,Pulses,Kharif,1.4,Alluvial,1331.1,Drip,141291,4,0,72.0,42263,0,0.591
FC-006715,GJ,GJ-South,Maize,Rabi,1.36,Black,754.6,Rainfed,103292,1,0,65.4,72195,11102,0.4949
FC-006716,KA,KA-Central,Groundnut,Rabi,2.97,ClayLoam,773.5,Drip,179168,1,0,71.4,120767,14789,0.2088
FC-006717,MH,MH-Konkan,Cotton,Kharif,2.81,Black,952.7,Drip,143365,4,0,59.2,136896,29631,0.2389
FC-006718,TN,TN-West,Sugarcane,Kharif,0.78,Laterite,864.3,Canal,116982,1,0,41.6,90910,21182,0.547
FC-006719,HR,HR-South,Wheat,Rabi,1.26,Alluvial,472.6,Rainfed,124531,5,0,70.1,56838,16315,0.7092
FC-006720,AP,AP-Coastal,Rice,Kharif,1.09,Red,998.4,Tubewell,130347,0,0,65.4,64554,70670,0.6503
FC-006721,TN,TN-West,Rice,Rabi,4.63,ClayLoam,867.5,Tubewell,377971,2,0,93.0,265701,154962,0.2893
FC-006722,MP,MP-Malwa,Wheat,Rabi,0.67,Black,1196.4,Canal,74748,6,0,84.8,46342,13846,0.1614
FC-006723,PB,PB-Malwa,Rice,Rabi,1.12,Alluvial,719.7,Drip,137583,1,0,87.9,86921,21937,0.3347
FC-006724,MP,MP-Mahakoshal,Cotton,Kharif,0.61,Black,1175.7,Canal,92927,6,0,57.3,64934,27198,0.2427
FC-006725,UP,UP-Western,Maize,Rabi,1.07,Alluvial,789.3,Tubewell,73092,3,0,81.3,66768,14591,0.31
FC-006726,RJ,RJ-Shekhawati,Millet,Kharif,4.05,Red,616.1,Rainfed,254993,1,1,34.4,120168,123234,0.8387
FC-006727,KA,KA-Central,Pulses,Rabi,1.64,Alluvial,535.8,Rainfed,140927,2,1,55.1,54159,40836,0.817
FC-006728,RJ,RJ-Mewar,Millet,Kharif,1.69,Sandy,613.8,Canal,137713,2,0,81.6,40000,0,0.5859
FC-006729,BR,BR-North,Wheat,Rabi,0.68,Alluvial,1366.8,Rainfed,69447,1,0,33.5,40000,7153,0.49
FC-006730,KA,KA-Central,Maize,Kharif,0.4,Red,731.5,Rainfed,45761,2,0,74.9,40000,0,0.4673
FC-006731,KA,KA-North,Wheat,Rabi,0.44,Red,1119.0,Tubewell,62674,3,0,100.0,40000,5255,0.3439
FC-006732,BR,BR-North,Rice,Rabi,0.24,Alluvial,1272.7,Rainfed,59543,2,0,60.0,40000,0,0.485
FC-006733,MP,MP-Mahakoshal,Pulses,Kharif,0.64,Sandy,566.0,Tubewell,64886,1,0,51.1,40000,6931,0.4296
FC-006734,PB,PB-Doaba,Rice,Kharif,1.07,Sandy,523.7,Tubewell,102411,3,0,92.6,68893,19757,0.1674
FC-006735,RJ,RJ-Shekhawati,Millet,Kharif,0.45,Red,285.2,Tubewell,56866,3,0,78.9,40000,34848,0.4721
FC-006736,BR,BR-North,Rice,Kharif,1.38,ClayLoam,1116.4,Rainfed,138514,3,0,73.8,76918,21014,0.5348
FC-006737,HR,HR-West,Wheat,Rabi,0.31,Sandy,791.2,Canal,65694,2,0,82.5,40000,0,0.3342
FC-006738,MH,MH-Vidarbha,Wheat,Rabi,1.49,Black,895.6,Drip,140452,1,0,72.5,100407,35326,0.263
FC-006739,UP,UP-Bundelkhand,Pulses,Kharif,0.54,Sandy,709.7,Canal,51980,2,1,55.4,40000,104429,0.8322
FC-006740,PB,PB-Doaba,Wheat,Rabi,0.32,Alluvial,699.6,Tubewell,37231,0,0,97.1,40000,24973,0.2527
FC-006741,MP,MP-Malwa,Soybean,Kharif,1.11,Red,1229.0,Rainfed,111356,4,1,14.1,40000,49681,0.8758
FC-006742,MP,MP-Chambal,Pulses,Rabi,1.51,Black,1105.4,Rainfed,132480,3,0,80.5,61212,23760,0.5316
FC-006743,AP,AP-Coastal,Groundnut,Kharif,1.21,Black,1286.1,Rainfed,120397,1,0,58.8,50936,79520,0.8123
FC-006744,AP,AP-Upland,Rice,Kharif,0.52,Red,893.9,Tubewell,53532,2,0,79.1,43686,36452,0.7237
FC-006745,UP,UP-Bundelkhand,Cotton,Kharif,0.92,Sandy,641.9,Tubewell,93256,2,0,64.1,40000,7564,0.6303
FC-006746,UP,UP-Central,Rice,Kharif,3.38,Alluvial,857.0,Canal,290972,2,0,65.3,109830,32787,0.3905
FC-006747,UP,UP-Central,Sugarcane,Kharif,3.11,Alluvial,1196.2,Rainfed,439539,3,0,57.9,592721,43760,0.188
FC-006748,MH,MH-Vidarbha,Rice,Kharif,0.72,Laterite,896.5,Tubewell,79756,6,0,80.9,44344,13540,0.4104
FC-006749,TN,TN-West,Maize,Kharif,0.51,Sandy,896.5,Canal,59766,1,0,89.8,40000,130280,0.7667
FC-006750,TN,TN-North,Sugarcane,Kharif,0.81,Red,1058.1,Tubewell,103304,2,0,74.8,124408,6057,0.2951
FC-006751,HR,HR-East,Wheat,Rabi,0.65,Sandy,444.7,Rainfed,88673,2,1,37.9,40000,111102,0.9041
FC-006752,GJ,GJ-Saurashtra,Rice,Rabi,0.57,Alluvial,1068.0,Drip,75361,3,0,55.2,40000,24055,0.6229
FC-006753,UP,UP-Eastern,Sugarcane,Kharif,2.03,Alluvial,659.6,Drip,141121,2,0,100.0,243642,66984,0.1656
FC-006754,AP,AP-Coastal,Groundnut,Rabi,0.98,Black,854.6,Canal,76783,5,0,79.8,64165,12898,0.256
FC-006755,MH,MH-Konkan,Cotton,Kharif,0.32,Alluvial,850.1,Canal,52129,0,0,71.9,40000,6649,0.3746
FC-006756,BR,BR-North,Rice,Rabi,4.28,Alluvial,1333.2,Rainfed,230897,6,0,66.0,361201,0,0.2123
FC-006757,TG,TG-South,Rice,Rabi,2.2,Red,784.6,Drip,151997,5,0,72.1,65163,88771,0.6653
FC-006758,TG,TG-Central,Rice,Kharif,1.87,Black,1020.1,Tubewell,157281,2,0,87.5,123380,19596,0.1412
FC-006759,KA,KA-Coastal,Maize,Kharif,3.0,Black,1004.2,Rainfed,273328,3,0,36.5,131371,0,0.5303
FC-006760,MP,MP-Mahakoshal,Wheat,Rabi,0.46,Red,867.4,Rainfed,58542,5,0,63.1,40000,44927,0.6473
FC-006761,HR,HR-West,Rice,Kharif,0.55,ClayLoam,603.2,Rainfed,86513,4,0,70.7,43313,14688,0.5718
FC-006762,KA,KA-Central,Sugarcane,Rabi,1.64,ClayLoam,2055.7,Rainfed,208607,4,0,55.4,242402,10019,0.2576
FC-006763,TG,TG-Central,Rice,Rabi,1.77,Red,486.5,Drip,111579,1,0,63.6,87224,21840,0.333
FC-006764,PB,PB-Malwa,Rice,Rabi,0.25,Alluvial,710.7,Rainfed,49591,3,0,62.6,40000,12364,0.4284
FC-006765,HR,HR-East,Wheat,Rabi,0.44,Alluvial,599.9,Canal,71219,1,0,45.1,40000,0,0.3384
FC-006766,GJ,GJ-Central,Wheat,Rabi,4.17,Red,617.4,Drip,192910,6,0,67.1,182008,23342,0.3034
FC-006767,UP,UP-Western,Rice,Kharif,1.55,Alluvial,965.3,Canal,107891,0,0,98.8,66479,0,0.2858
FC-006768,MH,MH-Vidarbha,Soybean,Kharif,1.15,Black,815.8,Tubewell,95456,3,0,58.6,48701,54802,0.7603
FC-006769,RJ,RJ-Mewar,Millet,Kharif,0.86,ClayLoam,609.6,Tubewell,60785,0,0,57.9,40000,26201,0.354
FC-006770,UP,UP-Eastern,Wheat,Rabi,2.51,Alluvial,839.4,Canal,131346,1,0,78.4,98138,53937,0.3741
FC-006771,UP,UP-Western,Wheat,Rabi,1.04,Alluvial,1264.0,Drip,92486,1,0,65.1,40000,0,0.4102
FC-006772,MH,MH-Vidarbha,Rice,Kharif,0.75,Black,722.9,Canal,93893,4,0,84.9,50108,21813,0.5103
FC-006773,MH,MH-Western,Cotton,Kharif,0.98,Red,1085.6,Drip,90702,1,0,87.2,76666,17455,0.1752
FC-006774,MP,MP-Malwa,Pulses,Kharif,2.29,ClayLoam,651.8,Canal,142098,1,0,68.4,65568,0,0.4231
FC-006775,GJ,GJ-Central,Groundnut,Kharif,0.98,Alluvial,496.6,Tubewell,122322,1,0,84.0,95055,0,0.3862
FC-006776,GJ,GJ-Saurashtra,Wheat,Rabi,1.83,Black,768.6,Tubewell,120841,2,0,84.2,96190,6161,0.166
FC-006777,MP,MP-Mahakoshal,Pulses,Rabi,1.04,Alluvial,1293.2,Rainfed,102756,1,0,81.7,40000,22155,0.7137
FC-006778,GJ,GJ-Central,Millet,Kharif,1.02,Black,945.4,Canal,112255,2,0,71.6,40000,28090,0.5582
FC-006779,HR,HR-East,Cotton,Kharif,0.79,Alluvial,300.0,Rainfed,91336,1,0,49.5,40000,202833,0.9488
FC-006780,KA,KA-South,Rice,Rabi,0.2,Black,1055.2,Canal,45114,1,0,70.3,40000,36753,0.6052
FC-006781,TG,TG-South,Soybean,Kharif,0.82,ClayLoam,1004.1,Tubewell,78614,1,0,64.7,40000,18018,0.5344
FC-006782,HR,HR-West,Rice,Rabi,0.64,Alluvial,594.3,Tubewell,86176,3,0,69.6,40000,12445,0.3867
FC-006783,TN,TN-West,Sugarcane,Rabi,0.82,ClayLoam,1102.6,Canal,113567,1,0,74.8,143656,9126,0.1868
FC-006784,HR,HR-South,Rice,Kharif,0.55,Sandy,500.9,Canal,55236,3,0,75.9,40000,23545,0.4277
FC-006785,MP,MP-Bundelkhand,Rice,Kharif,1.36,Sandy,833.0,Tubewell,143341,3,0,97.8,93431,12201,0.2641
FC-006786,BR,BR-North,Rice,Kharif,3.48,ClayLoam,1061.6,Drip,162424,1,0,89.6,193558,112977,0.24
FC-006787,MH,MH-Konkan,Groundnut,Kharif,1.46,Black,853.2,Rainfed,120820,3,0,79.2,94935,36858,0.3586
FC-006788,HR,HR-South,Wheat,Rabi,2.08,Alluvial,583.9,Tubewell,127786,2,0,86.7,198254,32702,0.0986
FC-006789,TN,TN-West,Millet,Kharif,0.2,Alluvial,673.1,Rainfed,40634,4,0,76.4,40000,69068,0.6738
FC-006790,BR,BR-Gangetic,Rice,Rabi,2.18,Alluvial,1260.8,Tubewell,184374,2,0,100.0,133923,86588,0.1897
FC-006791,HR,HR-East,Maize,Rabi,0.99,Sandy,681.6,Tubewell,85681,3,0,67.4,40000,0,0.4391
FC-006792,MH,MH-Vidarbha,Cotton,Kharif,1.26,ClayLoam,1016.2,Rainfed,121871,4,0,65.2,81488,104234,0.5726
FC-006793,AP,AP-Rayalaseema,Cotton,Kharif,2.15,Red,962.5,Rainfed,164830,2,0,89.1,60874,68283,0.5496
FC-006794,TG,TG-South,Rice,Kharif,0.33,Red,807.4,Canal,53094,2,0,46.7,40000,17696,0.4968
FC-006795,AP,AP-Upland,Rice,Kharif,0.34,Red,1022.2,Rainfed,70562,1,0,69.2,40000,6453,0.5954
FC-006796,MH,MH-Marathwada,Millet,Kharif,5.38,Black,401.5,Rainfed,305850,3,0,62.7,108928,4522,0.6269
FC-006797,BR,BR-North,Rice,Rabi,1.49,Alluvial,1100.6,Canal,80311,3,0,75.0,65563,10827,0.3795
FC-006798,RJ,RJ-Hadoti,Millet,Kharif,2.7,Sandy,425.3,Canal,189562,0,0,72.8,66266,11374,0.3504
FC-006799,MH,MH-Vidarbha,Sugarcane,Rabi,1.11,Alluvial,764.7,Tubewell,94573,4,0,79.2,197231,0,0.1388
FC-006800,UP,UP-Bundelkhand,Sugarcane,Rabi,1.15,Alluvial,899.7,Rainfed,104430,4,0,67.7,119983,16359,0.1407
FC-006801,UP,UP-Western,Rice,Rabi,2.15,ClayLoam,1105.2,Tubewell,154445,1,0,72.8,119562,100189,0.2967
FC-006802,MP,MP-Mahakoshal,Wheat,Rabi,0.85,Black,699.2,Canal,109618,3,0,53.0,61526,28683,0.6402
FC-006803,AP,AP-Upland,Rice,Kharif,0.52,Alluvial,912.3,Rainfed,50975,3,0,85.0,40000,0,0.3054
FC-006804,HR,HR-West,Rice,Kharif,1.3,Alluvial,450.6,Rainfed,130874,3,1,57.8,57806,44158,0.7935
FC-006805,PB,PB-Malwa,Wheat,Rabi,1.26,Alluvial,708.6,Tubewell,75252,2,0,72.2,44684,36660,0.4834
FC-006806,KA,KA-South,Rice,Rabi,0.73,Black,1542.6,Canal,94945,4,0,73.1,61403,11197,0.3004
FC-006807,TN,TN-West,Cotton,Kharif,1.05,Alluvial,900.3,Rainfed,79294,1,0,58.0,65422,16198,0.2614
FC-006808,MH,MH-Marathwada,Soybean,Kharif,1.21,Black,789.1,Canal,110912,0,0,79.4,48633,35362,0.5357
FC-006809,TG,TG-North,Pulses,Rabi,2.31,Black,892.9,Drip,113009,2,0,100.0,57319,0,0.2117
FC-006810,BR,BR-North,Mustard,Rabi,1.4,Alluvial,1346.1,Rainfed,153147,1,0,46.7,71547,10806,0.4315
FC-006811,KA,KA-North,Groundnut,Rabi,0.48,ClayLoam,764.9,Canal,81756,1,0,61.3,40000,22190,0.6792
FC-006812,MH,MH-Western,Maize,Rabi,0.66,Red,922.4,Canal,79726,1,0,74.7,40000,0,0.3131
FC-006813,HR,HR-West,Mustard,Rabi,0.64,ClayLoam,495.4,Rainfed,63980,3,1,40.5,40000,118954,0.8745
FC-006814,MP,MP-Mahakoshal,Maize,Rabi,5.33,Red,1081.6,Rainfed,249426,4,0,80.5,366551,7860,0.1075
FC-006815,RJ,RJ-Hadoti,Millet,Kharif,0.39,Alluvial,333.9,Rainfed,39470,5,0,85.6,40000,10186,0.1607
FC-006816,AP,AP-Coastal,Cotton,Kharif,1.18,Alluvial,750.3,Canal,120100,1,0,62.3,89432,33706,0.3789
FC-006817,UP,UP-Western,Rice,Rabi,0.53,Alluvial,735.0,Canal,79064,2,0,83.2,40000,39629,0.7299
FC-006818,MP,MP-Chambal,Soybean,Kharif,0.52,Red,970.6,Rainfed,47303,2,0,83.0,40000,19580,0.3865
FC-006819,MP,MP-Mahakoshal,Soybean,Kharif,2.29,Sandy,1043.3,Rainfed,110141,3,0,58.9,58277,8094,0.5783
FC-006820,MP,MP-Mahakoshal,Soybean,Kharif,1.31,Alluvial,1269.9,Canal,140347,1,0,82.4,57390,0,0.3491
FC-006821,TN,TN-South,Pulses,Rabi,6.21,Alluvial,1029.9,Rainfed,313736,3,0,68.6,118874,44882,0.4121
FC-006822,KA,KA-North,Rice,Rabi,1.77,ClayLoam,848.0,Rainfed,108028,1,0,76.4,106390,7805,0.309
FC-006823,MH,MH-Marathwada,Rice,Rabi,0.5,Black,1224.1,Rainfed,61525,3,0,75.6,40000,3251,0.3087
FC-006824,MH,MH-Marathwada,Wheat,Rabi,0.44,Black,561.6,Tubewell,47233,4,1,30.1,40000,290346,0.9285
FC-006825,GJ,GJ-North,Cotton,Kharif,0.44,Alluvial,791.5,Canal,70669,3,0,90.1,40000,0,0.362
FC-006826,TN,TN-West,Rice,Rabi,1.4,Laterite,1060.6,Rainfed,148421,1,0,65.3,84728,52380,0.5722
FC-006827,MH,MH-Konkan,Soybean,Kharif,0.61,Black,884.6,Rainfed,69794,5,0,68.5,40000,23413,0.5474
FC-006828,KA,KA-Central,Rice,Rabi,1.54,ClayLoam,759.7,Tubewell,121104,3,0,76.3,88630,146854,0.5477
FC-006829,AP,AP-Rayalaseema,Rice,Rabi,1.83,Red,729.6,Tubewell,93215,4,0,98.7,78193,0,0.2337
FC-006830,PB,PB-Malwa,Rice,Kharif,2.16,ClayLoam,618.8,Rainfed,197475,1,0,51.7,110576,17223,0.3738
FC-006831,PB,PB-Majha,Pulses,Rabi,0.46,Alluvial,668.3,Rainfed,48169,1,0,89.7,40000,13128,0.2141
FC-006832,BR,BR-North,Rice,Kharif,1.09,Alluvial,1263.4,Canal,72460,2,0,60.4,57978,11789,0.1936
FC-006833,KA,KA-Central,Millet,Kharif,0.98,Alluvial,1061.2,Rainfed,60546,3,0,57.8,40000,71955,0.6858
FC-006834,UP,UP-Eastern,Mustard,Rabi,1.13,Alluvial,950.4,Canal,100449,1,0,62.8,41200,0,0.4276
FC-006835,KA,KA-South,Sugarcane,Kharif,3.15,Alluvial,800.5,Tubewell,377668,2,0,62.7,379278,84859,0.5541
FC-006836,UP,UP-Central,Wheat,Rabi,1.96,Alluvial,1231.3,Tubewell,167252,1,0,100.0,126627,136363,0.367
FC-006837,UP,UP-Eastern,Pulses,Kharif,0.78,Alluvial,1090.4,Rainfed,80407,1,0,93.7,40000,0,0.3794
FC-006838,MP,MP-Mahakoshal,Wheat,Rabi,0.68,ClayLoam,1216.2,Canal,91550,3,0,65.3,40000,2310,0.3732
FC-006839,BR,BR-South,Cotton,Kharif,1.63,Alluvial,1214.8,Canal,162454,2,1,41.5,66185,63830,0.804
FC-006840,MP,MP-Malwa,Maize,Kharif,0.85,Black,1100.4,Rainfed,102684,3,1,41.6,40000,16687,0.7957
FC-006841,TG,TG-South,Cotton,Kharif,0.2,Black,806.6,Rainfed,47262,1,1,84.2,40000,119947,0.8744
FC-006842,TN,TN-North,Soybean,Kharif,0.66,Alluvial,892.3,Canal,55337,2,0,79.6,40000,13192,0.2718
FC-006843,UP,UP-Central,Mustard,Rabi,1.98,Alluvial,1053.1,Rainfed,208062,6,0,57.3,165815,26300,0.3743
FC-006844,UP,UP-Western,Maize,Rabi,0.79,Alluvial,1135.8,Rainfed,88630,5,0,78.6,42705,24949,0.6453
FC-006845,UP,UP-Bundelkhand,Maize,Rabi,0.98,Alluvial,786.3,Rainfed,62235,3,0,65.1,40000,14306,0.5105
FC-006846,PB,PB-Doaba,Wheat,Rabi,0.87,Alluvial,621.5,Tubewell,88981,1,0,49.0,47486,0,0.2074
FC-006847,RJ,RJ-Marwar,Mustard,Rabi,0.84,Sandy,460.9,Drip,77399,4,0,66.6,40000,32520,0.5696
FC-006848,UP,UP-Eastern,Wheat,Rabi,2.09,Alluvial,816.3,Tubewell,209129,4,0,96.0,122280,62835,0.4881
FC-006849,KA,KA-South,Maize,Kharif,1.22,Alluvial,1099.6,Tubewell,63069,1,0,73.4,40000,12315,0.3338
FC-006850,RJ,RJ-Shekhawati,Wheat,Rabi,2.05,Sandy,319.8,Tubewell,112553,3,0,97.4,82447,0,0.2724
FC-006851,AP,AP-Rayalaseema,Cotton,Kharif,1.44,ClayLoam,536.4,Rainfed,125617,3,1,30.3,58375,400000,0.9754
FC-006852,UP,UP-Western,Wheat,Rabi,1.2,Alluvial,844.8,Tubewell,82830,3,0,85.7,83243,107758,0.4007
FC-006853,MP,MP-Mahakoshal,Pulses,Kharif,0.49,Black,926.4,Canal,58609,2,0,82.4,40000,34197,0.5291
FC-006854,TG,TG-South,Groundnut,Rabi,0.75,Red,610.6,Tubewell,92238,1,0,77.5,57735,0,0.4706
FC-006855,AP,AP-Rayalaseema,Groundnut,Rabi,0.39,Black,794.8,Drip,43893,0,0,82.2,40000,88619,0.6262
FC-006856,UP,UP-Central,Rice,Rabi,1.56,Alluvial,750.1,Rainfed,165021,3,0,85.1,95315,29697,0.658
FC-006857,MP,MP-Malwa,Pulses,Rabi,0.32,Black,1033.3,Rainfed,67092,2,1,56.4,40000,84390,0.842
FC-006858,AP,AP-Coastal,Pulses,Rabi,0.52,ClayLoam,1063.1,Rainfed,59764,3,0,92.0,40000,181795,0.7201
FC-006859,UP,UP-Western,Rice,Kharif,2.48,Alluvial,640.3,Tubewell,231306,3,0,73.3,177499,0,0.2849
FC-006860,HR,HR-West,Cotton,Kharif,0.68,Alluvial,423.6,Canal,78892,1,0,71.1,47502,0,0.3251
FC-006861,UP,UP-Bundelkhand,Wheat,Rabi,1.66,Alluvial,530.4,Rainfed,133664,0,1,62.4,64093,14783,0.8376
FC-006862,KA,KA-Coastal,Millet,Kharif,4.53,Alluvial,510.8,Canal,339643,2,0,64.5,55993,74179,0.8049
FC-006863,MH,MH-Vidarbha,Soybean,Kharif,1.16,Laterite,863.8,Canal,105899,2,0,68.1,47473,33407,0.4042
FC-006864,UP,UP-Western,Rice,Rabi,0.69,Alluvial,1256.7,Canal,63637,1,0,64.7,47352,31359,0.3998
FC-006865,RJ,RJ-Mewar,Wheat,Rabi,1.04,Sandy,462.5,Tubewell,113572,3,0,73.4,86480,19339,0.3469
FC-006866,TN,TN-South,Rice,Rabi,1.3,Red,1053.5,Tubewell,118203,2,0,62.0,72023,0,0.2449
FC-006867,RJ,RJ-Marwar,Wheat,Rabi,0.89,Alluvial,339.4,Rainfed,102085,1,1,58.7,40822,0,0.8239
FC-006868,GJ,GJ-North,Groundnut,Kharif,1.71,Black,680.5,Rainfed,145508,1,0,64.5,167866,9589,0.3923
FC-006869,TN,TN-North,Maize,Kharif,3.4,Laterite,950.1,Canal,248274,2,0,67.6,105140,0,0.4946
FC-006870,BR,BR-North,Pulses,Rabi,0.86,Alluvial,1276.5,Tubewell,90315,3,0,75.7,40000,185482,0.8428
FC-006871,PB,PB-Malwa,Cotton,Kharif,3.86,Alluvial,681.4,Drip,340847,1,0,96.4,214779,61662,0.2672
FC-006872,RJ,RJ-Shekhawati,Groundnut,Rabi,5.89,ClayLoam,391.8,Tubewell,473995,1,0,72.1,284175,9524,0.2553
FC-006873,MP,MP-Bundelkhand,Pulses,Kharif,0.5,Sandy,742.4,Canal,42610,1,0,78.1,40000,0,0.1622
FC-006874,MH,MH-Konkan,Wheat,Rabi,0.55,Black,599.0,Canal,71391,2,0,91.1,40000,24943,0.4281
FC-006875,TG,TG-South,Rice,Kharif,0.84,ClayLoam,928.3,Tubewell,85556,4,1,38.1,55121,168099,0.8598
FC-006876,TG,TG-Central,Rice,Rabi,2.0,Black,792.9,Tubewell,173803,2,0,73.0,158866,0,0.2102
FC-006877,AP,AP-Upland,Groundnut,Rabi,0.72,Red,921.0,Rainfed,97441,1,0,64.2,48587,11028,0.571
FC-006878,UP,UP-Eastern,Wheat,Rabi,1.56,ClayLoam,1113.6,Rainfed,114214,1,0,96.9,64569,42652,0.3797
FC-006879,PB,PB-Doaba,Rice,Rabi,1.51,Alluvial,702.9,Tubewell,108256,5,0,89.4,86198,21168,0.2361
FC-006880,AP,AP-Upland,Rice,Rabi,0.48,Red,1229.3,Tubewell,47447,3,0,64.0,40000,63322,0.3463
FC-006881,KA,KA-Central,Soybean,Kharif,0.94,ClayLoam,1321.8,Canal,71578,1,0,77.6,40000,55579,0.6408
FC-006882,HR,HR-West,Sugarcane,Rabi,1.78,Alluvial,607.5,Tubewell,198067,5,0,86.8,402469,53395,0.1411
FC-006883,AP,AP-Coastal,Rice,Kharif,2.91,ClayLoam,1186.9,Rainfed,246293,3,0,97.2,158055,129974,0.2596
FC-006884,PB,PB-Malwa,Rice,Rabi,0.7,Alluvial,645.6,Tubewell,67196,3,0,100.0,40000,38651,0.3659
FC-006885,UP,UP-Eastern,Wheat,Rabi,0.82,Alluvial,1091.9,Canal,98230,1,0,70.1,40000,27519,0.6061
FC-006886,RJ,RJ-Mewar,Mustard,Rabi,2.28,Black,611.8,Tubewell,115048,1,0,86.5,67294,26071,0.2487
FC-006887,TN,TN-West,Cotton,Kharif,0.41,Red,786.4,Drip,57559,3,0,81.0,40000,0,0.4487
FC-006888,MP,MP-Mahakoshal,Wheat,Rabi,2.88,Alluvial,1083.0,Rainfed,271952,2,0,81.3,152950,13764,0.4071
FC-006889,RJ,RJ-Mewar,Millet,Kharif,2.19,Red,514.0,Tubewell,158690,0,1,28.6,40000,9999,0.7895
FC-006890,UP,UP-Central,Wheat,Rabi,1.29,Alluvial,796.3,Tubewell,124142,2,0,99.0,81426,26315,0.2606
FC-006891,BR,BR-North,Pulses,Kharif,1.78,Sandy,1291.9,Canal,158585,4,0,61.0,70004,0,0.3646
FC-006892,KA,KA-South,Soybean,Kharif,1.11,ClayLoam,1381.6,Canal,62554,1,0,83.0,40000,0,0.231
FC-006893,MP,MP-Malwa,Wheat,Rabi,2.23,Black,990.1,Tubewell,230155,1,0,57.9,146677,17752,0.4607
FC-006894,TG,TG-South,Cotton,Kharif,1.39,ClayLoam,983.9,Drip,147298,3,0,100.0,117068,0,0.17
FC-006895,MH,MH-Marathwada,Cotton,Kharif,0.8,Laterite,1275.3,Rainfed,104997,1,0,84.1,59225,60014,0.5373
FC-006896,UP,UP-Western,Rice,Rabi,0.61,Alluvial,847.0,Canal,72021,2,0,63.8,48652,14480,0.3214
FC-006897,RJ,RJ-Mewar,Mustard,Rabi,1.62,Black,250.0,Rainfed,158232,3,0,91.6,48019,16902,0.6428
FC-006898,AP,AP-Upland,Wheat,Rabi,4.19,Black,997.2,Tubewell,290771,2,0,85.0,133336,6027,0.462
FC-006899,TG,TG-North,Maize,Kharif,0.75,Red,989.7,Tubewell,96029,3,0,79.7,40000,18078,0.4051
FC-006900,HR,HR-South,Rice,Kharif,0.68,Alluvial,733.7,Tubewell,71150,3,0,80.4,40000,43128,0.652
FC-006901,TN,TN-Delta,Cotton,Kharif,2.23,Black,771.1,Drip,162503,3,0,100.0,193151,80884,0.1354
FC-006902,TG,TG-North,Rice,Kharif,1.29,Laterite,778.4,Tubewell,89721,1,0,87.4,93604,14034,0.1217
FC-006903,TN,TN-South,Cotton,Kharif,6.04,Red,1198.4,Rainfed,367053,3,0,72.7,289764,0,0.1901
FC-006904,UP,UP-Central,Wheat,Rabi,3.53,ClayLoam,1174.6,Tubewell,276278,1,0,65.6,156556,0,0.23
FC-006905,UP,UP-Bundelkhand,Wheat,Rabi,0.97,ClayLoam,827.7,Canal,89347,2,0,61.0,50788,23958,0.5561
FC-006906,GJ,GJ-Central,Wheat,Rabi,2.17,Black,829.9,Tubewell,186267,7,0,64.7,115622,61351,0.4655
FC-006907,HR,HR-East,Wheat,Rabi,1.35,Alluvial,692.0,Tubewell,137551,4,0,76.7,118733,22013,0.3417
FC-006908,AP,AP-Coastal,Cotton,Kharif,1.03,ClayLoam,956.5,Canal,82076,0,0,74.4,69054,0,0.2531
FC-006909,MP,MP-Bundelkhand,Maize,Rabi,0.57,Black,1305.2,Rainfed,79277,1,0,64.8,40000,0,0.5024
FC-006910,HR,HR-West,Wheat,Rabi,1.0,Alluvial,723.9,Tubewell,118909,1,0,75.4,74162,0,0.2542
FC-006911,MH,MH-Marathwada,Soybean,Kharif,0.57,Black,921.4,Canal,75003,3,0,73.6,40000,58247,0.6259
FC-006912,TN,TN-South,Sugarcane,Kharif,0.48,Black,861.5,Canal,68296,1,0,66.7,47915,12277,0.5609
FC-006913,MP,MP-Chambal,Soybean,Kharif,2.69,Black,607.6,Drip,143214,0,0,62.4,67336,8079,0.3437
FC-006914,TN,TN-Delta,Millet,Kharif,2.25,Alluvial,997.4,Canal,113349,0,0,56.6,40000,42271,0.7894
FC-006915,TG,TG-Central,Cotton,Kharif,1.46,ClayLoam,1097.2,Canal,112553,1,0,77.0,125586,27152,0.1329
FC-006916,UP,UP-Bundelkhand,Maize,Kharif,0.24,Alluvial,914.9,Drip,48664,3,0,70.2,40000,20901,0.5189
FC-006917,MP,MP-Chambal,Maize,Kharif,1.77,Black,952.7,Tubewell,96250,1,0,91.5,60964,2405,0.245
FC-006918,UP,UP-Bundelkhand,Rice,Kharif,1.83,Alluvial,860.4,Rainfed,103672,2,0,71.5,40000,0,0.553
FC-006919,TN,TN-North,Pulses,Kharif,0.86,Red,1173.9,Canal,78055,4,0,78.0,40127,54643,0.6702
FC-006920,MP,MP-Malwa,Cotton,Kharif,1.52,Alluvial,1125.5,Rainfed,166375,2,0,100.0,112004,19498,0.2532
FC-006921,KA,KA-South,Pulses,Kharif,0.97,Red,533.2,Tubewell,84813,6,1,26.8,40000,40636,0.8157
FC-006922,BR,BR-Gangetic,Wheat,Rabi,7.16,Alluvial,1512.0,Tubewell,513976,4,0,71.0,469802,17509,0.2277
FC-006923,MP,MP-Bundelkhand,Pulses,Kharif,0.84,Alluvial,1203.9,Drip,95524,2,0,64.6,40000,46735,0.6729
FC-006924,UP,UP-Eastern,Rice,Rabi,0.67,Alluvial,761.5,Tubewell,92273,4,0,100.0,40000,45744,0.767
FC-006925,HR,HR-West,Wheat,Rabi,1.32,Sandy,676.5,Canal,120503,4,0,100.0,66681,0,0.1376
FC-006926,UP,UP-Eastern,Wheat,Rabi,0.42,Alluvial,1145.4,Canal,65195,1,0,66.7,40000,14651,0.549
FC-006927,GJ,GJ-South,Cotton,Kharif,2.45,Sandy,919.5,Rainfed,239001,1,0,100.0,152928,6869,0.1763
FC-006928,KA,KA-Central,Maize,Kharif,5.84,Red,1115.6,Rainfed,303564,4,0,83.4,228303,98082,0.2643
FC-006929,PB,PB-Majha,Wheat,Rabi,0.44,Alluvial,617.0,Drip,67129,2,0,84.4,40000,11921,0.3293
FC-006930,AP,AP-Rayalaseema,Cotton,Kharif,0.84,Black,908.4,Canal,102421,2,0,62.9,72623,3274,0.3117
FC-006931,RJ,RJ-Marwar,Millet,Kharif,1.74,Sandy,560.0,Canal,94508,5,0,80.0,40000,31474,0.3933
FC-006932,TN,TN-South,Cotton,Kharif,2.31,Black,1178.1,Canal,174650,2,0,78.6,185949,0,0.1343
FC-006933,PB,PB-Doaba,Wheat,Rabi,0.45,Alluvial,901.5,Canal,42502,3,0,78.7,40000,3806,0.2832
FC-006934,TG,TG-Central,Rice,Rabi,0.78,Black,1094.6,Canal,88238,2,0,75.2,67461,30341,0.3217
FC-006935,PB,PB-Doaba,Rice,Rabi,3.31,Alluvial,679.6,Rainfed,265536,2,0,97.8,202925,25713,0.2133
FC-006936,PB,PB-Majha,Rice,Kharif,3.2,Sandy,743.7,Canal,167834,3,0,83.0,150989,31170,0.1058
FC-006937,AP,AP-Rayalaseema,Wheat,Rabi,0.95,Red,969.2,Tubewell,95752,2,0,80.9,40000,14788,0.6524
FC-006938,MP,MP-Chambal,Cotton,Kharif,0.91,Black,1058.0,Tubewell,100196,2,0,100.0,57110,0,0.1979
FC-006939,GJ,GJ-South,Sugarcane,Rabi,0.79,Sandy,787.7,Canal,85494,1,0,62.3,130182,38337,0.2507
FC-006940,AP,AP-Rayalaseema,Maize,Kharif,1.58,ClayLoam,942.9,Canal,160372,1,0,61.8,111021,20098,0.2905
FC-006941,RJ,RJ-Marwar,Cotton,Kharif,0.98,ClayLoam,599.3,Tubewell,104426,3,0,52.2,80007,20500,0.4031
FC-006942,BR,BR-South,Soybean,Kharif,0.79,ClayLoam,1364.7,Tubewell,86203,1,0,79.2,40000,35328,0.537
FC-006943,AP,AP-Rayalaseema,Groundnut,Rabi,0.48,Red,921.0,Rainfed,45256,3,0,70.0,40000,27263,0.4547
FC-006944,MP,MP-Malwa,Wheat,Rabi,0.7,Black,1269.8,Drip,72500,0,0,75.3,40000,0,0.2656
FC-006945,UP,UP-Eastern,Pulses,Kharif,2.67,Alluvial,1047.5,Rainfed,205277,1,0,89.8,131849,9821,0.4233
FC-006946,GJ,GJ-North,Wheat,Rabi,0.68,Black,931.5,Canal,87247,3,0,76.3,40000,47671,0.5879
FC-006947,RJ,RJ-Hadoti,Mustard,Rabi,2.0,Alluvial,698.2,Tubewell,104817,3,0,69.1,93574,0,0.2151
FC-006948,KA,KA-North,Maize,Kharif,10.0,ClayLoam,1432.1,Drip,530150,0,0,95.3,370611,15929,0.1462
FC-006949,RJ,RJ-Hadoti,Pulses,Kharif,2.53,Alluvial,295.1,Rainfed,209738,4,0,62.5,74051,28101,0.7746
FC-006950,MP,MP-Malwa,Pulses,Kharif,0.88,Alluvial,1171.1,Tubewell,106705,1,0,70.4,40000,6277,0.5229
FC-006951,UP,UP-Central,Wheat,Rabi,1.37,Alluvial,1090.5,Rainfed,121826,3,0,68.6,103688,68898,0.5097
FC-006952,TG,TG-South,Groundnut,Kharif,2.98,Red,1087.5,Drip,271542,5,0,62.9,192439,6200,0.3277
FC-006953,MH,MH-Western,Soybean,Kharif,0.84,ClayLoam,606.2,Tubewell,104615,3,0,64.6,46309,26117,0.4611
FC-006954,TN,TN-West,Rice,Rabi,0.23,Alluvial,1413.4,Rainfed,42120,3,0,89.2,40000,49891,0.4003
FC-006955,MP,MP-Bundelkhand,Pulses,Kharif,0.6,Alluvial,1122.8,Tubewell,47806,2,0,67.5,40000,46033,0.2751
FC-006956,PB,PB-Doaba,Mustard,Rabi,1.62,Alluvial,713.5,Rainfed,117977,0,0,69.8,82650,12034,0.2396
FC-006957,RJ,RJ-Shekhawati,Groundnut,Rabi,1.55,ClayLoam,357.2,Tubewell,138769,4,0,74.4,87682,2416,0.2756
FC-006958,PB,PB-Doaba,Wheat,Rabi,3.62,Alluvial,782.4,Drip,325239,3,0,60.7,211392,26099,0.318
FC-006959,TG,TG-Central,Pulses,Rabi,2.24,Red,1181.3,Canal,181709,0,0,79.9,67930,75162,0.559
FC-006960,TN,TN-West,Maize,Kharif,2.27,Laterite,1209.1,Tubewell,146274,2,0,86.9,138881,1668,0.1353
FC-006961,RJ,RJ-Mewar,Cotton,Kharif,0.8,ClayLoam,475.3,Canal,104774,2,0,46.6,57743,58713,0.5907
FC-006962,BR,BR-Gangetic,Rice,Kharif,1.52,Sandy,1302.4,Rainfed,144636,2,0,59.6,70503,0,0.4563
FC-006963,BR,BR-North,Wheat,Rabi,4.03,ClayLoam,889.9,Rainfed,219181,1,0,75.9,254959,45484,0.338
FC-006964,MP,MP-Malwa,Wheat,Rabi,1.01,ClayLoam,1000.2,Rainfed,75997,5,0,65.2,83822,47979,0.2616
FC-006965,TN,TN-North,Cotton,Kharif,1.34,Red,1056.2,Rainfed,130373,0,0,74.8,91684,0,0.3545
FC-006966,MP,MP-Mahakoshal,Wheat,Rabi,0.6,Alluvial,785.6,Canal,67513,1,0,48.3,40000,12489,0.4281
FC-006967,GJ,GJ-Saurashtra,Mustard,Rabi,0.59,Black,1020.7,Rainfed,62978,1,0,57.4,40000,31444,0.649
FC-006968,MH,MH-Konkan,Pulses,Rabi,0.83,Black,743.8,Tubewell,73198,0,0,72.1,40000,34056,0.5899
FC-006969,MH,MH-Vidarbha,Soybean,Kharif,5.32,Alluvial,881.4,Tubewell,296224,1,0,80.1,151286,38135,0.37
FC-006970,PB,PB-Majha,Wheat,Rabi,1.97,Alluvial,630.1,Tubewell,107370,2,0,69.6,126837,0,0.2083
FC-006971,PB,PB-Doaba,Rice,Rabi,4.04,Alluvial,688.5,Canal,281070,3,0,58.8,220932,29273,0.3617
FC-006972,RJ,RJ-Hadoti,Pulses,Kharif,3.5,Red,354.2,Tubewell,268668,3,1,54.8,75839,1173,0.797
FC-006973,GJ,GJ-North,Groundnut,Rabi,0.64,Alluvial,620.9,Canal,55900,1,0,74.2,44710,11597,0.2343
FC-006974,AP,AP-Coastal,Millet,Kharif,1.24,Alluvial,571.5,Tubewell,82994,3,0,54.1,40000,5082,0.389
FC-006975,MH,MH-Marathwada,Cotton,Kharif,1.01,Red,646.4,Tubewell,79037,2,0,100.0,62223,0,0.2389
FC-006976,AP,AP-Coastal,Groundnut,Kharif,2.31,Black,954.9,Tubewell,205197,3,1,40.1,58845,0,0.7805
FC-006977,UP,UP-Western,Wheat,Rabi,2.71,Sandy,735.9,Tubewell,198516,2,0,83.4,102525,27101,0.3353
FC-006978,AP,AP-Upland,Sugarcane,Kharif,3.85,Sandy,987.8,Canal,491671,3,0,69.7,570565,30600,0.1815
FC-006979,BR,BR-South,Maize,Rabi,3.2,ClayLoam,1266.2,Rainfed,177449,1,0,80.5,108135,0,0.3586
FC-006980,MH,MH-Vidarbha,Groundnut,Kharif,1.77,Red,894.1,Canal,204412,2,0,66.7,165492,24626,0.3965
FC-006981,AP,AP-Upland,Sugarcane,Kharif,0.2,Alluvial,1216.0,Rainfed,62615,1,0,70.2,47561,27522,0.576
FC-006982,RJ,RJ-Marwar,Millet,Kharif,0.49,Sandy,574.4,Rainfed,69599,1,0,72.9,40000,125587,0.8348
FC-006983,MH,MH-Marathwada,Wheat,Rabi,0.84,Black,831.6,Rainfed,92692,1,1,61.8,80342,216703,0.8264
FC-006984,MH,MH-Vidarbha,Cotton,Kharif,1.58,Black,976.7,Canal,150122,2,0,80.8,176990,12384,0.1952
FC-006985,AP,AP-Coastal,Rice,Rabi,2.63,Black,1087.9,Tubewell,188618,2,0,88.8,177277,16257,0.1737
FC-006986,KA,KA-North,Cotton,Kharif,0.69,Black,333.5,Canal,90958,1,0,62.4,45421,16692,0.6683
FC-006987,UP,UP-Eastern,Sugarcane,Kharif,3.58,Alluvial,826.7,Canal,230105,1,0,83.2,522793,101558,0.113
FC-006988,KA,KA-Central,Sugarcane,Kharif,0.42,Black,1434.5,Canal,47868,1,0,43.6,65238,4148,0.2836
FC-006989,HR,HR-South,Wheat,Rabi,1.99,Alluvial,414.9,Tubewell,188480,4,0,68.2,99043,12389,0.4815
FC-006990,TG,TG-Central,Cotton,Kharif,1.1,Red,933.6,Drip,86645,3,0,89.2,89341,0,0.1439
FC-006991,KA,KA-South,Pulses,Rabi,2.51,Laterite,1791.0,Drip,141605,1,0,86.0,75170,35814,0.4268
FC-006992,GJ,GJ-South,Pulses,Rabi,0.2,Black,634.2,Tubewell,50348,0,0,86.8,40000,28494,0.5737
FC-006993,KA,KA-North,Rice,Kharif,0.64,Laterite,1312.8,Rainfed,69317,2,0,97.2,41863,212563,0.7555
FC-006994,UP,UP-Central,Mustard,Rabi,0.34,ClayLoam,894.1,Rainfed,52705,1,0,61.6,40000,39941,0.6865
FC-006995,MH,MH-Vidarbha,Rice,Kharif,2.25,Black,791.8,Tubewell,194314,0,0,92.0,115213,161620,0.5133
FC-006996,PB,PB-Doaba,Rice,Kharif,1.34,Alluvial,691.9,Tubewell,120694,1,0,72.3,103435,64157,0.3507
FC-006997,RJ,RJ-Marwar,Cotton,Kharif,0.46,Sandy,376.9,Tubewell,63134,1,0,64.1,40000,15570,0.3549
FC-006998,TN,TN-West,Groundnut,Rabi,0.76,ClayLoam,1224.4,Rainfed,87858,1,0,61.4,40716,52081,0.8422
FC-006999,RJ,RJ-Marwar,Mustard,Rabi,0.2,Sandy,285.6,Drip,34687,2,0,100.0,40000,44553,0.2897
FC-007000,KA,KA-North,Groundnut,Rabi,0.54,Red,1017.9,Rainfed,61389,2,0,72.6,40000,4388,0.3353
FC-007001,UP,UP-Western,Rice,Kharif,2.93,ClayLoam,976.3,Rainfed,189939,2,0,79.5,169207,26717,0.316
FC-007002,KA,KA-North,Rice,Kharif,1.52,Sandy,392.0,Drip,140188,3,0,34.6,61662,45899,0.8003
FC-007003,MH,MH-Vidarbha,Wheat,Rabi,1.65,Black,1087.8,Rainfed,124911,4,0,78.2,125076,626,0.165
FC-007004,HR,HR-East,Wheat,Rabi,1.22,Sandy,421.1,Canal,108491,2,0,59.1,61289,26610,0.3524
FC-007005,HR,HR-West,Mustard,Rabi,0.7,Alluvial,633.1,Tubewell,66848,3,0,88.1,59338,3174,0.1547
FC-007006,MH,MH-Marathwada,Maize,Rabi,0.35,Black,517.4,Canal,69449,2,0,61.1,40000,5874,0.6157
FC-007007,MH,MH-Western,Soybean,Kharif,3.69,Alluvial,876.5,Tubewell,306940,1,0,52.4,96392,26096,0.6608
FC-007008,KA,KA-Coastal,Millet,Kharif,2.12,Laterite,1043.2,Canal,161062,2,0,70.8,57816,0,0.4265
FC-007009,TG,TG-North,Rice,Kharif,1.49,Red,791.6,Canal,105805,4,0,85.9,61118,16852,0.3244
FC-007010,HR,HR-South,Maize,Rabi,0.64,Alluvial,378.5,Rainfed,45168,4,0,62.2,40000,29345,0.6919
FC-007011,BR,BR-Gangetic,Rice,Rabi,1.39,Alluvial,1294.0,Tubewell,80738,5,0,72.6,101763,25620,0.1809
FC-007012,UP,UP-Western,Cotton,Kharif,1.16,Sandy,1122.8,Canal,84966,3,0,69.0,40000,22270,0.5502
FC-007013,KA,KA-South,Cotton,Kharif,0.64,Red,876.5,Canal,70083,2,0,57.9,40000,164123,0.8584
FC-007014,RJ,RJ-Shekhawati,Millet,Kharif,0.44,Black,477.9,Rainfed,67922,2,0,95.3,40000,23805,0.5432
FC-007015,BR,BR-Gangetic,Rice,Rabi,4.25,Alluvial,1233.6,Rainfed,200037,3,0,83.0,262067,7619,0.1302
FC-007016,GJ,GJ-Saurashtra,Cotton,Kharif,1.16,ClayLoam,835.4,Tubewell,72665,4,0,69.3,65390,35945,0.2398
FC-007017,KA,KA-North,Sugarcane,Rabi,0.74,Red,1622.5,Tubewell,136759,3,0,95.4,151538,0,0.2417
FC-007018,BR,BR-South,Rice,Kharif,1.09,Alluvial,887.7,Canal,94596,1,1,56.3,40000,118011,0.8521
FC-007019,BR,BR-North,Wheat,Rabi,0.54,Alluvial,1160.9,Rainfed,58651,1,0,82.5,40117,48226,0.5975
FC-007020,MP,MP-Chambal,Wheat,Rabi,1.97,Sandy,992.0,Rainfed,126055,2,0,70.1,131136,41271,0.16
FC-007021,PB,PB-Doaba,Maize,Rabi,4.51,Sandy,790.0,Canal,357181,4,0,85.7,188179,16122,0.2654
FC-007022,KA,KA-South,Sugarcane,Kharif,0.48,Sandy,1640.0,Drip,83362,0,0,81.4,51215,0,0.4147
FC-007023,GJ,GJ-North,Cotton,Kharif,1.62,Black,636.2,Canal,183203,2,0,57.4,130650,22899,0.3538
FC-007024,MH,MH-Konkan,Cotton,Kharif,2.16,Red,915.6,Rainfed,117953,2,0,100.0,168684,36531,0.1668
FC-007025,MP,MP-Bundelkhand,Rice,Rabi,0.83,Laterite,754.6,Rainfed,52630,2,0,62.1,40000,9463,0.5801
FC-007026,AP,AP-Coastal,Groundnut,Kharif,0.2,Sandy,844.4,Tubewell,37289,3,0,78.3,40000,99846,0.8381
FC-007027,AP,AP-Coastal,Rice,Rabi,1.61,Red,1326.9,Rainfed,133747,6,0,97.1,67496,72835,0.5963
FC-007028,MH,MH-Western,Sugarcane,Kharif,3.2,Black,585.9,Canal,343325,3,0,80.7,409374,4843,0.2702
FC-007029,UP,UP-Western,Wheat,Rabi,0.53,Alluvial,780.4,Tubewell,51664,2,0,70.1,40000,165421,0.7459
FC-007030,AP,AP-Upland,Rice,Rabi,0.93,Sandy,1020.8,Drip,72266,2,0,68.6,76857,115743,0.6199
FC-007031,PB,PB-Majha,Cotton,Kharif,0.95,Alluvial,427.3,Tubewell,55840,3,0,73.0,47673,0,0.3245
FC-007032,PB,PB-Malwa,Wheat,Rabi,1.0,Alluvial,566.0,Rainfed,67329,3,0,66.5,66151,0,0.2141
FC-007033,BR,BR-South,Pulses,Rabi,0.79,Alluvial,1065.9,Rainfed,55458,2,0,50.4,40000,9751,0.4859
FC-007034,MP,MP-Malwa,Pulses,Rabi,0.2,ClayLoam,833.9,Drip,62254,1,0,72.3,40000,0,0.456
FC-007035,MP,MP-Malwa,Soybean,Kharif,0.3,Red,1257.7,Tubewell,41676,2,1,57.8,40000,180715,0.845
FC-007036,MH,MH-Konkan,Cotton,Kharif,1.32,Black,692.0,Tubewell,93085,4,0,78.7,81983,3430,0.119
FC-007037,MP,MP-Chambal,Mustard,Rabi,0.9,Black,579.1,Rainfed,86691,3,0,58.9,40000,4921,0.6859
FC-007038,BR,BR-North,Maize,Rabi,2.39,ClayLoam,1410.4,Canal,148270,0,0,74.6,88542,46508,0.3257
FC-007039,KA,KA-Central,Maize,Rabi,0.81,Laterite,1344.1,Tubewell,90452,3,0,68.2,40000,17327,0.5106
FC-007040,UP,UP-Eastern,Sugarcane,Kharif,2.08,ClayLoam,916.5,Tubewell,269314,4,0,67.2,458103,53937,0.1478
FC-007041,UP,UP-Western,Wheat,Rabi,0.69,Alluvial,781.8,Drip,47768,0,0,62.5,40000,103513,0.6718
FC-007042,BR,BR-South,Sugarcane,Kharif,0.96,Sandy,1073.0,Rainfed,88758,3,0,76.9,102379,0,0.3327
FC-007043,MP,MP-Malwa,Maize,Rabi,1.11,Black,776.1,Tubewell,89519,2,0,63.4,40000,16935,0.6244
FC-007044,BR,BR-South,Maize,Kharif,1.56,Alluvial,1367.9,Canal,115630,2,0,63.4,55885,0,0.3446
FC-007045,PB,PB-Doaba,Rice,Rabi,2.22,Alluvial,760.7,Tubewell,153563,3,0,51.7,180478,0,0.1569
FC-007046,RJ,RJ-Marwar,Mustard,Rabi,1.03,Sandy,352.8,Rainfed,85735,4,0,76.8,57000,29108,0.6517
FC-007047,TN,TN-West,Rice,Rabi,2.83,Red,721.2,Drip,221275,0,0,63.9,186023,23405,0.3235
FC-007048,AP,AP-Coastal,Sugarcane,Kharif,1.54,ClayLoam,653.0,Tubewell,202122,4,0,80.7,198285,7438,0.3975
FC-007049,PB,PB-Malwa,Wheat,Rabi,5.18,ClayLoam,553.6,Canal,333232,3,0,90.9,231634,101184,0.3249
FC-007050,RJ,RJ-Hadoti,Mustard,Rabi,0.59,ClayLoam,483.4,Tubewell,69223,3,0,76.2,40000,29656,0.5452
FC-007051,MP,MP-Chambal,Wheat,Rabi,3.09,Red,681.6,Rainfed,146883,2,0,69.6,148644,41932,0.3187
FC-007052,RJ,RJ-Marwar,Millet,Kharif,0.87,Alluvial,368.5,Tubewell,73716,4,0,71.7,40000,0,0.3317
FC-007053,TG,TG-Central,Millet,Kharif,1.12,Red,920.0,Tubewell,62371,0,0,92.4,40000,71586,0.4784
FC-007054,UP,UP-Central,Mustard,Rabi,1.11,Alluvial,726.2,Canal,99896,2,0,63.9,61708,16142,0.37
FC-007055,BR,BR-Gangetic,Rice,Kharif,0.67,Alluvial,760.2,Rainfed,90054,2,1,26.4,40000,65639,0.9621
FC-007056,TG,TG-Central,Rice,Kharif,1.66,Alluvial,977.8,Canal,141784,1,0,89.8,102184,94578,0.2583
FC-007057,MP,MP-Mahakoshal,Cotton,Kharif,0.6,ClayLoam,824.1,Tubewell,64160,2,0,54.8,40000,32389,0.6291
FC-007058,UP,UP-Central,Rice,Rabi,1.29,Alluvial,1065.1,Tubewell,127217,2,1,39.0,65263,283667,0.7801
FC-007059,UP,UP-Eastern,Rice,Rabi,2.41,Alluvial,984.6,Tubewell,155258,1,0,84.7,192843,15611,0.1815
FC-007060,MP,MP-Mahakoshal,Pulses,Rabi,1.24,Red,1057.8,Drip,110540,2,0,81.8,60073,0,0.205
FC-007061,KA,KA-South,Wheat,Rabi,1.25,Laterite,892.0,Tubewell,101340,2,0,60.7,40000,24523,0.6861
FC-007062,KA,KA-Coastal,Maize,Rabi,1.19,Red,1487.7,Canal,134772,4,0,68.1,59239,28730,0.5003
FC-007063,MH,MH-Vidarbha,Millet,Kharif,1.17,Black,968.2,Canal,61798,2,0,66.9,40000,36949,0.4343
FC-007064,MH,MH-Marathwada,Sugarcane,Kharif,2.06,Alluvial,982.5,Tubewell,251724,2,0,82.1,276285,30772,0.2228
FC-007065,BR,BR-North,Mustard,Rabi,2.31,Alluvial,1247.4,Tubewell,141557,3,0,88.5,107132,0,0.1891
FC-007066,MH,MH-Marathwada,Pulses,Kharif,3.07,Black,906.9,Canal,233864,1,0,64.3,84988,0,0.5554
FC-007067,RJ,RJ-Marwar,Mustard,Rabi,3.44,ClayLoam,504.1,Rainfed,166344,3,0,82.6,206454,19700,0.2501
FC-007068,HR,HR-East,Cotton,Kharif,1.3,Alluvial,620.2,Canal,128097,0,0,66.3,50776,0,0.3392
FC-007069,GJ,GJ-Saurashtra,Groundnut,Kharif,0.81,Alluvial,1166.8,Tubewell,88639,1,0,71.6,48432,17049,0.4659
FC-007070,MP,MP-Malwa,Pulses,Rabi,1.83,Black,1172.9,Tubewell,161010,6,1,30.9,44779,8832,0.7851
FC-007071,BR,BR-North,Wheat,Rabi,0.48,Alluvial,1219.4,Canal,40513,2,1,57.9,40000,201658,0.7957
FC-007072,KA,KA-North,Sugarcane,Kharif,1.57,ClayLoam,1034.0,Canal,258994,2,0,78.2,335816,155837,0.2429
FC-007073,KA,KA-Central,Wheat,Rabi,1.74,Laterite,1427.8,Rainfed,90696,2,0,55.8,67189,36020,0.3353
FC-007074,MH,MH-Marathwada,Groundnut,Rabi,2.05,ClayLoam,773.0,Rainfed,105784,0,0,73.8,53726,6694,0.5568
FC-007075,MP,MP-Bundelkhand,Soybean,Kharif,0.59,Laterite,1313.3,Canal,75062,1,0,85.1,40000,30525,0.2846
FC-007076,UP,UP-Western,Sugarcane,Rabi,2.37,ClayLoam,934.8,Rainfed,260532,1,0,96.6,363785,9721,0.2122
FC-007077,GJ,GJ-North,Maize,Kharif,2.41,ClayLoam,1196.4,Tubewell,218236,2,0,68.8,109698,25299,0.3446
FC-007078,GJ,GJ-South,Cotton,Kharif,1.6,Black,580.7,Drip,136413,3,0,83.4,118020,0,0.2894
FC-007079,AP,AP-Coastal,Cotton,Kharif,0.46,ClayLoam,1081.1,Canal,64691,1,1,20.0,40000,97012,0.8733
FC-007080,GJ,GJ-South,Mustard,Rabi,0.78,Sandy,890.0,Canal,70562,3,0,86.1,40000,53891,0.51
FC-007081,HR,HR-West,Wheat,Rabi,6.75,Alluvial,705.3,Canal,514235,1,1,49.5,262375,318270,0.8165
FC-007082,BR,BR-South,Rice,Rabi,1.63,Alluvial,1244.5,Canal,146957,1,0,100.0,114475,0,0.1837
FC-007083,RJ,RJ-Hadoti,Millet,Kharif,2.68,Red,518.0,Drip,140471,0,0,82.2,53998,68938,0.7602
FC-007084,TN,TN-North,Maize,Kharif,0.59,Laterite,1151.0,Rainfed,72734,3,0,94.8,40000,0,0.377
FC-007085,PB,PB-Doaba,Wheat,Rabi,0.66,ClayLoam,428.3,Canal,86555,2,1,44.5,40000,94241,0.9301
FC-007086,TN,TN-West,Millet,Kharif,2.67,Black,897.3,Rainfed,117613,2,0,75.4,65643,29295,0.3082
FC-007087,TN,TN-North,Rice,Rabi,0.39,Alluvial,1055.3,Drip,49987,2,0,100.0,40000,2389,0.1885
FC-007088,UP,UP-Western,Sugarcane,Kharif,0.73,Alluvial,972.5,Canal,109615,0,0,95.8,134967,25099,0.1317
FC-007089,TG,TG-Central,Cotton,Kharif,1.53,Red,832.1,Drip,136393,0,0,78.6,114233,18770,0.1386
FC-007090,MP,MP-Bundelkhand,Soybean,Kharif,0.64,Laterite,1155.5,Canal,49746,3,0,72.1,40000,16049,0.3346
FC-007091,KA,KA-North,Sugarcane,Kharif,1.11,Laterite,788.5,Drip,88548,5,0,65.4,115058,6169,0.1711
FC-007092,KA,KA-North,Maize,Kharif,2.69,Laterite,782.7,Rainfed,175818,2,0,56.8,87216,29442,0.4586
FC-007093,AP,AP-Upland,Wheat,Rabi,0.7,Alluvial,883.9,Tubewell,69392,3,0,84.1,49163,16955,0.2858
FC-007094,UP,UP-Eastern,Rice,Kharif,2.29,Alluvial,1213.8,Tubewell,199984,2,0,60.1,83456,3921,0.302
FC-007095,TN,TN-South,Rice,Kharif,1.91,Red,947.3,Rainfed,215399,1,0,67.2,160553,6526,0.4279
FC-007096,MP,MP-Chambal,Soybean,Kharif,0.81,Red,1037.9,Tubewell,62506,3,0,58.9,40000,35289,0.5835
FC-007097,GJ,GJ-Saurashtra,Maize,Kharif,0.68,Alluvial,915.9,Rainfed,72500,3,0,83.3,40000,38180,0.5274
FC-007098,AP,AP-Rayalaseema,Pulses,Rabi,1.03,Sandy,868.8,Tubewell,77820,2,0,62.9,50278,195442,0.8232
FC-007099,HR,HR-West,Wheat,Rabi,0.48,ClayLoam,616.3,Rainfed,49848,0,0,79.8,40000,21573,0.1894
FC-007100,MP,MP-Mahakoshal,Wheat,Rabi,0.43,Black,885.4,Rainfed,52393,2,0,98.2,40000,18702,0.3337
FC-007101,GJ,GJ-North,Groundnut,Rabi,0.34,Red,1113.3,Drip,52106,8,0,58.7,40000,57158,0.6643
FC-007102,HR,HR-East,Rice,Kharif,6.51,Alluvial,642.8,Canal,332958,1,0,56.0,490723,20598,0.3147
FC-007103,UP,UP-Central,Sugarcane,Kharif,1.83,Alluvial,898.4,Tubewell,273276,2,0,98.5,477363,0,0.1088
FC-007104,MP,MP-Malwa,Wheat,Rabi,6.11,Black,1157.1,Tubewell,370769,6,0,66.2,548258,3408,0.1721
FC-007105,MH,MH-Marathwada,Cotton,Kharif,0.62,Black,718.3,Rainfed,88966,3,0,66.9,40000,83350,0.8973
FC-007106,MP,MP-Mahakoshal,Mustard,Rabi,1.13,Black,921.0,Rainfed,84657,1,0,84.5,48396,0,0.2456
FC-007107,MH,MH-Western,Cotton,Kharif,0.44,Black,1216.5,Canal,56194,6,0,75.0,40000,61500,0.6733
FC-007108,UP,UP-Western,Sugarcane,Kharif,0.29,Alluvial,1262.7,Rainfed,48426,2,0,63.3,53614,47835,0.4301
FC-007109,HR,HR-West,Wheat,Rabi,2.65,Black,475.9,Rainfed,136574,1,0,50.8,93342,10656,0.4755
FC-007110,GJ,GJ-South,Wheat,Rabi,1.56,Alluvial,723.1,Canal,120105,3,0,76.6,76538,6324,0.3371
FC-007111,RJ,RJ-Mewar,Groundnut,Kharif,0.95,ClayLoam,392.6,Canal,97137,2,1,25.8,47773,101937,0.8998
FC-007112,AP,AP-Coastal,Maize,Rabi,0.96,ClayLoam,1113.5,Canal,65090,2,0,80.9,68203,181759,0.6641
FC-007113,MH,MH-Western,Pulses,Rabi,1.24,Red,825.7,Tubewell,81383,2,0,69.7,40000,21798,0.3741
FC-007114,BR,BR-South,Wheat,Rabi,0.96,Alluvial,1051.7,Canal,79051,4,0,70.0,53765,29759,0.3845
FC-007115,HR,HR-South,Pulses,Rabi,0.91,Alluvial,721.4,Canal,105987,5,0,80.8,40000,6480,0.4747
FC-007116,MH,MH-Konkan,Cotton,Kharif,4.5,Black,866.7,Rainfed,385080,3,0,62.8,207465,11582,0.5706
FC-007117,UP,UP-Eastern,Wheat,Rabi,0.91,Alluvial,936.2,Drip,93446,0,0,68.5,45077,6385,0.5068
FC-007118,TG,TG-North,Maize,Rabi,1.08,Red,512.6,Tubewell,93523,1,0,58.8,40672,45683,0.7728
FC-007119,MH,MH-Vidarbha,Sugarcane,Rabi,2.27,Black,1049.2,Drip,277973,3,0,67.5,374324,24683,0.1699
FC-007120,TN,TN-West,Rice,Rabi,1.0,Sandy,701.8,Tubewell,82991,2,1,43.6,57227,146705,0.8003
FC-007121,PB,PB-Majha,Maize,Kharif,2.92,Alluvial,442.3,Canal,150391,1,0,62.1,162689,36628,0.2537
FC-007122,UP,UP-Western,Mustard,Rabi,0.78,Alluvial,1103.2,Canal,59144,2,0,89.5,57839,0,0.1212
FC-007123,MP,MP-Bundelkhand,Wheat,Rabi,0.82,Black,989.8,Canal,66886,2,0,54.6,64646,137470,0.8106
FC-007124,HR,HR-South,Wheat,Rabi,0.53,Alluvial,839.8,Tubewell,72641,3,0,33.7,43112,15284,0.478
FC-007125,UP,UP-Western,Wheat,Rabi,1.08,Alluvial,593.3,Canal,63240,3,0,73.7,59820,32031,0.3599
FC-007126,TN,TN-Delta,Maize,Rabi,0.55,Alluvial,959.8,Tubewell,50311,0,0,100.0,40000,61345,0.5022
FC-007127,TN,TN-West,Rice,Rabi,0.69,Alluvial,754.7,Canal,66733,3,0,68.5,40000,41985,0.5595
FC-007128,BR,BR-South,Pulses,Rabi,1.52,Alluvial,1267.9,Rainfed,132171,2,0,85.9,75254,92296,0.7069
FC-007129,TN,TN-West,Rice,Rabi,2.4,Alluvial,1040.6,Tubewell,140624,1,0,68.6,85529,5054,0.2798
FC-007130,AP,AP-Coastal,Rice,Rabi,0.94,Red,804.8,Tubewell,70884,1,0,56.8,44878,5929,0.4907
FC-007131,TN,TN-Delta,Cotton,Kharif,0.99,Black,803.5,Canal,80974,2,0,69.1,80463,27962,0.3656
FC-007132,TG,TG-Central,Rice,Rabi,2.56,Alluvial,638.8,Canal,148732,3,0,84.1,183144,11222,0.1731
FC-007133,PB,PB-Malwa,Wheat,Rabi,0.74,Alluvial,725.2,Tubewell,74268,2,0,89.2,40000,50976,0.4745
FC-007134,KA,KA-South,Maize,Kharif,1.21,Black,1183.3,Rainfed,90592,3,0,71.0,40000,18249,0.5373
FC-007135,MP,MP-Malwa,Soybean,Kharif,7.83,Red,959.4,Canal,641582,3,0,79.8,354841,0,0.3572
FC-007136,BR,BR-North,Maize,Rabi,2.86,ClayLoam,1202.8,Tubewell,178226,1,0,76.0,90242,11744,0.3822
FC-007137,HR,HR-East,Wheat,Rabi,0.93,Alluvial,683.6,Tubewell,81032,5,0,89.2,64639,132280,0.5154
FC-007138,KA,KA-Coastal,Millet,Kharif,0.98,ClayLoam,1168.4,Rainfed,63659,1,0,68.8,40000,10057,0.3482
FC-007139,HR,HR-South,Rice,Rabi,1.69,ClayLoam,464.1,Rainfed,92821,0,0,97.3,65258,101081,0.6872
FC-007140,MH,MH-Vidarbha,Pulses,Kharif,0.61,ClayLoam,804.9,Tubewell,82364,3,0,75.0,40000,24590,0.6095
FC-007141,MH,MH-Konkan,Cotton,Kharif,3.85,Alluvial,636.7,Canal,245247,0,0,72.5,154049,11290,0.4238
FC-007142,HR,HR-East,Pulses,Kharif,1.17,ClayLoam,333.1,Drip,111951,0,1,53.0,40000,0,0.7818
FC-007143,MH,MH-Vidarbha,Soybean,Kharif,0.78,Alluvial,685.1,Tubewell,76679,2,0,79.2,52393,66729,0.5258
FC-007144,RJ,RJ-Shekhawati,Millet,Kharif,4.46,Alluvial,439.0,Rainfed,321370,1,1,41.5,105659,81350,0.7964
FC-007145,BR,BR-North,Groundnut,Kharif,2.0,Alluvial,1341.0,Drip,170608,5,0,67.8,147365,206651,0.2633
FC-007146,GJ,GJ-Saurashtra,Cotton,Kharif,1.8,Black,1215.2,Drip,168652,2,0,76.0,75908,40297,0.3812
FC-007147,MH,MH-Marathwada,Cotton,Kharif,0.6,Black,1109.7,Rainfed,60577,1,0,87.4,70105,36922,0.2458
FC-007148,UP,UP-Central,Sugarcane,Kharif,1.6,Alluvial,1118.9,Rainfed,141085,0,0,73.1,247792,0,0.1211
FC-007149,MH,MH-Konkan,Wheat,Rabi,1.62,Laterite,1117.3,Rainfed,150641,5,0,83.7,61615,0,0.3997
FC-007150,MH,MH-Vidarbha,Cotton,Kharif,2.15,Alluvial,1173.3,Rainfed,218266,8,0,69.9,129729,12865,0.4962
FC-007151,MH,MH-Vidarbha,Pulses,Rabi,4.86,Alluvial,1383.2,Canal,394663,2,1,29.9,139873,10541,0.8185
FC-007152,MP,MP-Chambal,Pulses,Rabi,1.13,ClayLoam,1069.8,Rainfed,125438,3,0,72.7,43568,8170,0.7138
FC-007153,PB,PB-Malwa,Wheat,Rabi,1.27,Alluvial,513.4,Rainfed,106055,2,0,63.7,54040,17740,0.5747
FC-007154,KA,KA-Central,Maize,Kharif,0.82,Red,1064.4,Canal,91355,2,0,100.0,54897,37393,0.3931
FC-007155,TG,TG-North,Rice,Kharif,5.26,Red,1045.2,Canal,491717,0,0,85.1,358555,0,0.2594
FC-007156,UP,UP-Bundelkhand,Mustard,Rabi,3.11,Alluvial,954.9,Tubewell,287832,4,0,80.3,181925,0,0.2694
FC-007157,MH,MH-Vidarbha,Pulses,Kharif,1.08,Red,945.2,Drip,112148,2,1,53.4,40000,80698,0.7787
FC-007158,TN,TN-West,Rice,Kharif,3.04,Alluvial,481.1,Rainfed,218405,2,0,71.7,150799,17335,0.6602
FC-007159,TG,TG-South,Pulses,Rabi,0.54,Black,871.9,Tubewell,79546,2,0,61.3,40000,22531,0.5784
FC-007160,MH,MH-Western,Cotton,Kharif,3.73,Sandy,1058.1,Tubewell,261085,0,0,75.5,149105,32339,0.3348
FC-007161,TG,TG-South,Pulses,Rabi,1.25,Black,967.9,Rainfed,65422,0,0,88.4,41988,46365,0.6078
FC-007162,MH,MH-Western,Wheat,Rabi,0.63,Black,1104.7,Rainfed,79743,3,0,60.9,40000,23522,0.5118
FC-007163,TN,TN-North,Rice,Rabi,2.04,Laterite,751.9,Tubewell,114880,0,0,55.8,95680,76014,0.4405
FC-007164,UP,UP-Eastern,Cotton,Kharif,1.03,Alluvial,1157.4,Canal,88252,5,0,77.4,75171,18594,0.3179
FC-007165,MH,MH-Western,Soybean,Kharif,0.76,Black,708.3,Canal,99943,8,0,58.8,40000,45340,0.6311
FC-007166,PB,PB-Doaba,Wheat,Rabi,0.47,Alluvial,896.1,Rainfed,68683,3,0,87.4,40000,61413,0.5544
FC-007167,GJ,GJ-Saurashtra,Mustard,Rabi,2.3,Black,1044.4,Tubewell,135261,2,0,85.3,44879,42617,0.4007
FC-007168,MH,MH-Marathwada,Pulses,Rabi,0.52,ClayLoam,909.0,Drip,48198,2,0,65.8,40000,22187,0.2245
FC-007169,TG,TG-South,Cotton,Kharif,0.95,Black,627.5,Tubewell,112003,1,0,70.2,51650,21778,0.5808
FC-007170,PB,PB-Malwa,Maize,Kharif,0.86,ClayLoam,610.8,Rainfed,63806,0,0,47.1,40000,38769,0.6727
FC-007171,RJ,RJ-Marwar,Pulses,Kharif,1.66,Alluvial,281.7,Tubewell,138241,2,0,72.6,56645,3198,0.4546
FC-007172,RJ,RJ-Marwar,Millet,Kharif,1.37,Sandy,490.0,Rainfed,126627,4,1,63.5,40000,6317,0.7777
FC-007173,GJ,GJ-Saurashtra,Groundnut,Rabi,2.2,Alluvial,1080.3,Canal,162921,1,0,87.8,122849,237406,0.5272
FC-007174,UP,UP-Central,Wheat,Rabi,2.17,ClayLoam,675.0,Tubewell,201929,0,0,45.3,165954,36547,0.4168
FC-007175,RJ,RJ-Mewar,Millet,Kharif,1.12,ClayLoam,527.2,Rainfed,112021,3,0,75.6,40000,51690,0.7955
FC-007176,GJ,GJ-Central,Groundnut,Kharif,0.76,Sandy,1009.1,Canal,94987,1,0,73.9,61523,22715,0.5152
FC-007177,MP,MP-Chambal,Wheat,Rabi,3.66,Black,1108.1,Canal,257109,1,0,49.9,155825,0,0.4527
FC-007178,RJ,RJ-Hadoti,Millet,Kharif,0.99,Sandy,353.4,Drip,59370,4,0,68.9,40000,0,0.1651
FC-007179,BR,BR-North,Wheat,Rabi,0.69,Alluvial,1350.5,Drip,66158,0,0,59.9,42477,17894,0.3689
FC-007180,UP,UP-Central,Wheat,Rabi,3.72,Alluvial,876.0,Canal,226671,1,0,72.3,191637,117658,0.197
FC-007181,AP,AP-Rayalaseema,Sugarcane,Rabi,1.24,Red,794.8,Tubewell,123776,1,0,61.0,192123,13340,0.1392
FC-007182,BR,BR-South,Pulses,Kharif,0.68,ClayLoam,1256.8,Rainfed,94063,3,0,85.8,40000,10490,0.5039
FC-007183,GJ,GJ-Saurashtra,Cotton,Kharif,1.99,Sandy,1080.1,Rainfed,181048,1,0,64.6,167633,62015,0.3753
FC-007184,MP,MP-Chambal,Soybean,Kharif,0.71,Black,656.7,Drip,96465,4,0,70.5,40000,0,0.4849
FC-007185,BR,BR-Gangetic,Wheat,Rabi,5.23,ClayLoam,1327.8,Canal,352094,1,0,67.3,383446,27152,0.2493
FC-007186,TG,TG-Central,Maize,Kharif,4.91,Red,780.8,Canal,423509,2,0,90.2,259035,7236,0.2293
FC-007187,BR,BR-South,Rice,Rabi,1.43,Alluvial,1311.7,Rainfed,119404,1,0,75.5,101467,0,0.227
FC-007188,KA,KA-South,Pulses,Kharif,0.68,Red,505.3,Rainfed,84358,2,0,59.7,40000,26452,0.7827
FC-007189,UP,UP-Western,Wheat,Rabi,1.71,Alluvial,788.4,Canal,153271,3,0,57.2,171736,0,0.2047
FC-007190,MP,MP-Chambal,Cotton,Kharif,1.21,Laterite,1269.5,Rainfed,86628,4,0,85.7,67238,0,0.1917
FC-007191,MH,MH-Western,Maize,Kharif,2.46,Black,858.2,Rainfed,126968,3,0,97.7,95312,0,0.1828
FC-007192,MP,MP-Chambal,Soybean,Kharif,2.71,ClayLoam,967.3,Drip,173656,0,0,40.9,76237,23233,0.5604
FC-007193,UP,UP-Central,Rice,Kharif,3.63,Alluvial,1005.6,Tubewell,354175,1,0,100.0,274138,12780,0.1653
FC-007194,KA,KA-Central,Sugarcane,Rabi,2.36,Black,1122.0,Drip,325109,1,0,54.4,673078,13362,0.159
FC-007195,PB,PB-Majha,Rice,Rabi,4.61,ClayLoam,629.7,Drip,366461,4,0,100.0,368702,0,0.0916
FC-007196,BR,BR-North,Rice,Rabi,0.84,Alluvial,799.7,Tubewell,117108,1,0,68.2,74362,84130,0.6891
FC-007197,HR,HR-South,Mustard,Rabi,0.57,Black,654.9,Tubewell,77985,5,0,74.9,40000,26395,0.5497
FC-007198,GJ,GJ-Saurashtra,Cotton,Kharif,5.34,Sandy,1077.0,Rainfed,466492,5,0,70.0,284676,31903,0.3063
FC-007199,UP,UP-Western,Pulses,Kharif,7.66,Alluvial,480.1,Rainfed,351504,2,0,76.8,256268,0,0.3291
FC-007200,MH,MH-Vidarbha,Groundnut,Rabi,0.29,ClayLoam,769.8,Drip,46637,3,0,79.7,40000,11251,0.3614
FC-007201,RJ,RJ-Mewar,Millet,Kharif,0.39,ClayLoam,562.1,Tubewell,67881,2,0,79.8,40000,12822,0.5137
FC-007202,AP,AP-Coastal,Sugarcane,Kharif,1.25,ClayLoam,942.7,Canal,101684,0,0,77.6,183558,0,0.125
FC-007203,RJ,RJ-Shekhawati,Groundnut,Rabi,5.66,Red,573.2,Canal,455397,3,0,88.2,329309,281456,0.2054
FC-007204,KA,KA-South,Groundnut,Kharif,1.64,Alluvial,1081.8,Rainfed,143859,3,0,54.8,92688,0,0.2776
FC-007205,UP,UP-Western,Wheat,Rabi,1.92,Black,964.7,Rainfed,114535,4,0,69.9,149176,0,0.1298
FC-007206,KA,KA-North,Maize,Kharif,2.41,Red,1137.3,Rainfed,111110,0,0,100.0,77252,13399,0.2478
FC-007207,MP,MP-Chambal,Soybean,Kharif,0.2,Laterite,1083.1,Tubewell,33685,0,0,94.1,40000,2916,0.162
FC-007208,TN,TN-South,Cotton,Kharif,0.76,Red,869.3,Rainfed,85907,4,1,52.1,43711,129380,0.8736
FC-007209,UP,UP-Eastern,Wheat,Rabi,0.73,Alluvial,980.8,Rainfed,102888,2,0,67.9,56087,0,0.3311
FC-007210,MP,MP-Mahakoshal,Pulses,Kharif,0.91,ClayLoam,959.0,Canal,83229,1,0,82.2,40000,28847,0.5886
FC-007211,PB,PB-Doaba,Wheat,Rabi,1.18,Alluvial,522.0,Drip,68760,5,0,85.7,77954,20976,0.2057
FC-007212,MH,MH-Western,Cotton,Kharif,0.79,Laterite,1047.5,Rainfed,83542,2,0,80.0,41217,1503,0.3137
FC-007213,RJ,RJ-Marwar,Cotton,Kharif,0.66,Sandy,678.0,Rainfed,104700,1,0,80.9,69611,47410,0.4651
FC-007214,TG,TG-Central,Rice,Rabi,1.85,Red,853.2,Rainfed,144500,4,0,57.9,113570,39048,0.2965
FC-007215,MH,MH-Western,Groundnut,Kharif,0.41,Black,947.5,Drip,42952,2,0,84.5,40000,7047,0.1601
FC-007216,KA,KA-North,Sugarcane,Rabi,2.67,Black,1521.1,Rainfed,343285,2,0,66.8,481725,57459,0.28
FC-007217,TN,TN-Delta,Rice,Rabi,3.08,Red,978.4,Canal,172159,2,0,82.4,176927,77780,0.2444
FC-007218,PB,PB-Majha,Rice,Kharif,0.94,ClayLoam,562.8,Tubewell,116032,2,0,47.9,54471,0,0.4778
FC-007219,UP,UP-Bundelkhand,Cotton,Kharif,0.99,Alluvial,1184.3,Drip,63428,3,0,90.1,69932,63776,0.1873
FC-007220,TG,TG-Central,Pulses,Rabi,0.68,Red,1173.9,Rainfed,70450,4,0,70.5,40000,4936,0.3255
FC-007221,GJ,GJ-South,Cotton,Kharif,0.2,Red,679.8,Rainfed,51686,1,0,68.2,40000,0,0.5084
FC-007222,MP,MP-Malwa,Wheat,Rabi,1.53,Alluvial,942.6,Rainfed,127537,2,0,83.0,79906,105085,0.6065
FC-007223,PB,PB-Doaba,Wheat,Rabi,5.45,Alluvial,846.1,Rainfed,281827,2,0,82.6,284842,19542,0.1787
FC-007224,UP,UP-Central,Wheat,Rabi,0.35,Alluvial,978.7,Rainfed,73007,1,0,53.0,40000,0,0.5143
FC-007225,GJ,GJ-South,Pulses,Rabi,0.37,Sandy,283.2,Rainfed,72902,1,0,59.2,40000,0,0.5906
FC-007226,TN,TN-West,Cotton,Kharif,2.64,Red,907.3,Canal,249966,2,0,72.0,184437,122643,0.4777
FC-007227,TN,TN-North,Millet,Kharif,1.37,Laterite,1380.9,Tubewell,126552,2,1,76.0,40000,92773,0.8125
FC-007228,AP,AP-Rayalaseema,Cotton,Kharif,4.25,Red,1072.5,Canal,257454,5,0,99.2,303879,44642,0.1205
FC-007229,MP,MP-Bundelkhand,Wheat,Rabi,0.34,Alluvial,648.8,Tubewell,40423,0,0,100.0,40000,54084,0.6017
FC-007230,GJ,GJ-South,Cotton,Kharif,0.31,Alluvial,549.2,Canal,42686,1,0,52.4,40000,0,0.3428
FC-007231,MP,MP-Mahakoshal,Cotton,Kharif,1.1,Red,1152.0,Canal,88226,4,0,55.2,97673,0,0.2502
FC-007232,MP,MP-Mahakoshal,Soybean,Kharif,2.35,Black,863.8,Canal,147190,2,0,81.0,83789,6563,0.3617
FC-007233,TN,TN-North,Cotton,Kharif,0.39,Alluvial,1252.6,Tubewell,58921,1,0,84.2,40000,26969,0.3371
FC-007234,KA,KA-North,Cotton,Kharif,1.29,Alluvial,604.1,Tubewell,115853,0,0,87.2,64411,0,0.4793
FC-007235,GJ,GJ-Central,Groundnut,Rabi,1.83,Alluvial,555.0,Tubewell,158276,3,0,83.2,111342,0,0.1637
FC-007236,PB,PB-Majha,Pulses,Kharif,1.28,Alluvial,883.9,Tubewell,103165,1,0,58.8,40000,5006,0.5138
FC-007237,MH,MH-Western,Soybean,Kharif,2.6,Black,1076.8,Canal,171649,2,0,47.8,125240,50434,0.3708
FC-007238,KA,KA-Central,Soybean,Kharif,1.14,Alluvial,692.4,Canal,116972,1,0,97.5,40000,95444,0.7476
FC-007239,MH,MH-Konkan,Sugarcane,Rabi,0.82,ClayLoam,801.9,Tubewell,128052,2,0,93.1,168479,49318,0.1519
FC-007240,MP,MP-Chambal,Pulses,Rabi,1.42,Alluvial,1296.7,Rainfed,101500,1,0,53.3,49069,38900,0.6428
FC-007241,GJ,GJ-South,Cotton,Kharif,1.73,Red,1008.4,Drip,168808,2,0,60.9,130829,97366,0.3148
FC-007242,BR,BR-North,Wheat,Rabi,1.7,Alluvial,1313.3,Canal,149920,1,0,61.2,104953,34929,0.2589
FC-007243,MH,MH-Konkan,Soybean,Kharif,1.01,Sandy,1107.4,Canal,88922,4,0,91.2,45043,0,0.3655
FC-007244,MH,MH-Western,Cotton,Kharif,3.55,Black,784.7,Tubewell,314884,1,0,100.0,217087,35472,0.2065
FC-007245,BR,BR-Gangetic,Rice,Kharif,0.51,Alluvial,1215.3,Rainfed,47143,0,0,76.4,40000,133512,0.6749
FC-007246,TG,TG-South,Cotton,Kharif,0.35,Red,981.7,Rainfed,53108,4,0,76.7,40000,66538,0.6395
FC-007247,BR,BR-North,Rice,Rabi,0.79,Alluvial,815.8,Rainfed,61354,2,0,97.4,40000,18486,0.5942
FC-007248,GJ,GJ-South,Cotton,Kharif,1.61,Black,927.1,Drip,145845,2,0,80.2,127947,0,0.199
FC-007249,RJ,RJ-Shekhawati,Millet,Kharif,1.03,Black,297.0,Rainfed,97180,0,0,58.2,40000,0,0.5118
FC-007250,BR,BR-South,Rice,Kharif,1.2,Alluvial,1117.4,Canal,145842,2,0,76.7,98340,0,0.202
FC-007251,UP,UP-Western,Rice,Kharif,0.93,Alluvial,713.9,Canal,66238,3,0,69.4,47943,13667,0.3428
FC-007252,MH,MH-Vidarbha,Cotton,Kharif,3.06,Laterite,676.6,Rainfed,239361,2,0,94.4,142418,7410,0.3274
FC-007253,BR,BR-North,Rice,Rabi,1.62,ClayLoam,1160.7,Rainfed,125571,4,0,72.4,150056,30537,0.2459
FC-007254,PB,PB-Malwa,Rice,Rabi,8.28,Alluvial,644.8,Tubewell,572069,1,0,68.1,700000,2921,0.2105
FC-007255,MP,MP-Bundelkhand,Pulses,Rabi,0.65,ClayLoam,1089.2,Canal,81058,0,0,75.4,40000,17150,0.4764
FC-007256,AP,AP-Coastal,Cotton,Kharif,2.32,Black,859.1,Tubewell,204554,1,0,78.3,103487,137163,0.497
FC-007257,GJ,GJ-North,Millet,Kharif,1.89,Black,988.0,Tubewell,169041,3,0,52.8,40000,0,0.7445
FC-007258,MP,MP-Chambal,Pulses,Rabi,1.66,Red,1136.4,Tubewell,116853,7,0,74.1,53969,25882,0.2209
FC-007259,KA,KA-North,Rice,Rabi,0.97,Red,767.2,Tubewell,82511,0,0,63.7,43727,11330,0.3421
FC-007260,RJ,RJ-Mewar,Pulses,Rabi,3.89,Sandy,532.1,Tubewell,218439,1,0,74.3,152763,26284,0.243
FC-007261,KA,KA-Coastal,Wheat,Rabi,0.42,Laterite,1126.3,Rainfed,51294,2,0,83.9,40000,27000,0.4806
FC-007262,UP,UP-Bundelkhand,Wheat,Rabi,1.23,ClayLoam,1100.8,Canal,81168,2,0,87.6,79126,0,0.2243
FC-007263,MH,MH-Marathwada,Wheat,Rabi,1.75,Sandy,1040.9,Rainfed,161338,3,0,82.4,74986,41440,0.3705
FC-007264,GJ,GJ-North,Mustard,Rabi,0.6,Black,863.4,Tubewell,86247,2,0,100.0,40000,11908,0.3256
FC-007265,MH,MH-Konkan,Cotton,Kharif,3.1,Red,986.8,Rainfed,173393,4,0,75.4,254384,30617,0.1781
FC-007266,PB,PB-Malwa,Cotton,Kharif,2.84,ClayLoam,641.7,Rainfed,184515,2,0,79.0,274942,15097,0.2444
FC-007267,MH,MH-Marathwada,Groundnut,Rabi,0.33,Black,969.0,Rainfed,50430,2,1,62.0,40000,88864,0.8321
FC-007268,MP,MP-Malwa,Wheat,Rabi,0.77,Red,725.6,Tubewell,71575,3,1,67.8,40000,64554,0.8202
FC-007269,RJ,RJ-Marwar,Groundnut,Kharif,1.32,Sandy,556.3,Canal,117683,1,0,68.6,75696,80719,0.4153
FC-007270,TG,TG-Central,Maize,Kharif,0.43,Alluvial,1117.3,Tubewell,62969,3,0,53.4,40000,9030,0.4692
FC-007271,TG,TG-South,Rice,Kharif,0.66,Red,798.0,Rainfed,80518,2,0,77.1,40000,35668,0.6807
FC-007272,MP,MP-Bundelkhand,Wheat,Rabi,1.78,Black,1115.5,Canal,164202,1,0,61.7,90764,14747,0.5524
FC-007273,TG,TG-South,Rice,Kharif,1.38,Red,835.4,Tubewell,132260,2,0,90.9,85502,0,0.3113
FC-007274,BR,BR-North,Rice,Kharif,2.42,Alluvial,1183.0,Canal,143241,4,0,74.3,125621,196942,0.4815
FC-007275,UP,UP-Central,Mustard,Rabi,0.49,Alluvial,877.3,Tubewell,79387,3,0,59.3,40000,61408,0.7715
FC-007276,UP,UP-Western,Wheat,Rabi,2.23,Alluvial,867.6,Tubewell,203382,8,0,83.3,139660,23674,0.3136
FC-007277,MP,MP-Bundelkhand,Rice,Kharif,1.07,Alluvial,934.6,Canal,88158,3,0,83.5,78984,22083,0.3174
FC-007278,UP,UP-Western,Maize,Kharif,1.87,Alluvial,739.2,Canal,104129,0,0,72.9,48436,12457,0.6518
FC-007279,AP,AP-Coastal,Rice,Rabi,1.45,Black,464.5,Canal,111519,2,0,56.2,56888,26088,0.6848
FC-007280,PB,PB-Doaba,Wheat,Rabi,1.12,Alluvial,445.3,Tubewell,113487,2,0,18.4,40000,64706,0.8625
FC-007281,UP,UP-Central,Wheat,Rabi,0.53,Alluvial,1071.1,Drip,61582,4,0,88.9,40123,7759,0.3556
FC-007282,MP,MP-Malwa,Maize,Rabi,3.42,Red,858.3,Drip,169865,1,0,100.0,103182,0,0.1197
FC-007283,RJ,RJ-Shekhawati,Mustard,Rabi,0.26,Alluvial,381.3,Rainfed,35226,0,0,78.5,40000,36535,0.451
FC-007284,MP,MP-Mahakoshal,Pulses,Rabi,0.53,Black,1197.0,Rainfed,80208,2,1,44.1,40000,17164,0.8113
FC-007285,KA,KA-Coastal,Millet,Kharif,2.47,Red,920.3,Rainfed,133059,2,0,65.8,42399,60648,0.7567
FC-007286,BR,BR-South,Wheat,Rabi,1.04,ClayLoam,1117.3,Drip,66623,5,0,70.8,48662,49377,0.5874
FC-007287,MH,MH-Western,Cotton,Kharif,2.05,Alluvial,1075.7,Tubewell,118158,1,0,47.4,138089,15910,0.3145
FC-007288,MP,MP-Bundelkhand,Soybean,Kharif,1.34,Black,971.8,Canal,126583,3,0,63.9,40000,7616,0.6794
FC-007289,HR,HR-West,Mustard,Rabi,0.77,Alluvial,861.5,Rainfed,58631,0,0,100.0,40000,0,0.1817
FC-007290,TG,TG-North,Groundnut,Kharif,3.29,Black,784.0,Canal,263957,1,0,75.6,177651,0,0.2064
FC-007291,UP,UP-Central,Sugarcane,Rabi,0.76,Alluvial,1067.3,Rainfed,94228,1,0,54.3,97577,22096,0.4621
FC-007292,GJ,GJ-Saurashtra,Groundnut,Kharif,0.61,Sandy,1070.4,Tubewell,69332,3,0,99.4,40000,10261,0.3298
FC-007293,BR,BR-North,Pulses,Kharif,0.54,ClayLoam,1063.9,Rainfed,48211,4,0,81.0,40000,26382,0.162
FC-007294,UP,UP-Bundelkhand,Sugarcane,Rabi,0.56,Alluvial,934.8,Rainfed,100840,3,0,89.5,79730,0,0.2265
FC-007295,KA,KA-Central,Groundnut,Kharif,1.86,Red,718.4,Rainfed,164390,5,0,83.5,192233,11238,0.3433
FC-007296,MH,MH-Western,Cotton,Kharif,0.84,Black,704.3,Drip,112792,0,0,74.1,62244,60565,0.7046
FC-007297,UP,UP-Bundelkhand,Millet,Kharif,1.43,Alluvial,1173.0,Rainfed,121067,3,0,72.0,40000,37540,0.8853
FC-007298,KA,KA-Coastal,Sugarcane,Kharif,1.16,Red,1127.4,Canal,97278,1,0,77.5,211656,31203,0.1226
FC-007299,RJ,RJ-Marwar,Cotton,Kharif,0.77,Red,530.2,Canal,86844,8,0,94.3,43553,25404,0.488
FC-007300,MH,MH-Konkan,Soybean,Kharif,2.02,Red,250.0,Tubewell,110644,0,0,66.3,90813,98264,0.4985
FC-007301,MP,MP-Chambal,Mustard,Rabi,0.38,Red,1111.3,Rainfed,53942,1,0,79.8,40000,0,0.375
FC-007302,RJ,RJ-Hadoti,Groundnut,Kharif,0.43,Red,250.0,Rainfed,60494,2,0,69.3,40000,4814,0.6995
FC-007303,TG,TG-Central,Rice,Kharif,0.9,Red,810.8,Tubewell,56013,2,0,69.6,40000,0,0.2464
FC-007304,TN,TN-North,Pulses,Rabi,0.87,Red,1012.3,Rainfed,63218,1,0,90.8,40000,10542,0.3306
FC-007305,KA,KA-South,Cotton,Kharif,1.45,Alluvial,1107.9,Rainfed,94521,2,0,93.5,156983,35091,0.1251
FC-007306,MH,MH-Konkan,Maize,Kharif,1.14,Sandy,833.2,Tubewell,98604,3,0,61.4,40000,9476,0.6357
FC-007307,TN,TN-West,Pulses,Kharif,0.72,Laterite,953.9,Rainfed,75187,4,0,80.6,40000,16308,0.4621
FC-007308,MH,MH-Western,Maize,Rabi,0.27,Black,868.7,Tubewell,55764,1,0,60.6,40000,21349,0.4833
FC-007309,KA,KA-South,Rice,Kharif,1.86,Alluvial,416.7,Rainfed,113716,0,1,54.5,65168,35503,0.873
FC-007310,RJ,RJ-Shekhawati,Mustard,Rabi,1.56,Sandy,557.5,Tubewell,135193,3,0,72.8,54371,16498,0.5275
FC-007311,UP,UP-Bundelkhand,Soybean,Kharif,2.2,Alluvial,721.2,Canal,170699,3,0,62.9,93488,69159,0.614
FC-007312,GJ,GJ-Central,Groundnut,Rabi,0.76,Alluvial,551.4,Tubewell,70093,2,0,66.2,48155,47537,0.6281
FC-007313,UP,UP-Bundelkhand,Sugarcane,Rabi,1.52,ClayLoam,954.9,Rainfed,133588,3,0,79.8,246229,19969,0.1902
FC-007314,AP,AP-Upland,Maize,Rabi,1.12,ClayLoam,1130.8,Canal,81329,4,0,81.5,81553,26160,0.1677
FC-007315,MH,MH-Vidarbha,Sugarcane,Rabi,1.62,Laterite,840.2,Canal,204418,5,0,82.1,356752,4148,0.1786
FC-007316,HR,HR-South,Wheat,Rabi,0.81,Sandy,621.0,Canal,56746,2,0,76.6,40000,31166,0.3902
FC-007317,TG,TG-Central,Millet,Kharif,0.79,ClayLoam,812.0,Rainfed,51314,1,0,68.9,40000,35410,0.4588
FC-007318,BR,BR-Gangetic,Pulses,Kharif,1.47,Alluvial,1372.2,Drip,102498,0,1,61.4,84991,270407,0.8811
FC-007319,BR,BR-North,Wheat,Rabi,1.81,Alluvial,1429.6,Canal,160872,1,0,79.0,95278,6513,0.3496
FC-007320,MH,MH-Western,Pulses,Rabi,0.94,Red,1205.7,Tubewell,68050,2,0,51.8,40000,3458,0.4432
FC-007321,AP,AP-Upland,Rice,Rabi,1.0,Red,673.4,Rainfed,97685,1,0,71.8,46301,0,0.6993
FC-007322,UP,UP-Western,Soybean,Kharif,0.36,Alluvial,866.6,Tubewell,64995,3,0,64.5,40000,33128,0.525
FC-007323,UP,UP-Eastern,Rice,Rabi,0.6,Alluvial,579.0,Drip,73639,3,0,68.7,40000,6831,0.5738
FC-007324,KA,KA-Coastal,Maize,Rabi,0.95,Red,1131.1,Tubewell,110597,1,0,69.6,40000,126176,0.8035
FC-007325,TG,TG-North,Cotton,Kharif,0.9,Red,1225.7,Rainfed,63455,1,0,93.2,95953,0,0.2178
FC-007326,MP,MP-Bundelkhand,Wheat,Rabi,2.74,Black,936.9,Canal,196656,1,0,54.0,147762,0,0.1836
FC-007327,TN,TN-West,Cotton,Kharif,0.49,ClayLoam,977.9,Canal,60661,1,0,87.4,42015,26746,0.3808
FC-007328,MH,MH-Konkan,Maize,Kharif,1.01,Laterite,984.5,Rainfed,78060,3,0,63.0,52347,8388,0.4435
FC-007329,TN,TN-West,Sugarcane,Rabi,1.2,Alluvial,1011.9,Rainfed,113053,2,0,76.3,155624,0,0.1859
FC-007330,HR,HR-West,Mustard,Rabi,1.27,Sandy,481.8,Drip,127721,1,0,70.5,45844,0,0.4057
FC-007331,AP,AP-Upland,Cotton,Kharif,1.02,Alluvial,913.1,Rainfed,92162,4,0,77.5,54516,400000,0.7704
FC-007332,BR,BR-Gangetic,Wheat,Rabi,2.11,Alluvial,1145.4,Rainfed,131713,3,0,73.2,120613,0,0.1494
FC-007333,UP,UP-Central,Sugarcane,Kharif,0.46,Alluvial,1076.8,Drip,100002,1,0,100.0,114492,31581,0.1433
FC-007334,RJ,RJ-Shekhawati,Millet,Kharif,1.24,ClayLoam,442.8,Tubewell,80165,2,0,69.7,40000,44478,0.6368
FC-007335,MH,MH-Marathwada,Cotton,Kharif,0.98,Black,833.0,Canal,90324,2,0,85.2,63069,33407,0.2861
FC-007336,HR,HR-West,Wheat,Rabi,1.35,ClayLoam,596.3,Tubewell,153524,1,0,58.9,118813,68342,0.5146
FC-007337,TG,TG-South,Cotton,Kharif,2.05,Red,722.4,Drip,162434,1,0,92.4,73425,0,0.436
FC-007338,AP,AP-Rayalaseema,Cotton,Kharif,1.24,Black,663.5,Drip,126759,3,0,64.5,82728,10502,0.4742
FC-007339,AP,AP-Rayalaseema,Maize,Kharif,1.33,Sandy,458.5,Rainfed,108386,1,0,87.7,40000,21185,0.8445
FC-007340,MP,MP-Chambal,Wheat,Rabi,0.47,Sandy,1060.1,Canal,53252,3,0,92.3,40000,9342,0.3232
FC-007341,UP,UP-Western,Mustard,Rabi,3.42,Red,731.5,Tubewell,277798,2,0,91.9,120308,32967,0.214
FC-007342,MP,MP-Mahakoshal,Soybean,Kharif,0.31,Alluvial,1041.7,Drip,67390,1,0,64.1,40000,19793,0.562
FC-007343,KA,KA-North,Mustard,Rabi,1.89,Red,1893.3,Tubewell,160225,1,0,63.0,104972,9354,0.2424
FC-007344,AP,AP-Upland,Maize,Rabi,1.79,Red,783.9,Rainfed,180376,2,1,50.6,88926,199006,0.9155
FC-007345,UP,UP-Bundelkhand,Sugarcane,Rabi,2.01,Alluvial,1083.1,Tubewell,219183,2,0,63.6,402411,39180,0.1392
FC-007346,AP,AP-Rayalaseema,Cotton,Kharif,0.8,ClayLoam,1043.6,Canal,76981,0,0,58.1,44388,0,0.2661
FC-007347,TG,TG-North,Maize,Kharif,1.03,Red,864.3,Drip,89069,3,0,71.9,41704,111994,0.6761
FC-007348,AP,AP-Coastal,Groundnut,Kharif,0.54,ClayLoam,1331.1,Rainfed,73066,2,0,41.7,40000,12577,0.5096
FC-007349,KA,KA-North,Maize,Kharif,1.66,Red,831.3,Tubewell,81340,2,0,52.6,40000,12208,0.4497
FC-007350,BR,BR-Gangetic,Rice,Kharif,0.5,Alluvial,1662.4,Drip,41666,2,0,100.0,40000,0,0.209
FC-007351,MH,MH-Western,Maize,Rabi,0.86,Black,952.6,Drip,55670,2,0,50.3,40000,18001,0.4223
FC-007352,PB,PB-Majha,Maize,Kharif,1.33,ClayLoam,573.1,Rainfed,104773,1,0,74.3,56764,0,0.4206
FC-007353,MP,MP-Chambal,Pulses,Rabi,0.96,Black,981.0,Tubewell,88643,3,0,65.0,40000,16104,0.4424
FC-007354,RJ,RJ-Mewar,Millet,Kharif,1.32,Sandy,363.3,Rainfed,84314,1,1,11.9,43098,59368,0.8701
FC-007355,MH,MH-Vidarbha,Pulses,Rabi,0.42,Black,963.4,Canal,69507,3,0,99.3,40000,37543,0.4114
FC-007356,UP,UP-Central,Maize,Kharif,0.37,ClayLoam,1027.9,Canal,66233,5,0,88.0,40000,1833,0.3151
FC-007357,BR,BR-South,Rice,Kharif,1.76,Alluvial,1162.0,Tubewell,154426,0,0,61.6,92776,20029,0.5879
FC-007358,MP,MP-Chambal,Pulses,Rabi,0.2,Alluvial,1159.6,Tubewell,33504,3,0,52.4,40000,23573,0.4555
FC-007359,BR,BR-North,Rice,Kharif,1.13,Alluvial,1257.8,Drip,109650,3,1,55.3,88766,289012,0.8037
FC-007360,TG,TG-North,Rice,Kharif,1.75,Red,1175.3,Canal,149497,4,0,75.3,140398,33866,0.2533
FC-007361,HR,HR-East,Wheat,Rabi,0.26,Alluvial,417.9,Canal,57003,4,0,63.8,40000,3482,0.4879
FC-007362,MH,MH-Vidarbha,Wheat,Rabi,0.94,Laterite,931.2,Drip,64877,0,0,70.1,50339,8272,0.2975
FC-007363,MH,MH-Marathwada,Wheat,Rabi,1.76,ClayLoam,1257.5,Canal,184168,0,0,51.5,111846,25955,0.5878
FC-007364,BR,BR-North,Pulses,Kharif,1.34,Alluvial,1103.6,Rainfed,115616,0,0,81.1,42997,38549,0.6296
FC-007365,UP,UP-Bundelkhand,Sugarcane,Kharif,2.92,Alluvial,1018.7,Tubewell,326293,1,0,61.8,357693,6655,0.2383
FC-007366,GJ,GJ-South,Wheat,Rabi,0.9,Alluvial,878.7,Drip,108372,1,0,70.1,78487,61415,0.3911
FC-007367,PB,PB-Malwa,Wheat,Rabi,2.04,Alluvial,681.1,Canal,204516,1,0,88.9,167008,237221,0.3484
FC-007368,MP,MP-Bundelkhand,Soybean,Kharif,1.46,Sandy,1201.7,Rainfed,116141,3,0,64.4,63642,29711,0.5782
FC-007369,MH,MH-Western,Soybean,Kharif,0.25,Black,756.9,Rainfed,58724,2,0,58.9,40000,158008,0.9426
FC-007370,UP,UP-Bundelkhand,Wheat,Rabi,0.87,ClayLoam,735.0,Tubewell,106389,2,0,67.4,60915,187856,0.8348
FC-007371,GJ,GJ-North,Wheat,Rabi,0.38,ClayLoam,1041.6,Tubewell,65255,1,0,48.7,40000,21673,0.6323
FC-007372,TN,TN-Delta,Rice,Rabi,0.69,Alluvial,1361.6,Canal,72673,1,0,83.6,76353,21559,0.1919
FC-007373,PB,PB-Malwa,Rice,Kharif,2.1,Alluvial,551.5,Tubewell,173391,2,0,76.1,212095,70249,0.2206
FC-007374,TG,TG-South,Rice,Kharif,1.8,Red,1117.3,Rainfed,99147,2,0,85.8,93528,25909,0.2587
FC-007375,GJ,GJ-Saurashtra,Cotton,Kharif,1.33,Sandy,683.6,Rainfed,152388,1,0,75.1,104230,40568,0.5737
FC-007376,UP,UP-Bundelkhand,Mustard,Rabi,0.59,ClayLoam,1254.0,Tubewell,64618,3,0,67.1,40000,17890,0.2801
FC-007377,PB,PB-Doaba,Wheat,Rabi,4.56,Sandy,822.7,Canal,356098,5,0,68.8,163332,94599,0.3994
FC-007378,KA,KA-South,Sugarcane,Rabi,0.71,Black,1139.0,Rainfed,71181,4,0,100.0,87774,25615,0.199
FC-007379,UP,UP-Central,Rice,Kharif,0.52,Alluvial,732.0,Tubewell,62051,4,0,76.7,40000,15991,0.5338
FC-007380,TN,TN-Delta,Cotton,Kharif,1.69,Red,617.8,Tubewell,133291,3,0,74.2,102505,0,0.335
FC-007381,TN,TN-South,Rice,Kharif,1.11,Alluvial,981.5,Tubewell,118557,1,0,56.3,52388,10295,0.4648
FC-007382,UP,UP-Eastern,Wheat,Rabi,2.42,Alluvial,767.8,Canal,135903,0,0,81.5,198644,22270,0.1734
FC-007383,PB,PB-Malwa,Wheat,Rabi,0.44,Alluvial,461.4,Tubewell,60673,1,1,56.1,40000,101471,0.9161
FC-007384,BR,BR-South,Rice,Rabi,1.89,Alluvial,920.8,Rainfed,176409,1,0,61.7,85522,41337,0.7384
FC-007385,UP,UP-Western,Cotton,Kharif,1.39,Alluvial,915.4,Rainfed,83348,1,0,45.9,72654,0,0.382
FC-007386,AP,AP-Rayalaseema,Cotton,Kharif,3.91,Red,1076.1,Rainfed,385235,2,0,84.0,258374,36409,0.2534
FC-007387,MH,MH-Marathwada,Soybean,Kharif,0.93,Black,1034.1,Rainfed,57703,4,0,83.9,40000,56066,0.5156
FC-007388,AP,AP-Coastal,Rice,Rabi,1.95,Alluvial,966.7,Canal,171702,3,1,42.1,65234,159198,0.8652
FC-007389,MH,MH-Western,Rice,Kharif,1.37,Black,683.3,Drip,98781,3,0,48.0,70354,0,0.3767
FC-007390,AP,AP-Rayalaseema,Maize,Kharif,1.45,Laterite,1006.3,Canal,127143,0,0,87.7,51495,6047,0.3588
FC-007391,PB,PB-Doaba,Maize,Rabi,2.7,Sandy,385.2,Rainfed,244974,3,1,45.2,95792,40508,0.8223
FC-007392,MH,MH-Marathwada,Soybean,Kharif,0.87,Black,721.4,Rainfed,103740,2,0,55.8,50694,21248,0.5255
FC-007393,UP,UP-Eastern,Wheat,Rabi,0.44,Sandy,914.7,Rainfed,39877,0,0,71.8,40000,11032,0.3271
FC-007394,UP,UP-Western,Rice,Rabi,1.83,Alluvial,777.6,Tubewell,107947,1,0,82.0,83818,24043,0.2995
FC-007395,KA,KA-North,Rice,Rabi,0.86,Red,765.8,Tubewell,62875,1,0,79.1,40000,125381,0.8312
FC-007396,UP,UP-Bundelkhand,Rice,Kharif,0.42,Alluvial,968.9,Canal,50598,2,0,88.7,40000,0,0.3929
FC-007397,UP,UP-Eastern,Mustard,Rabi,0.79,ClayLoam,935.4,Rainfed,55522,0,0,55.5,40000,11087,0.4451
FC-007398,PB,PB-Majha,Rice,Rabi,1.26,Alluvial,748.5,Rainfed,134225,3,0,61.4,80645,12244,0.4575
FC-007399,GJ,GJ-South,Soybean,Kharif,3.85,Black,1100.9,Canal,237936,5,0,84.8,203811,12445,0.1764
FC-007400,UP,UP-Bundelkhand,Mustard,Rabi,0.75,Sandy,638.0,Rainfed,65411,2,0,72.9,40000,13954,0.6085
FC-007401,HR,HR-West,Wheat,Rabi,2.76,Alluvial,595.9,Rainfed,183969,1,0,100.0,162638,0,0.1214
FC-007402,AP,AP-Coastal,Rice,Rabi,1.06,Alluvial,906.7,Rainfed,68833,3,0,82.1,59821,45024,0.389
FC-007403,RJ,RJ-Mewar,Pulses,Rabi,1.89,ClayLoam,329.9,Tubewell,143882,3,0,78.2,45630,28034,0.7804
FC-007404,UP,UP-Western,Pulses,Rabi,1.86,Sandy,852.3,Drip,91636,2,0,67.9,77128,11994,0.1776
FC-007405,GJ,GJ-North,Pulses,Kharif,2.03,ClayLoam,549.4,Drip,153518,0,1,71.8,40000,165099,0.7831
FC-007406,UP,UP-Central,Sugarcane,Rabi,0.41,Alluvial,787.0,Tubewell,42059,3,0,89.7,45762,50554,0.3089
FC-007407,MH,MH-Konkan,Maize,Kharif,0.47,Black,635.8,Canal,57605,1,0,65.5,40000,12385,0.3701
FC-007408,MH,MH-Vidarbha,Groundnut,Kharif,1.29,Alluvial,957.2,Drip,137344,4,0,95.5,115341,31803,0.2035
FC-007409,HR,HR-East,Mustard,Rabi,3.5,Alluvial,557.9,Canal,225481,1,0,92.2,81904,25204,0.4096
FC-007410,TG,TG-North,Rice,Rabi,3.07,Black,1198.2,Rainfed,184037,1,0,61.8,265099,0,0.2872
FC-007411,PB,PB-Majha,Wheat,Rabi,1.54,Alluvial,617.2,Drip,84890,3,0,100.0,68502,52300,0.1962
FC-007412,PB,PB-Majha,Rice,Kharif,1.62,Sandy,784.3,Rainfed,129474,4,0,88.0,97944,0,0.2019
FC-007413,GJ,GJ-Central,Cotton,Kharif,1.4,Sandy,1044.4,Drip,122982,2,0,100.0,87524,0,0.2039
FC-007414,BR,BR-Gangetic,Rice,Rabi,0.86,Alluvial,1138.2,Tubewell,67544,5,0,61.1,54389,19491,0.2641
FC-007415,BR,BR-Gangetic,Pulses,Rabi,0.99,Alluvial,1472.5,Rainfed,94816,0,0,71.0,48307,42217,0.4907
FC-007416,GJ,GJ-Central,Groundnut,Kharif,1.48,Black,1017.5,Rainfed,143941,5,0,72.9,60814,9816,0.4789
FC-007417,UP,UP-Central,Mustard,Rabi,0.8,Red,1279.2,Rainfed,84309,0,0,90.4,44656,20869,0.6817
FC-007418,KA,KA-North,Rice,Rabi,0.37,Laterite,1013.0,Drip,70035,3,0,52.7,40000,52273,0.6188
FC-007419,RJ,RJ-Mewar,Mustard,Rabi,0.35,Alluvial,515.9,Tubewell,44013,4,0,68.1,40000,43767,0.5291
FC-007420,BR,BR-Gangetic,Rice,Kharif,0.74,Red,1682.1,Tubewell,89833,1,0,72.1,40000,155638,0.8219
FC-007421,KA,KA-North,Cotton,Kharif,3.11,Red,940.1,Drip,227612,4,0,93.0,315794,46654,0.1361
FC-007422,KA,KA-Coastal,Groundnut,Rabi,0.22,Sandy,1654.6,Rainfed,36508,3,0,97.1,40000,9156,0.163
FC-007423,UP,UP-Western,Wheat,Rabi,1.47,Sandy,851.6,Rainfed,94970,3,0,86.5,92518,19917,0.2766
FC-007424,RJ,RJ-Hadoti,Pulses,Kharif,0.39,Black,398.7,Tubewell,41779,2,0,96.1,40000,39995,0.3086
FC-007425,AP,AP-Upland,Pulses,Kharif,0.51,Black,928.2,Canal,41408,4,0,86.7,40000,82793,0.5163
FC-007426,GJ,GJ-Central,Pulses,Rabi,0.87,Black,592.1,Rainfed,79383,1,0,56.5,40000,0,0.5178
FC-007427,BR,BR-Gangetic,Maize,Rabi,2.15,Alluvial,1044.0,Rainfed,186540,1,0,86.8,116883,32906,0.4537
FC-007428,KA,KA-Central,Sugarcane,Kharif,1.41,Sandy,1567.0,Drip,135964,7,0,70.1,200760,112240,0.253
FC-007429,UP,UP-Central,Sugarcane,Kharif,4.21,Alluvial,1110.1,Canal,465129,3,0,98.9,700000,12712,0.1568
FC-007430,MH,MH-Konkan,Cotton,Kharif,1.45,Sandy,1401.2,Tubewell,120634,3,0,84.9,114193,0,0.1153
FC-007431,KA,KA-North,Millet,Kharif,0.49,Black,1611.9,Canal,50906,2,0,83.3,40000,12780,0.2761
FC-007432,TN,TN-West,Groundnut,Kharif,1.12,Alluvial,779.4,Rainfed,107133,0,0,56.0,50515,16910,0.5861
FC-007433,MP,MP-Mahakoshal,Soybean,Kharif,1.38,Black,1163.3,Tubewell,79067,0,1,57.7,54556,149406,0.8307
FC-007434,MP,MP-Chambal,Maize,Rabi,1.11,Red,761.0,Canal,69043,2,0,81.1,50424,3162,0.2992
FC-007435,UP,UP-Western,Wheat,Rabi,1.01,Black,1128.9,Tubewell,123199,2,0,58.8,82078,7173,0.2631
FC-007436,RJ,RJ-Hadoti,Mustard,Rabi,1.47,Alluvial,250.0,Canal,160500,2,0,91.1,120218,0,0.1678
FC-007437,UP,UP-Western,Mustard,Rabi,1.55,Sandy,1112.6,Drip,133541,2,0,96.1,89169,7194,0.1896
FC-007438,PB,PB-Malwa,Maize,Kharif,0.44,Alluvial,636.5,Rainfed,77949,3,0,73.8,40000,0,0.611
FC-007439,RJ,RJ-Hadoti,Cotton,Kharif,1.62,Red,369.1,Canal,131289,4,0,49.1,158343,34356,0.3462
FC-007440,KA,KA-South,Soybean,Kharif,10.0,Laterite,450.1,Rainfed,453115,4,0,63.6,297810,32150,0.5036
FC-007441,AP,AP-Upland,Pulses,Rabi,2.57,Red,698.2,Drip,220930,4,0,49.3,76081,57805,0.8008
FC-007442,TG,TG-South,Maize,Rabi,1.49,Red,1173.6,Canal,151381,1,0,63.0,70826,34889,0.4692
FC-007443,HR,HR-East,Wheat,Rabi,3.71,Alluvial,594.1,Tubewell,229790,0,0,83.1,92100,0,0.4856
FC-007444,AP,AP-Rayalaseema,Rice,Rabi,0.67,ClayLoam,1110.9,Canal,61028,2,0,83.2,40000,36095,0.3555
FC-007445,MP,MP-Chambal,Rice,Rabi,3.85,Alluvial,1250.0,Drip,260468,1,0,78.8,158070,9158,0.1942
FC-007446,TN,TN-Delta,Wheat,Rabi,1.83,Alluvial,764.0,Rainfed,116990,1,0,93.5,57421,6443,0.5185
FC-007447,MP,MP-Bundelkhand,Soybean,Kharif,3.53,Black,470.9,Rainfed,192922,0,1,35.0,76557,15806,0.7801
FC-007448,MP,MP-Bundelkhand,Maize,Kharif,2.13,Alluvial,947.2,Tubewell,134158,0,0,89.4,64473,21812,0.3201
FC-007449,MP,MP-Chambal,Groundnut,Kharif,3.56,Black,1412.0,Rainfed,308133,1,0,84.6,168659,70853,0.3041
FC-007450,MP,MP-Malwa,Soybean,Kharif,1.53,Red,716.6,Drip,127942,2,0,62.6,40124,15215,0.6754
FC-007451,HR,HR-West,Wheat,Rabi,0.45,Sandy,603.1,Drip,50589,2,0,85.4,40000,20617,0.2054
FC-007452,UP,UP-Bundelkhand,Sugarcane,Kharif,0.6,ClayLoam,1111.0,Rainfed,90561,3,0,91.6,82810,90228,0.486
FC-007453,MH,MH-Marathwada,Soybean,Kharif,1.02,Sandy,976.8,Drip,57777,3,0,90.1,40000,12138,0.1727
FC-007454,KA,KA-South,Pulses,Kharif,1.1,Laterite,957.3,Canal,117837,1,0,51.7,44154,140763,0.6864
FC-007455,KA,KA-South,Rice,Rabi,1.97,Alluvial,899.9,Canal,165115,1,0,77.8,78330,0,0.3042
FC-007456,TN,TN-South,Pulses,Kharif,0.72,Alluvial,782.2,Canal,94497,1,0,65.8,40000,0,0.372
FC-007457,MP,MP-Chambal,Cotton,Kharif,1.72,Black,1027.3,Drip,189644,2,0,76.5,137660,28047,0.2337
FC-007458,UP,UP-Central,Wheat,Rabi,1.67,Alluvial,955.2,Rainfed,135881,0,1,39.4,107885,400000,0.8229
FC-007459,HR,HR-East,Rice,Kharif,0.68,Sandy,530.9,Tubewell,89108,2,0,63.9,40000,0,0.558
FC-007460,BR,BR-North,Pulses,Kharif,1.8,Alluvial,988.4,Canal,151952,1,1,42.1,69262,99550,0.7992
FC-007461,PB,PB-Doaba,Cotton,Kharif,4.54,Sandy,631.9,Rainfed,399700,1,0,68.7,202106,89474,0.5957
FC-007462,AP,AP-Upland,Cotton,Kharif,1.37,Black,906.3,Tubewell,135298,3,0,67.4,126350,0,0.2352
FC-007463,MH,MH-Marathwada,Soybean,Kharif,0.44,Red,857.6,Tubewell,61388,2,0,100.0,40000,0,0.2607
FC-007464,TN,TN-West,Rice,Rabi,1.44,Laterite,731.4,Canal,79561,2,0,90.9,92557,0,0.1212
FC-007465,RJ,RJ-Hadoti,Maize,Rabi,0.69,Red,625.2,Tubewell,54909,1,0,69.9,40000,39980,0.4336
FC-007466,PB,PB-Doaba,Wheat,Rabi,0.47,Alluvial,372.0,Rainfed,49990,4,1,36.2,40000,52241,0.8776
FC-007467,GJ,GJ-Central,Rice,Kharif,4.39,Alluvial,1135.2,Rainfed,247236,5,0,71.0,311805,0,0.1373
FC-007468,AP,AP-Rayalaseema,Maize,Rabi,0.2,Alluvial,751.8,Canal,35862,2,0,65.7,40000,10694,0.4606
FC-007469,MP,MP-Chambal,Pulses,Rabi,1.09,Red,1312.2,Canal,110401,2,0,64.6,40000,88622,0.8101
FC-007470,KA,KA-South,Cotton,Kharif,0.59,Red,539.6,Drip,60282,3,0,75.1,40000,63914,0.6542
FC-007471,UP,UP-Central,Maize,Rabi,3.42,ClayLoam,765.3,Tubewell,286618,4,0,71.2,125765,31047,0.43
FC-007472,UP,UP-Bundelkhand,Rice,Rabi,0.67,Alluvial,1189.7,Rainfed,63408,1,0,84.5,53130,17181,0.2954
FC-007473,GJ,GJ-South,Pulses,Rabi,0.71,ClayLoam,250.0,Canal,54465,1,0,40.4,40000,37240,0.5116
FC-007474,PB,PB-Doaba,Rice,Kharif,2.53,Alluvial,643.6,Tubewell,244985,5,0,82.1,159160,37252,0.3347
FC-007475,TG,TG-South,Maize,Rabi,2.15,Black,1086.9,Canal,168851,0,0,87.1,50731,69066,0.688
FC-007476,UP,UP-Western,Rice,Rabi,0.78,Alluvial,786.1,Canal,66622,0,0,57.3,40000,22510,0.6206
FC-007477,AP,AP-Rayalaseema,Cotton,Kharif,0.97,Red,1269.9,Rainfed,122330,0,0,70.4,110577,16283,0.3846
FC-007478,MH,MH-Western,Pulses,Kharif,0.51,Red,779.1,Canal,81904,5,0,100.0,40000,13145,0.3152
FC-007479,TN,TN-North,Rice,Rabi,2.23,Black,1255.1,Rainfed,254614,1,0,72.0,221564,29399,0.3872
FC-007480,GJ,GJ-Saurashtra,Maize,Rabi,2.41,Alluvial,721.8,Tubewell,117382,3,0,87.9,63219,33124,0.318
FC-007481,UP,UP-Bundelkhand,Wheat,Rabi,10.0,Alluvial,991.1,Tubewell,800000,4,0,45.3,606536,35342,0.3571
FC-007482,PB,PB-Majha,Wheat,Rabi,2.78,ClayLoam,583.9,Rainfed,276251,2,0,92.4,191018,11136,0.2607
FC-007483,GJ,GJ-Saurashtra,Wheat,Rabi,0.77,Alluvial,822.2,Canal,64321,5,0,48.2,48992,0,0.2677
FC-007484,RJ,RJ-Hadoti,Wheat,Rabi,0.49,ClayLoam,250.0,Canal,64671,2,0,54.7,40321,12344,0.6088
FC-007485,PB,PB-Majha,Cotton,Kharif,2.0,ClayLoam,516.3,Rainfed,193118,1,0,94.3,129827,11358,0.3862
FC-007486,KA,KA-Central,Millet,Kharif,2.17,Alluvial,676.0,Drip,139423,2,0,63.7,40000,0,0.6635
FC-007487,PB,PB-Malwa,Rice,Rabi,0.6,Alluvial,505.9,Tubewell,47705,3,0,100.0,40000,6282,0.2462
FC-007488,TN,TN-West,Rice,Kharif,3.65,Alluvial,771.8,Rainfed,278145,1,0,84.3,303817,0,0.2298
FC-007489,UP,UP-Eastern,Sugarcane,Rabi,0.95,Sandy,968.2,Rainfed,103434,1,0,61.4,105454,0,0.3222
FC-007490,AP,AP-Rayalaseema,Maize,Rabi,1.26,Red,684.9,Canal,124192,3,0,92.9,49262,0,0.3999
FC-007491,HR,HR-South,Wheat,Rabi,0.64,Sandy,472.8,Drip,53354,0,0,62.4,40000,16566,0.3153
FC-007492,BR,BR-South,Sugarcane,Kharif,0.56,Alluvial,790.8,Tubewell,72730,5,0,80.6,69861,51931,0.4982
FC-007493,TG,TG-North,Cotton,Kharif,0.62,Sandy,761.1,Canal,61104,4,0,56.2,40000,73059,0.5828
FC-007494,UP,UP-Central,Wheat,Rabi,2.15,Alluvial,1288.6,Tubewell,173341,2,0,51.3,151630,9694,0.2074
FC-007495,MH,MH-Western,Sugarcane,Rabi,0.51,Black,1273.4,Canal,81578,0,0,85.3,109100,0,0.2269
FC-007496,MH,MH-Western,Rice,Kharif,0.4,Red,996.4,Rainfed,69770,1,0,57.1,40000,2683,0.5664
FC-007497,AP,AP-Upland,Rice,Rabi,1.67,Red,733.1,Rainfed,170808,1,1,40.7,78707,31361,0.7861
FC-007498,MP,MP-Bundelkhand,Pulses,Kharif,0.97,Black,837.9,Drip,110730,1,0,62.0,40000,25671,0.7031
FC-007499,BR,BR-Gangetic,Rice,Kharif,1.48,ClayLoam,1160.1,Canal,138396,1,0,85.9,72457,0,0.2544
FC-007500,KA,KA-Central,Maize,Kharif,0.9,Laterite,1445.0,Rainfed,107402,2,1,22.4,40000,17652,0.8528
FC-007501,PB,PB-Majha,Cotton,Kharif,0.71,Alluvial,725.8,Drip,59119,3,0,95.2,40000,15337,0.4344
FC-007502,TN,TN-Delta,Maize,Rabi,0.48,ClayLoam,741.6,Drip,48906,4,0,98.3,40000,0,0.2197
FC-007503,GJ,GJ-South,Cotton,Kharif,1.9,Sandy,748.2,Tubewell,135116,2,0,81.7,104657,17238,0.1378
FC-007504,MH,MH-Western,Soybean,Kharif,2.45,Red,1035.5,Rainfed,109037,2,0,63.6,68843,22011,0.5431
FC-007505,RJ,RJ-Hadoti,Pulses,Kharif,2.09,Red,288.0,Rainfed,128091,0,0,64.5,82498,0,0.3908
FC-007506,RJ,RJ-Hadoti,Wheat,Rabi,1.88,Sandy,299.2,Tubewell,117132,3,0,74.9,98224,104193,0.6287
FC-007507,UP,UP-Western,Rice,Rabi,0.31,Alluvial,770.8,Tubewell,36232,1,0,91.8,40000,30139,0.3859
FC-007508,HR,HR-South,Wheat,Rabi,0.39,Alluvial,397.8,Drip,56583,1,0,65.9,40000,25699,0.4571
FC-007509,KA,KA-South,Cotton,Kharif,0.45,Black,1074.7,Tubewell,61845,0,0,83.4,42169,14201,0.4555
FC-007510,MH,MH-Konkan,Wheat,Rabi,1.9,Black,1010.0,Canal,194477,4,0,92.3,149968,7119,0.1696
FC-007511,MH,MH-Western,Soybean,Kharif,1.89,Black,1077.9,Tubewell,120896,2,0,55.6,51779,0,0.526
FC-007512,UP,UP-Central,Wheat,Rabi,0.54,Black,958.6,Canal,57793,3,0,92.8,40000,9885,0.249
FC-007513,UP,UP-Central,Wheat,Rabi,0.78,Alluvial,1034.2,Canal,78684,1,0,95.4,40000,51336,0.326
FC-007514,MP,MP-Malwa,Wheat,Rabi,0.72,Black,688.4,Drip,80088,3,0,66.0,47108,10490,0.3282
FC-007515,AP,AP-Rayalaseema,Cotton,Kharif,3.49,Red,495.1,Rainfed,320076,1,0,66.7,158017,41048,0.8223
FC-007516,PB,PB-Malwa,Wheat,Rabi,0.72,Alluvial,553.4,Canal,57654,3,0,100.0,40000,0,0.241
FC-007517,KA,KA-Central,Rice,Kharif,1.13,ClayLoam,883.0,Drip,126404,2,0,84.7,95385,0,0.1845
FC-007518,UP,UP-Bundelkhand,Sugarcane,Rabi,0.38,Alluvial,1120.4,Canal,71485,3,0,76.6,78727,0,0.1933
FC-007519,KA,KA-North,Groundnut,Kharif,2.37,Alluvial,1267.6,Canal,197600,3,0,75.5,185987,0,0.2074
FC-007520,HR,HR-East,Mustard,Rabi,0.2,Sandy,250.0,Rainfed,40048,1,0,100.0,40000,74834,0.6612
FC-007521,GJ,GJ-Central,Cotton,Kharif,1.18,Red,1206.9,Rainfed,117884,1,0,56.2,63116,8949,0.3362
FC-007522,BR,BR-South,Soybean,Kharif,1.74,Alluvial,1123.7,Rainfed,161735,1,0,85.0,57908,23586,0.6416
FC-007523,KA,KA-Central,Cotton,Kharif,3.07,Red,1147.2,Rainfed,267116,1,0,69.0,257030,93882,0.2419
FC-007524,AP,AP-Upland,Rice,Kharif,1.75,Red,685.5,Tubewell,111036,3,0,85.7,65152,51746,0.3796
FC-007525,UP,UP-Bundelkhand,Mustard,Rabi,1.29,Alluvial,788.9,Tubewell,91048,4,0,65.0,46424,5188,0.2478
FC-007526,HR,HR-West,Rice,Kharif,0.59,Alluvial,797.1,Rainfed,47540,4,0,45.5,40000,9801,0.3718
FC-007527,TN,TN-South,Maize,Kharif,1.47,Alluvial,888.7,Tubewell,101013,4,0,86.9,60590,0,0.3092
FC-007528,MH,MH-Konkan,Pulses,Kharif,1.02,Black,1127.5,Rainfed,104249,1,0,47.8,42919,27611,0.7755
FC-007529,TG,TG-South,Cotton,Kharif,1.71,Red,844.9,Tubewell,138652,5,0,76.9,96757,7429,0.2635
FC-007530,UP,UP-Bundelkhand,Groundnut,Kharif,2.11,Alluvial,1012.4,Rainfed,140348,2,0,68.3,105329,0,0.3503
FC-007531,HR,HR-West,Wheat,Rabi,1.12,Alluvial,571.1,Drip,105365,1,0,55.6,53602,9267,0.4164
FC-007532,GJ,GJ-South,Maize,Rabi,1.0,Black,956.5,Canal,58785,0,0,72.7,40000,133624,0.6735
FC-007533,RJ,RJ-Marwar,Groundnut,Rabi,1.91,Alluvial,618.4,Tubewell,195348,5,0,93.1,101032,36211,0.4735
FC-007534,MP,MP-Bundelkhand,Pulses,Kharif,1.19,Black,687.2,Rainfed,80550,3,0,63.1,40000,0,0.3499
FC-007535,TN,TN-South,Cotton,Kharif,0.81,Sandy,867.5,Rainfed,100030,1,0,78.7,59199,7716,0.6534
FC-007536,MP,MP-Chambal,Wheat,Rabi,1.4,Black,1223.6,Canal,92204,3,0,77.4,89042,0,0.1841
FC-007537,MH,MH-Marathwada,Cotton,Kharif,0.45,Alluvial,982.9,Drip,70784,3,0,100.0,40000,22932,0.4159
FC-007538,MP,MP-Mahakoshal,Cotton,Kharif,1.73,Red,966.2,Drip,97219,4,0,75.6,87082,10462,0.2562
FC-007539,UP,UP-Western,Mustard,Rabi,0.76,Alluvial,1044.8,Rainfed,52441,1,0,70.0,50309,71788,0.5016
FC-007540,MH,MH-Western,Cotton,Kharif,3.9,Black,711.0,Canal,359306,3,0,100.0,266396,136359,0.3213
FC-007541,MP,MP-Chambal,Pulses,Kharif,1.8,Black,1156.8,Canal,143581,6,0,92.0,69516,22555,0.3284
FC-007542,HR,HR-East,Rice,Kharif,0.53,Alluvial,584.0,Drip,71651,3,0,74.0,49906,3866,0.3271
FC-007543,MH,MH-Vidarbha,Wheat,Rabi,0.52,Sandy,738.1,Tubewell,77763,3,0,65.3,40000,87194,0.8478
FC-007544,HR,HR-West,Rice,Kharif,4.88,ClayLoam,472.5,Drip,429773,1,0,100.0,356238,0,0.1987
FC-007545,MP,MP-Chambal,Soybean,Kharif,1.48,Black,1460.5,Canal,109453,1,0,82.0,47363,0,0.2114
FC-007546,MP,MP-Bundelkhand,Pulses,Rabi,1.67,Black,966.8,Rainfed,116706,2,0,79.9,52704,69012,0.7415
FC-007547,MP,MP-Chambal,Pulses,Kharif,0.96,Alluvial,918.4,Tubewell,60981,2,0,61.5,40000,72602,0.7848
FC-007548,UP,UP-Western,Wheat,Rabi,1.39,Alluvial,1204.7,Drip,110950,6,0,66.1,78427,39275,0.3565
FC-007549,UP,UP-Western,Maize,Kharif,0.4,Alluvial,991.2,Canal,41361,4,0,61.7,40000,10486,0.1608
FC-007550,TN,TN-South,Rice,Kharif,0.59,Red,756.8,Drip,86608,4,0,85.9,40000,4515,0.4844
FC-007551,TG,TG-South,Wheat,Rabi,1.2,ClayLoam,757.1,Tubewell,102255,2,0,47.0,83151,8627,0.4035
FC-007552,GJ,GJ-Saurashtra,Cotton,Kharif,1.28,Black,1047.3,Rainfed,138196,4,0,80.4,78978,33200,0.3975
FC-007553,MH,MH-Vidarbha,Soybean,Kharif,1.03,Sandy,1021.8,Rainfed,63179,3,0,67.9,40000,23865,0.4825
FC-007554,UP,UP-Bundelkhand,Wheat,Rabi,0.73,Alluvial,647.0,Rainfed,91528,0,0,78.0,40000,112609,0.8786
FC-007555,PB,PB-Majha,Rice,Kharif,2.55,ClayLoam,800.5,Drip,278287,6,0,100.0,223502,45839,0.1571
FC-007556,UP,UP-Bundelkhand,Sugarcane,Kharif,0.27,Alluvial,927.3,Canal,37627,4,0,79.7,50192,38673,0.3885
FC-007557,KA,KA-Coastal,Sugarcane,Rabi,0.54,Red,1838.4,Drip,80268,2,0,92.4,78321,10436,0.2424
FC-007558,MP,MP-Chambal,Pulses,Rabi,0.64,Red,1028.0,Tubewell,76788,0,0,76.1,40000,3460,0.4308
FC-007559,PB,PB-Majha,Wheat,Rabi,1.25,ClayLoam,616.4,Rainfed,116969,3,0,55.1,76402,23482,0.5871
FC-007560,MH,MH-Marathwada,Wheat,Rabi,2.8,Black,961.5,Drip,185513,2,0,95.6,109984,0,0.2216
FC-007561,KA,KA-North,Rice,Rabi,1.07,Alluvial,1399.6,Rainfed,97836,0,0,90.0,74323,15916,0.3002
FC-007562,UP,UP-Central,Wheat,Rabi,0.2,Alluvial,1101.4,Rainfed,32064,2,0,72.1,40000,0,0.2828
FC-007563,BR,BR-South,Pulses,Kharif,2.79,Sandy,1291.2,Tubewell,178726,0,0,67.7,89343,9161,0.3338
FC-007564,AP,AP-Coastal,Cotton,Kharif,2.06,Alluvial,783.7,Rainfed,160677,2,0,99.0,105585,0,0.4399
FC-007565,TG,TG-Central,Rice,Rabi,1.97,Black,625.0,Tubewell,131849,3,0,84.5,125114,48432,0.2147
FC-007566,UP,UP-Eastern,Wheat,Rabi,1.14,Red,1018.6,Drip,104470,4,0,82.5,55093,31060,0.3003
FC-007567,TN,TN-North,Rice,Rabi,0.89,Red,903.9,Drip,79793,4,0,72.9,57551,9337,0.2009
FC-007568,GJ,GJ-Central,Wheat,Rabi,1.08,Sandy,250.0,Tubewell,86044,2,0,68.3,80947,0,0.2925
FC-007569,UP,UP-Eastern,Wheat,Rabi,0.5,Alluvial,778.5,Canal,46157,2,0,94.5,40000,24878,0.2497
FC-007570,AP,AP-Rayalaseema,Soybean,Kharif,1.01,ClayLoam,953.3,Rainfed,90499,3,0,66.4,40000,1086,0.4811
FC-007571,PB,PB-Doaba,Rice,Rabi,2.1,Alluvial,728.9,Rainfed,130934,0,0,79.6,176510,73714,0.1281
FC-007572,TG,TG-North,Millet,Kharif,2.32,Red,1016.5,Tubewell,113017,5,0,71.9,54961,23623,0.3068
FC-007573,KA,KA-South,Rice,Kharif,3.84,ClayLoam,1488.9,Rainfed,329054,5,0,68.3,287662,4231,0.1728
FC-007574,UP,UP-Eastern,Pulses,Rabi,0.35,Alluvial,970.2,Tubewell,65910,0,0,67.7,40000,0,0.4808
FC-007575,TN,TN-South,Sugarcane,Rabi,0.89,Red,731.8,Canal,98508,0,0,86.4,108295,53998,0.2399
FC-007576,AP,AP-Coastal,Maize,Rabi,0.92,Black,1379.8,Rainfed,57397,5,0,88.3,40000,8214,0.2162
FC-007577,RJ,RJ-Marwar,Millet,Kharif,0.3,Sandy,618.3,Tubewell,38871,3,0,83.5,40000,60708,0.4539
FC-007578,MH,MH-Marathwada,Soybean,Kharif,1.55,ClayLoam,970.5,Tubewell,94262,2,0,64.9,49393,11043,0.4622
FC-007579,TN,TN-West,Rice,Kharif,3.77,Laterite,646.0,Tubewell,178611,2,0,43.5,174290,26295,0.3624
FC-007580,MH,MH-Western,Sugarcane,Rabi,2.14,Laterite,1216.5,Rainfed,246294,1,0,93.8,415738,21097,0.1386
FC-007581,MP,MP-Chambal,Cotton,Kharif,1.14,Alluvial,586.9,Rainfed,116747,1,0,83.4,49163,14716,0.8907
FC-007582,RJ,RJ-Shekhawati,Millet,Kharif,0.72,Sandy,475.0,Drip,76285,1,0,58.4,40000,0,0.3168
FC-007583,UP,UP-Central,Mustard,Rabi,0.38,Alluvial,774.6,Rainfed,51405,2,0,100.0,40000,15463,0.3454
FC-007584,BR,BR-South,Rice,Kharif,0.88,ClayLoam,1230.3,Rainfed,117876,0,0,85.2,75333,0,0.5069
FC-007585,PB,PB-Majha,Maize,Rabi,0.85,Alluvial,703.9,Canal,68563,1,0,98.5,53647,400000,0.6684
FC-007586,HR,HR-South,Cotton,Kharif,0.74,Alluvial,359.9,Rainfed,59719,2,0,73.9,46942,0,0.5146
FC-007587,GJ,GJ-Central,Millet,Kharif,2.18,Black,633.1,Rainfed,118381,1,0,77.6,43816,11807,0.6538
FC-007588,AP,AP-Coastal,Maize,Rabi,1.52,Red,1154.0,Rainfed,152411,0,0,55.8,99073,22838,0.2551
FC-007589,PB,PB-Majha,Cotton,Kharif,1.03,ClayLoam,702.3,Tubewell,109697,2,0,98.3,118813,34019,0.2143
FC-007590,MH,MH-Western,Soybean,Kharif,2.09,ClayLoam,910.8,Tubewell,176749,2,0,56.2,92667,11846,0.5085
FC-007591,HR,HR-South,Wheat,Rabi,0.34,Alluvial,663.6,Canal,62459,3,0,64.1,40000,35339,0.5578
FC-007592,UP,UP-Eastern,Mustard,Rabi,0.31,Sandy,867.2,Rainfed,55714,1,0,72.8,40000,12470,0.611
FC-007593,PB,PB-Doaba,Rice,Kharif,1.8,Sandy,376.5,Rainfed,156422,5,0,57.3,65539,44190,0.8232
FC-007594,TN,TN-West,Rice,Rabi,2.03,Alluvial,939.1,Rainfed,163111,3,0,75.7,73722,6630,0.5961
FC-007595,MH,MH-Marathwada,Sugarcane,Kharif,1.73,Alluvial,637.4,Canal,148672,5,0,96.8,246804,28254,0.2079
FC-007596,PB,PB-Malwa,Wheat,Rabi,2.37,Alluvial,660.4,Tubewell,239295,1,0,82.6,147500,0,0.2206
FC-007597,MP,MP-Bundelkhand,Cotton,Kharif,1.31,Black,697.3,Tubewell,140907,2,0,83.5,94163,119430,0.4772
FC-007598,MH,MH-Konkan,Sugarcane,Rabi,0.29,Black,941.3,Canal,60748,5,0,52.7,40000,43974,0.7202
FC-007599,KA,KA-South,Pulses,Kharif,0.41,Sandy,579.7,Tubewell,47459,2,0,67.9,40000,22967,0.4083
FC-007600,PB,PB-Doaba,Wheat,Rabi,1.03,Alluvial,591.8,Rainfed,115598,3,0,81.8,55898,22612,0.5149
FC-007601,TN,TN-South,Rice,Kharif,1.01,Alluvial,1064.4,Rainfed,80893,0,0,73.8,80177,39722,0.3691
FC-007602,AP,AP-Rayalaseema,Maize,Kharif,0.91,Black,1081.2,Tubewell,78270,3,0,80.6,40000,14243,0.4655
FC-007603,BR,BR-South,Wheat,Rabi,0.28,Alluvial,1208.5,Canal,37588,2,0,65.2,40000,23138,0.3407
FC-007604,MP,MP-Bundelkhand,Soybean,Kharif,1.08,Red,629.1,Rainfed,73365,1,0,80.8,40347,3718,0.6082
FC-007605,MP,MP-Chambal,Soybean,Kharif,1.89,Red,1039.0,Rainfed,112773,1,0,100.0,59905,21890,0.3418
FC-007606,MH,MH-Vidarbha,Rice,Kharif,0.49,Black,743.6,Canal,54628,3,0,43.3,40000,58596,0.806
FC-007607,PB,PB-Malwa,Rice,Kharif,2.0,Alluvial,708.5,Rainfed,185279,1,0,84.1,73247,29838,0.5257
FC-007608,UP,UP-Central,Wheat,Rabi,0.98,Alluvial,1104.3,Canal,115891,4,0,62.8,69638,12489,0.3695
FC-007609,RJ,RJ-Marwar,Millet,Kharif,0.61,Alluvial,332.7,Drip,86133,1,0,88.0,40000,91333,0.7915
FC-007610,UP,UP-Bundelkhand,Wheat,Rabi,0.96,Alluvial,976.6,Drip,79091,3,0,94.8,41337,74139,0.636
FC-007611,UP,UP-Eastern,Rice,Rabi,1.33,Alluvial,951.9,Drip,91306,3,0,56.7,52005,12472,0.5041
FC-007612,PB,PB-Doaba,Maize,Kharif,7.15,Alluvial,622.6,Rainfed,317284,1,0,63.8,296635,16659,0.1969
FC-007613,PB,PB-Doaba,Wheat,Rabi,0.59,Alluvial,553.9,Rainfed,77051,3,0,68.4,40000,13464,0.6318
FC-007614,AP,AP-Upland,Cotton,Kharif,0.67,Sandy,1268.6,Rainfed,59270,5,0,82.9,40000,61709,0.5821
FC-007615,UP,UP-Bundelkhand,Wheat,Rabi,2.76,Alluvial,1106.4,Drip,217094,5,0,84.3,279711,6479,0.1244
FC-007616,TN,TN-Delta,Maize,Rabi,0.53,Red,1030.2,Drip,63066,1,0,78.5,40000,8839,0.2466
FC-007617,UP,UP-Bundelkhand,Wheat,Rabi,0.69,Alluvial,789.8,Tubewell,92851,2,0,60.2,40000,9681,0.4754
FC-007618,AP,AP-Coastal,Rice,Rabi,0.47,Sandy,1219.7,Drip,52453,3,0,54.3,40000,13562,0.2135
FC-007619,TG,TG-South,Cotton,Kharif,7.21,Black,928.8,Drip,479546,1,0,79.7,700000,0,0.1126
FC-007620,HR,HR-East,Mustard,Rabi,0.98,Alluvial,526.8,Canal,71339,2,0,92.6,46559,40004,0.4616
FC-007621,UP,UP-Bundelkhand,Sugarcane,Rabi,1.78,Alluvial,1208.8,Tubewell,163106,3,0,78.9,318544,26298,0.1491
FC-007622,MP,MP-Chambal,Pulses,Rabi,1.1,Alluvial,857.1,Tubewell,80973,1,0,68.6,43434,37283,0.3809
FC-007623,GJ,GJ-North,Cotton,Kharif,1.45,Black,364.5,Tubewell,141559,1,0,65.2,110717,7074,0.4787
FC-007624,RJ,RJ-Marwar,Mustard,Rabi,1.52,Alluvial,418.8,Drip,125151,3,0,67.9,49370,8435,0.5553
FC-007625,KA,KA-North,Pulses,Rabi,1.96,Alluvial,1169.0,Tubewell,121030,0,0,66.7,55101,45225,0.5894
FC-007626,RJ,RJ-Hadoti,Pulses,Kharif,0.65,Sandy,295.0,Tubewell,89163,3,0,95.0,40000,0,0.2508
FC-007627,MH,MH-Marathwada,Rice,Rabi,3.87,Laterite,677.0,Drip,304927,4,0,99.6,179535,0,0.3549
FC-007628,MP,MP-Malwa,Cotton,Kharif,0.24,Alluvial,1089.7,Rainfed,41466,3,0,97.9,40000,19913,0.3988
FC-007629,AP,AP-Coastal,Millet,Kharif,0.69,Black,1149.1,Canal,76164,3,0,63.0,40000,35250,0.5707
FC-007630,TN,TN-Delta,Sugarcane,Rabi,3.01,Red,1132.1,Canal,338106,1,0,100.0,411899,21186,0.2026
FC-007631,GJ,GJ-Saurashtra,Maize,Rabi,0.58,Sandy,1055.5,Canal,58828,2,0,99.7,40000,0,0.2153
FC-007632,MP,MP-Chambal,Groundnut,Rabi,1.0,Black,865.3,Rainfed,103097,6,0,64.4,40000,4103,0.7065
FC-007633,MP,MP-Bundelkhand,Wheat,Rabi,0.68,Alluvial,1105.3,Rainfed,89510,4,0,65.5,48195,96344,0.828
FC-007634,UP,UP-Central,Pulses,Kharif,0.59,Alluvial,865.8,Canal,53653,1,0,83.3,40000,24151,0.2405
FC-007635,KA,KA-Coastal,Maize,Kharif,1.23,Black,746.3,Tubewell,104589,1,0,59.6,40000,69574,0.8481
FC-007636,MP,MP-Mahakoshal,Maize,Kharif,4.81,Black,844.9,Rainfed,379395,0,0,74.8,101376,762,0.7033
FC-007637,TN,TN-West,Millet,Kharif,1.7,Alluvial,708.7,Tubewell,132194,2,1,84.3,40000,49005,0.8056
FC-007638,KA,KA-Central,Millet,Kharif,2.09,Alluvial,1621.3,Drip,148631,3,0,57.1,40700,2333,0.649
FC-007639,UP,UP-Central,Rice,Kharif,3.22,Alluvial,925.5,Canal,189849,1,0,78.2,153806,0,0.1961
FC-007640,MP,MP-Malwa,Rice,Kharif,2.75,Black,872.3,Rainfed,192574,1,1,58.6,112946,137000,0.8965
FC-007641,GJ,GJ-South,Rice,Kharif,2.07,Sandy,822.3,Tubewell,96174,1,0,84.5,65078,8061,0.1512
FC-007642,PB,PB-Malwa,Cotton,Kharif,0.97,Alluvial,642.0,Tubewell,120982,1,0,97.4,85120,400000,0.6803
FC-007643,TG,TG-South,Rice,Kharif,2.23,ClayLoam,737.2,Canal,175788,4,0,60.8,82331,17337,0.6336
FC-007644,MP,MP-Chambal,Soybean,Kharif,0.72,Black,964.3,Rainfed,83235,3,0,79.1,40000,3782,0.6183
FC-007645,UP,UP-Western,Sugarcane,Kharif,0.56,Alluvial,943.8,Drip,97434,2,0,100.0,108724,0,0.1928
FC-007646,RJ,RJ-Shekhawati,Mustard,Rabi,9.56,Sandy,568.8,Rainfed,721047,2,0,66.9,481642,0,0.3098
FC-007647,HR,HR-East,Cotton,Kharif,5.8,Alluvial,580.4,Drip,426523,0,0,66.2,174485,148512,0.6236
FC-007648,MP,MP-Chambal,Pulses,Rabi,2.86,Black,692.2,Tubewell,229847,3,0,77.1,107682,116459,0.5632
FC-007649,MH,MH-Marathwada,Cotton,Kharif,1.3,Black,910.3,Canal,100482,1,0,92.2,86957,7252,0.1679
FC-007650,UP,UP-Eastern,Mustard,Rabi,1.04,ClayLoam,784.3,Tubewell,118510,0,1,67.4,41072,18059,0.7783
FC-007651,UP,UP-Central,Rice,Rabi,1.03,Alluvial,768.4,Drip,59820,3,0,81.1,42826,197130,0.8368
FC-007652,MP,MP-Malwa,Wheat,Rabi,1.5,ClayLoam,472.8,Rainfed,74321,2,0,62.8,54858,18478,0.5127
FC-007653,KA,KA-North,Sugarcane,Rabi,0.61,Red,1151.3,Drip,105290,3,0,65.0,94887,0,0.3852
FC-007654,TN,TN-North,Rice,Rabi,2.21,Red,914.2,Canal,176188,2,0,100.0,90349,2456,0.1653
FC-007655,AP,AP-Upland,Rice,Rabi,0.56,Black,833.1,Tubewell,45194,2,0,81.9,40000,17338,0.2733
FC-007656,RJ,RJ-Marwar,Maize,Kharif,0.41,Sandy,453.1,Rainfed,49249,1,0,82.9,40000,108462,0.7659
FC-007657,HR,HR-West,Wheat,Rabi,2.06,Sandy,560.8,Canal,113453,6,0,99.5,154030,1283,0.0574
FC-007658,RJ,RJ-Shekhawati,Mustard,Rabi,1.98,ClayLoam,286.2,Rainfed,157737,1,0,54.7,80462,9834,0.6277
FC-007659,MP,MP-Mahakoshal,Millet,Kharif,1.07,Sandy,1175.4,Tubewell,100232,2,0,87.2,40000,13459,0.4574
FC-007660,TN,TN-West,Wheat,Rabi,2.5,Alluvial,1103.8,Rainfed,182278,1,0,83.6,111457,1292,0.3434
FC-007661,MH,MH-Vidarbha,Groundnut,Rabi,0.98,Red,848.3,Drip,67269,2,0,100.0,40000,0,0.1882
FC-007662,TG,TG-Central,Cotton,Kharif,0.7,Black,1007.6,Rainfed,94225,2,0,67.3,68494,0,0.3307
FC-007663,AP,AP-Upland,Rice,Kharif,1.1,Alluvial,492.6,Canal,115151,3,0,70.4,81516,5737,0.3597
FC-007664,UP,UP-Bundelkhand,Mustard,Rabi,2.72,Alluvial,1050.9,Rainfed,200541,1,0,66.0,148288,79858,0.273
FC-007665,TG,TG-Central,Cotton,Kharif,2.26,Red,1239.8,Drip,236156,2,0,53.3,160238,7504,0.4192
FC-007666,MH,MH-Marathwada,Cotton,Kharif,0.72,Black,1127.8,Canal,90566,4,0,84.7,60137,4308,0.2739
FC-007667,TN,TN-Delta,Millet,Kharif,0.63,ClayLoam,1160.3,Tubewell,84674,1,0,79.6,40000,0,0.5226
FC-007668,KA,KA-Coastal,Rice,Kharif,0.84,Black,1446.3,Rainfed,79792,2,0,75.8,59204,32225,0.3534
FC-007669,TN,TN-South,Rice,Rabi,1.35,Red,936.9,Canal,82300,3,0,58.8,69284,35522,0.3835
FC-007670,TG,TG-South,Cotton,Kharif,0.99,Alluvial,1187.8,Canal,63584,2,0,65.6,80114,23071,0.2731
FC-007671,UP,UP-Bundelkhand,Wheat,Rabi,1.16,Alluvial,670.7,Tubewell,64203,6,0,78.3,49507,276490,0.8056
FC-007672,UP,UP-Western,Maize,Rabi,0.33,Laterite,794.6,Drip,58718,2,0,63.8,40000,9669,0.3366
FC-007673,HR,HR-West,Rice,Rabi,2.38,Alluvial,629.3,Tubewell,228249,3,0,73.2,136129,30911,0.2763
FC-007674,KA,KA-North,Sugarcane,Rabi,0.47,Red,955.1,Rainfed,65059,2,0,80.4,40000,22124,0.5198
FC-007675,HR,HR-West,Rice,Rabi,0.28,Alluvial,344.7,Tubewell,63488,3,0,39.3,40000,7248,0.6191
FC-007676,KA,KA-North,Rice,Rabi,2.03,Laterite,975.1,Tubewell,179674,2,0,70.5,91930,93102,0.6158
FC-007677,KA,KA-Coastal,Cotton,Kharif,0.63,Black,1481.3,Drip,82334,1,0,56.9,62556,12883,0.2509
FC-007678,MP,MP-Chambal,Pulses,Kharif,0.67,Alluvial,505.2,Tubewell,53803,4,0,83.6,40000,67283,0.6719
FC-007679,PB,PB-Doaba,Wheat,Rabi,0.2,Alluvial,826.3,Canal,48415,1,1,26.8,40000,80199,0.8362
FC-007680,BR,BR-Gangetic,Wheat,Rabi,3.0,Alluvial,1058.6,Drip,193134,1,0,60.1,177156,22215,0.2501
FC-007681,GJ,GJ-South,Groundnut,Rabi,2.19,Black,1097.5,Canal,156230,0,0,78.2,109156,63438,0.2361
FC-007682,AP,AP-Upland,Rice,Kharif,0.62,Alluvial,888.9,Drip,49225,3,0,68.6,40000,46985,0.3489
FC-007683,KA,KA-South,Cotton,Kharif,0.79,Red,969.4,Rainfed,86237,0,0,73.6,40000,0,0.4815
FC-007684,HR,HR-West,Cotton,Kharif,10.0,Alluvial,637.4,Tubewell,601619,2,0,68.4,700000,16204,0.1534
FC-007685,GJ,GJ-North,Wheat,Rabi,1.91,Red,478.7,Tubewell,99692,1,0,74.4,60093,0,0.3486
FC-007686,BR,BR-North,Mustard,Rabi,1.32,Alluvial,1140.5,Drip,148186,2,0,69.4,85342,56237,0.4187
FC-007687,KA,KA-South,Groundnut,Kharif,0.97,Laterite,864.0,Tubewell,84067,1,0,85.4,58073,0,0.3394
FC-007688,TN,TN-West,Sugarcane,Kharif,0.88,Alluvial,1484.8,Tubewell,129471,2,0,47.2,141267,13505,0.2681
FC-007689,MH,MH-Western,Cotton,Kharif,0.8,Black,688.6,Tubewell,89836,0,0,78.4,63364,46175,0.6438
FC-007690,BR,BR-South,Rice,Rabi,0.58,Alluvial,1100.6,Tubewell,84700,1,1,41.8,40000,14968,0.8055
FC-007691,BR,BR-North,Pulses,Kharif,1.06,Alluvial,1242.8,Tubewell,84282,3,0,79.7,40000,26400,0.5576
FC-007692,TN,TN-South,Wheat,Rabi,0.64,Alluvial,1293.2,Canal,47860,2,0,95.1,40000,0,0.1415
FC-007693,PB,PB-Malwa,Rice,Kharif,1.37,Alluvial,333.0,Rainfed,106439,2,1,70.4,52666,63490,0.8543
FC-007694,PB,PB-Doaba,Cotton,Kharif,1.34,ClayLoam,602.6,Rainfed,81030,0,0,52.3,93893,22191,0.3343
FC-007695,TG,TG-South,Cotton,Kharif,0.6,Black,642.5,Rainfed,45121,0,0,81.5,40000,88006,0.8444
FC-007696,PB,PB-Malwa,Rice,Kharif,1.1,Alluvial,564.9,Tubewell,103834,3,0,63.4,64459,91966,0.5385
FC-007697,GJ,GJ-Saurashtra,Pulses,Kharif,3.07,Alluvial,747.1,Canal,218572,1,0,63.2,85721,50470,0.7254
FC-007698,KA,KA-Central,Soybean,Kharif,1.35,Laterite,1179.1,Tubewell,116291,1,0,50.4,40000,10605,0.6488
FC-007699,UP,UP-Bundelkhand,Wheat,Rabi,1.59,Alluvial,1158.2,Canal,171641,2,0,58.7,103439,88965,0.5552
FC-007700,BR,BR-North,Wheat,Rabi,1.9,Laterite,1545.7,Drip,187624,1,0,72.6,81169,25192,0.4553
FC-007701,TN,TN-Delta,Pulses,Rabi,1.2,ClayLoam,1024.4,Rainfed,111966,0,0,65.5,40521,18670,0.5648
FC-007702,BR,BR-North,Rice,Rabi,1.82,Alluvial,1019.3,Drip,134480,1,0,63.8,145657,20380,0.1348
FC-007703,MH,MH-Konkan,Pulses,Kharif,1.41,Black,896.4,Tubewell,108344,2,0,80.8,57840,45756,0.294
FC-007704,TG,TG-North,Soybean,Kharif,0.31,Red,1059.3,Rainfed,49056,5,0,100.0,40000,16578,0.3781
FC-007705,TN,TN-South,Groundnut,Kharif,0.34,Black,997.0,Canal,55004,2,0,78.6,40000,19779,0.5056
FC-007706,TG,TG-North,Rice,Rabi,0.98,Laterite,660.9,Rainfed,110785,1,0,63.5,40000,90702,0.9097
FC-007707,BR,BR-South,Wheat,Rabi,0.91,Alluvial,1451.1,Tubewell,104212,1,0,81.6,74238,14262,0.2309
FC-007708,AP,AP-Rayalaseema,Rice,Kharif,1.09,Red,929.6,Canal,92152,0,0,78.0,43083,59389,0.6272
FC-007709,PB,PB-Majha,Rice,Rabi,1.77,Alluvial,502.6,Canal,106655,2,0,100.0,99885,16942,0.2487
FC-007710,RJ,RJ-Mewar,Millet,Kharif,1.61,Black,505.7,Canal,100586,1,0,73.2,40000,76518,0.5686
FC-007711,MP,MP-Mahakoshal,Pulses,Kharif,0.96,Black,1092.2,Canal,99764,0,1,32.2,40000,53383,0.8342
FC-007712,MP,MP-Malwa,Soybean,Kharif,0.48,Black,1233.7,Canal,54853,3,0,62.2,40000,14870,0.5191
FC-007713,RJ,RJ-Mewar,Wheat,Rabi,0.5,Black,682.3,Canal,62287,5,0,77.2,40000,2520,0.3279
FC-007714,KA,KA-South,Cotton,Kharif,1.81,Alluvial,1159.4,Canal,176534,2,0,64.5,87016,0,0.4207
FC-007715,MP,MP-Chambal,Mustard,Rabi,0.98,Sandy,1149.3,Rainfed,75695,1,0,86.0,40000,9216,0.2645
FC-007716,RJ,RJ-Hadoti,Wheat,Rabi,0.76,Sandy,398.3,Rainfed,89682,5,0,56.5,40000,41900,0.8074
FC-007717,TG,TG-North,Maize,Kharif,0.59,ClayLoam,785.8,Drip,88488,1,0,56.4,40000,17956,0.7308
FC-007718,UP,UP-Eastern,Mustard,Rabi,0.38,ClayLoam,821.6,Canal,39001,1,0,76.7,40000,208740,0.8105
FC-007719,MP,MP-Malwa,Wheat,Rabi,0.79,Black,1101.4,Drip,78651,1,0,76.3,66499,15792,0.359
FC-007720,PB,PB-Doaba,Wheat,Rabi,2.3,Alluvial,468.1,Rainfed,216853,1,0,73.7,134584,45631,0.6305
FC-007721,MP,MP-Chambal,Wheat,Rabi,1.49,Black,1219.8,Canal,81337,2,0,68.7,71487,0,0.1934
FC-007722,MP,MP-Malwa,Cotton,Kharif,0.6,ClayLoam,1068.3,Rainfed,64840,1,0,74.9,40000,5136,0.5262
FC-007723,MP,MP-Mahakoshal,Pulses,Rabi,0.92,Black,732.8,Tubewell,110916,3,0,90.5,40000,16429,0.5477
FC-007724,UP,UP-Bundelkhand,Soybean,Kharif,1.47,Sandy,1070.0,Tubewell,90126,7,0,57.7,58022,0,0.2303
FC-007725,UP,UP-Western,Pulses,Kharif,0.38,Alluvial,1042.0,Rainfed,56132,2,0,65.9,40000,2638,0.4946
FC-007726,RJ,RJ-Shekhawati,Millet,Kharif,0.53,ClayLoam,393.5,Drip,50817,4,0,61.0,40000,14345,0.4605
FC-007727,UP,UP-Eastern,Wheat,Rabi,1.46,Alluvial,932.3,Tubewell,103825,1,0,63.7,84496,8913,0.2199
FC-007728,GJ,GJ-South,Cotton,Kharif,2.18,Alluvial,824.9,Rainfed,237001,3,0,98.2,165703,9291,0.2789
FC-007729,AP,AP-Rayalaseema,Sugarcane,Rabi,0.64,ClayLoam,856.8,Rainfed,76488,5,0,75.7,70839,24626,0.4428
FC-007730,MH,MH-Marathwada,Cotton,Kharif,0.39,Laterite,1328.9,Tubewell,49035,3,0,58.5,40000,38287,0.4561
FC-007731,PB,PB-Majha,Wheat,Rabi,1.04,Alluvial,668.3,Canal,84436,3,0,75.8,68954,12027,0.3617
FC-007732,TN,TN-Delta,Rice,Kharif,0.69,Black,960.4,Tubewell,65907,3,0,68.8,40000,19986,0.5273
FC-007733,UP,UP-Western,Wheat,Rabi,2.9,Alluvial,1051.1,Rainfed,134855,0,0,96.7,138566,20594,0.1295
FC-007734,TN,TN-West,Sugarcane,Rabi,0.79,Alluvial,1240.6,Canal,73576,4,0,81.4,154793,7702,0.0797
FC-007735,GJ,GJ-South,Groundnut,Rabi,0.56,Alluvial,1108.7,Canal,80300,2,0,83.4,40000,9298,0.4541
FC-007736,PB,PB-Doaba,Wheat,Rabi,0.58,Red,666.2,Tubewell,85269,4,0,97.1,40000,23003,0.5581
FC-007737,UP,UP-Eastern,Rice,Rabi,1.85,Alluvial,1116.7,Canal,116646,2,0,50.8,74205,32090,0.211
FC-007738,MP,MP-Malwa,Mustard,Rabi,0.76,Black,1157.1,Rainfed,97825,1,1,17.7,40000,31162,0.7939
FC-007739,TN,TN-Delta,Groundnut,Kharif,1.28,Alluvial,887.2,Rainfed,92241,2,0,85.6,60655,6779,0.3178
FC-007740,MP,MP-Chambal,Wheat,Rabi,2.81,Black,1320.2,Rainfed,200042,1,0,67.8,114903,46294,0.267
FC-007741,HR,HR-West,Mustard,Rabi,1.25,Alluvial,324.8,Canal,113178,2,0,78.4,86057,77571,0.3479
FC-007742,PB,PB-Majha,Rice,Rabi,3.49,Alluvial,558.7,Canal,332760,3,0,100.0,246373,41761,0.3167
FC-007743,MP,MP-Chambal,Mustard,Rabi,0.47,Black,836.9,Rainfed,57104,4,0,58.5,40000,8443,0.4514
FC-007744,RJ,RJ-Hadoti,Mustard,Rabi,0.97,ClayLoam,574.5,Tubewell,67346,1,0,62.4,40724,17354,0.4051
FC-007745,TG,TG-North,Soybean,Kharif,0.57,ClayLoam,841.2,Rainfed,87394,2,0,83.9,40000,0,0.4896
FC-007746,TN,TN-West,Groundnut,Kharif,3.83,Laterite,1035.2,Tubewell,362501,4,0,69.4,264667,13948,0.2729
FC-007747,HR,HR-East,Rice,Rabi,0.57,Alluvial,704.7,Canal,44499,3,0,65.8,42510,30452,0.4533
FC-007748,KA,KA-North,Cotton,Kharif,1.97,Laterite,1499.7,Canal,194518,1,0,64.4,111320,26481,0.42
FC-007749,TG,TG-Central,Maize,Kharif,1.02,Alluvial,681.7,Canal,115990,1,0,67.8,40000,0,0.5828
FC-007750,RJ,RJ-Shekhawati,Cotton,Kharif,1.14,Alluvial,591.7,Drip,114418,3,0,66.6,77712,80976,0.3901
FC-007751,KA,KA-North,Cotton,Kharif,0.32,Red,836.5,Tubewell,57644,1,0,89.6,42210,37630,0.4865
FC-007752,MH,MH-Marathwada,Millet,Kharif,2.72,ClayLoam,908.4,Rainfed,188114,1,1,23.5,40000,12779,0.8277
FC-007753,MP,MP-Malwa,Soybean,Kharif,1.13,Black,839.6,Canal,113802,3,1,35.3,46675,206825,0.8119
FC-007754,RJ,RJ-Mewar,Millet,Kharif,0.78,Black,481.8,Canal,64520,2,0,75.4,40000,16386,0.3244
FC-007755,UP,UP-Western,Pulses,Kharif,0.43,Alluvial,768.7,Tubewell,47538,2,0,92.5,40000,45978,0.3484
FC-007756,KA,KA-South,Rice,Rabi,0.94,Black,1465.4,Drip,58575,2,0,56.4,57086,63035,0.5142
FC-007757,PB,PB-Majha,Maize,Rabi,2.37,Alluvial,622.6,Drip,152116,4,0,77.7,77764,65615,0.5953
FC-007758,RJ,RJ-Shekhawati,Mustard,Rabi,0.26,Sandy,618.5,Tubewell,63056,1,0,71.4,40000,45706,0.7055
FC-007759,MH,MH-Konkan,Soybean,Kharif,0.3,Sandy,1183.1,Rainfed,40037,1,0,82.4,40000,6852,0.3046
FC-007760,MP,MP-Malwa,Wheat,Rabi,2.54,Black,1121.7,Rainfed,254278,4,0,73.6,162965,96253,0.3545
FC-007761,KA,KA-North,Cotton,Kharif,1.13,Laterite,1523.6,Drip,107416,3,0,56.8,78798,0,0.2738
FC-007762,GJ,GJ-South,Cotton,Kharif,0.68,Red,951.8,Rainfed,79116,0,0,82.5,54197,0,0.3262
FC-007763,GJ,GJ-Saurashtra,Maize,Kharif,1.99,Sandy,1000.6,Rainfed,128239,3,0,82.4,122426,255679,0.5288
FC-007764,MH,MH-Western,Sugarcane,Rabi,0.88,Laterite,578.5,Tubewell,70292,4,0,100.0,107151,9763,0.217
FC-007765,GJ,GJ-South,Millet,Kharif,1.79,Black,928.7,Canal,137391,2,0,68.2,40000,35737,0.6812
FC-007766,RJ,RJ-Shekhawati,Wheat,Rabi,2.09,ClayLoam,331.0,Rainfed,127008,1,0,74.8,111751,17862,0.4832
FC-007767,AP,AP-Coastal,Rice,Rabi,1.12,Alluvial,1176.0,Canal,124003,3,1,46.7,69380,140448,0.7795
FC-007768,MH,MH-Marathwada,Wheat,Rabi,1.2,ClayLoam,414.6,Rainfed,115908,0,1,57.6,41227,20388,0.9459
FC-007769,MP,MP-Mahakoshal,Groundnut,Rabi,0.54,Black,1307.4,Rainfed,72579,1,0,88.0,40000,27294,0.5575
FC-007770,UP,UP-Bundelkhand,Wheat,Rabi,1.47,Sandy,929.6,Rainfed,112309,3,0,81.8,72092,30559,0.3195
FC-007771,UP,UP-Central,Maize,Rabi,1.45,Alluvial,966.2,Canal,88695,2,0,69.9,76170,15059,0.1917
FC-007772,BR,BR-North,Wheat,Rabi,1.62,Alluvial,989.6,Canal,85230,4,0,57.5,85725,200459,0.5519
FC-007773,MH,MH-Western,Soybean,Kharif,0.46,Red,1097.4,Tubewell,80287,2,0,72.8,40000,28117,0.6381
FC-007774,PB,PB-Majha,Wheat,Rabi,0.67,Alluvial,473.5,Canal,84655,1,0,64.8,55417,32249,0.4709
FC-007775,BR,BR-North,Maize,Rabi,4.06,ClayLoam,1356.8,Canal,290325,0,0,80.5,105412,27979,0.4804
FC-007776,MP,MP-Malwa,Wheat,Rabi,2.33,Red,1018.4,Canal,195539,1,0,83.4,162964,0,0.1294
FC-007777,MH,MH-Vidarbha,Groundnut,Rabi,0.28,Red,958.3,Rainfed,65856,6,0,72.7,40000,98175,0.8955
FC-007778,KA,KA-South,Maize,Rabi,0.59,Red,971.3,Rainfed,79618,2,0,68.4,40000,30722,0.5193
FC-007779,PB,PB-Malwa,Wheat,Rabi,0.21,Alluvial,654.9,Canal,46640,1,0,68.3,40000,11421,0.3875
FC-007780,UP,UP-Central,Wheat,Rabi,4.06,Alluvial,808.3,Canal,348396,2,0,84.5,176412,27898,0.3852
FC-007781,TN,TN-South,Sugarcane,Rabi,1.59,Laterite,989.8,Rainfed,165090,3,0,55.1,248419,53382,0.1964
FC-007782,KA,KA-Central,Maize,Kharif,2.66,ClayLoam,638.1,Rainfed,247306,4,0,73.1,138138,128709,0.5376
FC-007783,PB,PB-Malwa,Pulses,Kharif,1.06,ClayLoam,682.4,Tubewell,90790,1,0,73.4,40000,88271,0.7853
FC-007784,HR,HR-South,Wheat,Rabi,0.38,Alluvial,624.7,Tubewell,58854,1,0,69.5,40000,0,0.5951
FC-007785,PB,PB-Malwa,Wheat,Rabi,0.77,Sandy,470.2,Tubewell,63408,5,0,98.0,40000,91730,0.8478
FC-007786,PB,PB-Malwa,Wheat,Rabi,2.37,ClayLoam,691.2,Rainfed,159159,2,0,65.8,82805,2090,0.4571
FC-007787,KA,KA-South,Millet,Kharif,0.77,Black,1117.8,Rainfed,48903,4,0,85.0,40000,50306,0.4767
FC-007788,MP,MP-Bundelkhand,Soybean,Kharif,1.41,Black,950.0,Canal,119486,2,0,64.8,40000,32904,0.8198
FC-007789,TN,TN-South,Groundnut,Rabi,0.45,Black,822.3,Tubewell,59155,1,0,99.0,40000,83537,0.5868
FC-007790,TN,TN-West,Millet,Kharif,0.94,ClayLoam,643.6,Rainfed,66324,1,0,63.5,40000,27845,0.5474
FC-007791,RJ,RJ-Hadoti,Wheat,Rabi,0.71,Alluvial,290.0,Rainfed,56447,3,0,60.3,40000,21995,0.4969
FC-007792,TG,TG-Central,Cotton,Kharif,1.28,Red,968.8,Tubewell,149361,4,0,60.3,93607,15671,0.5938
FC-007793,KA,KA-North,Sugarcane,Kharif,4.99,Alluvial,666.2,Canal,453166,2,0,49.7,700000,8587,0.3565
FC-007794,GJ,GJ-Saurashtra,Maize,Rabi,0.92,ClayLoam,642.1,Drip,58632,0,1,24.9,52450,400000,0.8604
FC-007795,BR,BR-Gangetic,Rice,Rabi,0.51,ClayLoam,942.9,Rainfed,63783,3,0,81.2,40000,0,0.5023
FC-007796,MH,MH-Vidarbha,Cotton,Kharif,1.66,Black,608.7,Tubewell,123427,3,0,62.8,139921,26912,0.3185
FC-007797,AP,AP-Coastal,Sugarcane,Kharif,0.6,Laterite,503.1,Drip,58106,1,0,72.4,77906,0,0.1715
FC-007798,UP,UP-Western,Mustard,Rabi,2.18,Alluvial,958.0,Canal,212187,4,0,88.5,107597,20398,0.2367
FC-007799,MH,MH-Konkan,Pulses,Kharif,1.37,Sandy,554.3,Tubewell,130605,1,0,64.6,47112,0,0.5899
FC-007800,GJ,GJ-Saurashtra,Wheat,Rabi,0.89,Alluvial,823.9,Rainfed,57499,2,0,77.0,40000,67584,0.6856
FC-007801,TG,TG-North,Cotton,Kharif,1.79,ClayLoam,355.0,Tubewell,131247,1,0,52.0,166177,40530,0.6035
FC-007802,UP,UP-Western,Pulses,Rabi,7.45,Alluvial,1042.4,Tubewell,544901,2,0,80.7,197735,2032,0.5609
FC-007803,RJ,RJ-Hadoti,Mustard,Rabi,0.45,Black,615.7,Drip,55142,1,0,55.4,40000,57710,0.6035
FC-007804,AP,AP-Coastal,Rice,Rabi,0.59,Alluvial,1435.9,Rainfed,63263,1,0,100.0,40000,0,0.2978
FC-007805,UP,UP-Central,Sugarcane,Kharif,1.0,Alluvial,1217.0,Tubewell,164819,3,0,71.9,199099,0,0.1107
FC-007806,TN,TN-West,Rice,Kharif,0.92,ClayLoam,873.2,Canal,104698,0,0,71.6,41330,0,0.4916
FC-007807,KA,KA-Coastal,Rice,Kharif,1.2,Black,1212.6,Rainfed,85054,5,0,72.4,83171,20083,0.1718
FC-007808,BR,BR-North,Wheat,Rabi,0.66,ClayLoam,1405.3,Rainfed,81811,2,0,89.9,41157,13062,0.3111
FC-007809,UP,UP-Central,Sugarcane,Kharif,1.64,Alluvial,805.0,Canal,212967,4,0,97.1,252653,26277,0.1647
FC-007810,RJ,RJ-Mewar,Wheat,Rabi,1.81,ClayLoam,261.3,Drip,137741,3,0,80.4,88480,0,0.2721
FC-007811,TG,TG-South,Cotton,Kharif,0.74,Red,1089.3,Drip,87216,4,0,90.9,44564,14012,0.4006
FC-007812,UP,UP-Central,Sugarcane,Rabi,5.86,Alluvial,730.9,Drip,594066,2,0,99.6,700000,27021,0.1426
FC-007813,AP,AP-Upland,Wheat,Rabi,1.32,Black,956.4,Canal,132454,2,0,79.2,83961,85313,0.3696
FC-007814,BR,BR-Gangetic,Mustard,Rabi,1.23,Alluvial,1154.9,Rainfed,69156,0,0,68.6,54289,24785,0.4484
FC-007815,UP,UP-Eastern,Wheat,Rabi,0.97,Sandy,1122.8,Rainfed,91745,2,0,90.6,45849,6458,0.3743
FC-007816,RJ,RJ-Mewar,Millet,Kharif,2.58,Red,528.6,Canal,131777,3,0,89.5,42279,12412,0.4403
FC-007817,PB,PB-Malwa,Wheat,Rabi,2.98,Alluvial,543.8,Tubewell,161930,1,0,100.0,145860,0,0.228
FC-007818,MH,MH-Konkan,Cotton,Kharif,0.44,Alluvial,807.1,Tubewell,53133,0,0,55.9,40000,0,0.4581
FC-007819,TN,TN-Delta,Millet,Kharif,0.28,Black,868.7,Canal,56446,1,0,45.4,40000,24104,0.4756
FC-007820,HR,HR-South,Rice,Rabi,1.6,Alluvial,798.3,Rainfed,165835,2,0,100.0,99577,53395,0.282
FC-007821,BR,BR-Gangetic,Wheat,Rabi,1.15,Alluvial,1314.5,Rainfed,136116,2,0,77.7,74045,104700,0.6531
FC-007822,UP,UP-Central,Rice,Rabi,2.07,Sandy,890.4,Drip,124004,4,0,43.9,132755,3006,0.2777
FC-007823,TN,TN-North,Rice,Kharif,0.65,Red,1128.5,Rainfed,73177,1,0,73.8,54256,82733,0.5972
FC-007824,MH,MH-Konkan,Soybean,Kharif,0.2,Laterite,723.6,Tubewell,53387,0,0,100.0,40000,4571,0.3868
FC-007825,PB,PB-Majha,Wheat,Rabi,0.54,Alluvial,620.8,Tubewell,52229,1,1,65.0,40000,107461,0.8281
FC-007826,PB,PB-Majha,Cotton,Kharif,0.65,Alluvial,743.8,Tubewell,80363,2,0,65.7,40000,28912,0.6122
FC-007827,MH,MH-Marathwada,Cotton,Kharif,1.78,Red,1215.3,Rainfed,155262,2,0,61.6,147041,38347,0.1659
FC-007828,BR,BR-North,Maize,Kharif,0.82,Alluvial,1424.7,Tubewell,74887,6,0,52.7,48756,76450,0.742
FC-007829,RJ,RJ-Marwar,Mustard,Rabi,2.07,Alluvial,606.3,Canal,149464,1,0,41.3,90719,93053,0.5266
FC-007830,HR,HR-West,Rice,Rabi,1.52,Sandy,568.0,Drip,95305,2,0,55.1,71943,42186,0.2627
FC-007831,BR,BR-South,Wheat,Rabi,1.06,Alluvial,1124.9,Rainfed,61842,1,0,68.2,58925,13448,0.4722
FC-007832,PB,PB-Doaba,Wheat,Rabi,1.52,Black,563.5,Rainfed,158621,3,0,81.1,94355,13797,0.3427
FC-007833,TN,TN-Delta,Rice,Kharif,1.04,Laterite,689.1,Canal,107840,0,0,60.8,44508,100569,0.9095
FC-007834,MP,MP-Bundelkhand,Cotton,Kharif,0.41,Black,1458.5,Rainfed,51296,0,0,69.8,41731,20167,0.3014
FC-007835,MP,MP-Bundelkhand,Maize,Kharif,0.93,ClayLoam,1017.6,Tubewell,105423,6,1,44.1,40000,52972,0.8977
FC-007836,KA,KA-South,Wheat,Rabi,0.98,Laterite,1084.0,Drip,74184,1,0,81.1,69260,0,0.1409
FC-007837,MP,MP-Bundelkhand,Pulses,Rabi,0.49,Black,910.1,Rainfed,81859,1,0,71.0,40000,36546,0.7426
FC-007838,MH,MH-Konkan,Cotton,Kharif,1.25,Alluvial,1017.1,Canal,107325,5,0,65.3,73014,17571,0.292
FC-007839,MH,MH-Western,Rice,Rabi,1.05,Black,1104.2,Tubewell,110720,2,0,77.9,40000,3316,0.3311
FC-007840,AP,AP-Upland,Maize,Rabi,1.11,Alluvial,849.4,Drip,67057,4,0,79.7,40000,16041,0.1748
FC-007841,PB,PB-Malwa,Wheat,Rabi,0.47,Alluvial,497.8,Canal,73593,3,0,68.0,40000,7035,0.3197
FC-007842,PB,PB-Doaba,Rice,Rabi,1.64,Alluvial,716.4,Canal,115339,0,0,71.3,93271,0,0.3023
FC-007843,AP,AP-Coastal,Pulses,Kharif,0.57,Alluvial,680.6,Rainfed,86347,1,1,31.3,40000,3217,0.8107
FC-007844,RJ,RJ-Hadoti,Pulses,Kharif,2.55,Sandy,250.0,Drip,223092,2,0,60.1,138673,13137,0.4799
FC-007845,TN,TN-West,Rice,Rabi,2.16,Alluvial,894.0,Canal,160272,1,0,87.9,173257,26318,0.1228
FC-007846,MP,MP-Malwa,Rice,Rabi,0.8,Red,907.4,Canal,58388,2,0,77.8,40000,6903,0.3157
FC-007847,UP,UP-Bundelkhand,Pulses,Rabi,0.65,Alluvial,1002.0,Drip,59877,3,0,92.0,40000,22558,0.3805
FC-007848,BR,BR-North,Pulses,Kharif,0.62,Sandy,1708.9,Rainfed,44597,3,0,71.2,40000,40398,0.584
FC-007849,KA,KA-South,Sugarcane,Kharif,0.75,Red,1083.9,Tubewell,76178,2,0,68.7,129249,0,0.3631
FC-007850,UP,UP-Central,Wheat,Rabi,1.0,Sandy,576.3,Tubewell,67367,1,0,81.7,60911,33425,0.2592
FC-007851,UP,UP-Bundelkhand,Pulses,Rabi,1.76,Alluvial,860.0,Tubewell,172001,0,0,69.7,65912,8147,0.6387
FC-007852,MH,MH-Marathwada,Soybean,Kharif,0.86,Laterite,662.6,Drip,74615,0,1,34.1,40000,84654,0.9074
FC-007853,KA,KA-Central,Wheat,Rabi,2.4,Red,1009.0,Canal,166083,2,0,79.6,84623,4871,0.3197
FC-007854,UP,UP-Bundelkhand,Mustard,Rabi,1.98,Alluvial,908.9,Canal,135224,2,0,56.9,111660,57942,0.208
FC-007855,RJ,RJ-Marwar,Maize,Rabi,1.59,Alluvial,705.8,Tubewell,150148,5,1,34.9,55278,77511,0.8475
FC-007856,TN,TN-Delta,Rice,Kharif,0.56,Sandy,994.1,Rainfed,84909,3,1,64.1,40000,53220,0.8103
FC-007857,TG,TG-South,Groundnut,Kharif,3.83,Black,960.7,Tubewell,286297,1,0,87.6,149492,48160,0.2926
FC-007858,RJ,RJ-Shekhawati,Mustard,Rabi,0.34,Laterite,502.3,Canal,48246,2,0,76.6,40000,22081,0.3073
FC-007859,MH,MH-Konkan,Pulses,Kharif,0.73,Alluvial,688.7,Tubewell,83680,5,0,67.0,40000,82778,0.8803
FC-007860,BR,BR-Gangetic,Mustard,Rabi,0.2,Alluvial,1332.9,Tubewell,57024,1,0,65.8,40000,14028,0.481
FC-007861,AP,AP-Upland,Rice,Kharif,0.54,Red,1011.6,Canal,48004,0,0,93.8,40000,76321,0.5123
FC-007862,HR,HR-West,Cotton,Kharif,0.39,Sandy,576.2,Tubewell,50449,0,0,62.3,40000,37340,0.5296
FC-007863,TN,TN-North,Rice,Rabi,2.04,Red,1451.2,Canal,123550,2,0,65.2,116119,72725,0.3496
FC-007864,AP,AP-Coastal,Rice,Rabi,0.82,Black,1179.7,Tubewell,103683,1,0,70.5,50548,2367,0.5362
FC-007865,UP,UP-Bundelkhand,Maize,Kharif,0.38,Red,924.0,Rainfed,46708,2,0,43.8,40000,0,0.2691
FC-007866,HR,HR-West,Wheat,Rabi,0.89,Sandy,494.0,Tubewell,58376,2,0,52.5,40263,42331,0.6778
FC-007867,TG,TG-South,Maize,Kharif,0.54,Sandy,893.4,Drip,42961,2,0,64.6,40000,0,0.2066
FC-007868,PB,PB-Doaba,Rice,Rabi,3.72,Alluvial,442.7,Tubewell,191315,3,0,81.8,253766,22366,0.1307
FC-007869,TG,TG-Central,Cotton,Kharif,2.21,ClayLoam,969.5,Rainfed,175107,2,0,85.3,204831,26377,0.18
FC-007870,BR,BR-Gangetic,Mustard,Rabi,0.82,Alluvial,1380.1,Tubewell,95766,2,0,62.1,46590,5035,0.5474
FC-007871,TG,TG-Central,Sugarcane,Kharif,1.5,ClayLoam,783.4,Tubewell,183724,3,0,100.0,138053,8163,0.2333
FC-007872,UP,UP-Eastern,Wheat,Rabi,3.22,Alluvial,1346.5,Canal,267212,0,0,48.9,206996,6796,0.2858
FC-007873,RJ,RJ-Hadoti,Wheat,Rabi,0.71,Sandy,603.2,Drip,74692,1,0,96.5,40000,29234,0.4583
FC-007874,KA,KA-North,Pulses,Rabi,3.49,Black,1238.1,Tubewell,221498,3,0,73.3,65149,0,0.7276
FC-007875,AP,AP-Rayalaseema,Cotton,Kharif,0.66,Red,995.6,Rainfed,74282,2,0,83.7,61174,62256,0.4592
FC-007876,UP,UP-Eastern,Mustard,Rabi,4.08,Alluvial,971.4,Canal,186325,4,0,52.6,164720,0,0.24
FC-007877,UP,UP-Eastern,Sugarcane,Rabi,2.14,Alluvial,1019.2,Canal,274055,4,0,100.0,348452,16091,0.117
FC-007878,MP,MP-Bundelkhand,Maize,Rabi,0.8,Black,843.6,Tubewell,65148,3,0,66.3,40000,8316,0.3074
FC-007879,UP,UP-Eastern,Wheat,Rabi,0.83,Alluvial,1099.0,Canal,110600,3,0,73.7,67953,86427,0.5485
FC-007880,AP,AP-Upland,Millet,Kharif,4.03,Red,841.1,Rainfed,272886,3,0,96.3,104430,0,0.2904
FC-007881,BR,BR-South,Maize,Kharif,3.38,Sandy,1331.9,Drip,226362,3,0,75.2,130224,144874,0.5874
FC-007882,TN,TN-North,Rice,Kharif,0.69,Red,992.0,Tubewell,82773,4,0,91.4,40000,10649,0.6012
FC-007883,MH,MH-Konkan,Wheat,Rabi,0.75,Alluvial,1024.8,Canal,80173,1,0,78.6,62545,55607,0.5705
FC-007884,MH,MH-Konkan,Pulses,Rabi,0.81,Alluvial,840.3,Tubewell,64841,1,0,73.5,40000,69519,0.6554
FC-007885,KA,KA-North,Maize,Kharif,1.66,Laterite,842.3,Rainfed,150654,0,0,72.2,58815,15825,0.6063
FC-007886,AP,AP-Coastal,Rice,Rabi,2.44,Alluvial,1090.5,Drip,157392,1,0,51.8,118038,8804,0.2791
FC-007887,KA,KA-South,Maize,Kharif,1.34,Black,1058.4,Tubewell,132572,0,0,67.5,58432,83819,0.8077
FC-007888,MH,MH-Western,Wheat,Rabi,2.28,Black,1172.6,Canal,210678,3,0,89.4,134336,0,0.1908
FC-007889,MH,MH-Marathwada,Rice,Kharif,0.42,Black,1169.0,Rainfed,57781,5,0,81.6,40000,0,0.2246
FC-007890,PB,PB-Doaba,Wheat,Rabi,1.81,Alluvial,677.2,Rainfed,134292,5,0,73.0,70929,43152,0.4619
FC-007891,HR,HR-South,Pulses,Rabi,0.23,Sandy,739.2,Tubewell,63373,1,0,100.0,40000,7440,0.2577
FC-007892,MH,MH-Vidarbha,Soybean,Kharif,2.49,Black,915.1,Canal,195844,4,0,74.6,100153,29896,0.3849
FC-007893,UP,UP-Central,Mustard,Rabi,0.47,Alluvial,790.7,Tubewell,76842,2,1,55.0,40000,56631,0.8398
FC-007894,MH,MH-Western,Soybean,Kharif,1.37,Alluvial,894.3,Canal,138881,1,0,66.8,40000,0,0.7123
FC-007895,UP,UP-Central,Maize,Rabi,0.63,Alluvial,555.3,Tubewell,86758,2,1,76.1,40000,23235,0.7796
FC-007896,RJ,RJ-Hadoti,Mustard,Rabi,0.66,Red,550.8,Rainfed,54370,2,0,81.8,40000,0,0.2799
FC-007897,RJ,RJ-Shekhawati,Millet,Kharif,3.22,Sandy,274.5,Tubewell,234260,2,0,66.9,88065,15537,0.477
FC-007898,MH,MH-Konkan,Pulses,Kharif,9.69,Black,1130.3,Tubewell,603464,0,0,60.9,242803,29343,0.4232
FC-007899,TG,TG-North,Millet,Kharif,5.84,Black,971.0,Drip,415207,2,0,89.7,127125,193297,0.6882
FC-007900,BR,BR-South,Rice,Rabi,1.35,Alluvial,1321.5,Canal,93126,1,0,84.4,46291,10572,0.4124
FC-007901,UP,UP-Western,Rice,Kharif,0.37,Alluvial,1130.4,Tubewell,57399,3,0,44.0,40000,0,0.5116
FC-007902,TG,TG-Central,Rice,Rabi,0.82,ClayLoam,656.4,Rainfed,86474,2,0,57.9,40000,85912,0.9446
FC-007903,HR,HR-West,Wheat,Rabi,1.29,Black,757.3,Drip,123015,0,0,87.6,60508,0,0.2755
FC-007904,MP,MP-Bundelkhand,Soybean,Kharif,1.83,Alluvial,1232.9,Canal,115032,1,0,70.3,59813,40983,0.4741
FC-007905,MH,MH-Western,Cotton,Kharif,2.09,Black,671.6,Tubewell,182840,2,0,39.7,94819,60912,0.5674
FC-007906,TN,TN-North,Sugarcane,Rabi,4.06,ClayLoam,1228.5,Canal,469301,1,0,92.0,700000,0,0.12
FC-007907,HR,HR-West,Maize,Kharif,1.76,Alluvial,645.9,Drip,116339,0,0,99.9,104159,0,0.0683
FC-007908,RJ,RJ-Marwar,Pulses,Kharif,1.89,Alluvial,349.9,Canal,99305,2,0,86.0,62065,49011,0.4544
FC-007909,BR,BR-Gangetic,Rice,Kharif,1.41,Alluvial,1484.8,Canal,87382,2,0,98.4,83411,3783,0.1116
FC-007910,UP,UP-Eastern,Wheat,Rabi,0.53,Alluvial,1188.5,Drip,45243,3,0,71.1,40000,49826,0.4057
FC-007911,AP,AP-Coastal,Rice,Rabi,2.84,Black,963.7,Canal,166494,1,0,86.0,178376,15393,0.1078
FC-007912,UP,UP-Western,Rice,Rabi,3.53,Alluvial,1038.1,Drip,387322,4,0,54.3,382358,13219,0.2333
FC-007913,GJ,GJ-South,Groundnut,Kharif,0.69,Black,881.0,Canal,99053,2,1,45.6,55960,102165,0.8304
FC-007914,RJ,RJ-Mewar,Cotton,Kharif,1.44,ClayLoam,404.4,Rainfed,85652,2,0,62.5,91849,26055,0.4357
FC-007915,MP,MP-Bundelkhand,Wheat,Rabi,0.99,Red,773.8,Canal,112428,1,0,50.8,56834,13979,0.6211
FC-007916,KA,KA-Coastal,Millet,Kharif,0.78,Black,938.5,Tubewell,92066,2,0,61.8,40000,128163,0.849
FC-007917,HR,HR-South,Mustard,Rabi,0.24,Alluvial,636.5,Drip,47501,2,0,76.8,40000,0,0.3497
FC-007918,AP,AP-Rayalaseema,Cotton,Kharif,0.45,Black,804.5,Rainfed,55706,0,0,61.5,40000,15811,0.6016
FC-007919,KA,KA-Central,Rice,Kharif,0.78,Black,1789.7,Canal,61501,2,0,100.0,40268,6084,0.1586
FC-007920,GJ,GJ-Central,Maize,Rabi,0.65,Alluvial,666.9,Tubewell,79622,2,0,76.8,40000,0,0.5052
FC-007921,MP,MP-Malwa,Cotton,Kharif,1.34,Black,969.6,Tubewell,127791,3,0,74.8,162766,38523,0.2906
FC-007922,MH,MH-Vidarbha,Sugarcane,Rabi,0.49,Alluvial,535.9,Tubewell,68628,3,0,90.9,72414,0,0.2306
FC-007923,BR,BR-Gangetic,Cotton,Kharif,0.8,Alluvial,925.1,Rainfed,69384,2,0,40.8,40207,0,0.6331
FC-007924,KA,KA-South,Rice,Rabi,3.13,ClayLoam,788.8,Drip,203412,2,0,69.7,162987,4395,0.229
FC-007925,AP,AP-Rayalaseema,Maize,Rabi,0.88,Red,1049.3,Drip,97748,0,0,90.8,42630,11866,0.5141
FC-007926,MP,MP-Malwa,Cotton,Kharif,4.06,Laterite,884.4,Drip,422850,6,0,70.0,337066,15357,0.2186
FC-007927,UP,UP-Central,Wheat,Rabi,0.4,Alluvial,978.2,Drip,55153,2,0,74.8,40000,0,0.2985
FC-007928,KA,KA-Coastal,Groundnut,Rabi,1.74,Black,1267.9,Drip,92126,2,0,70.6,66536,20860,0.2891
FC-007929,UP,UP-Central,Maize,Kharif,0.77,ClayLoam,1274.6,Tubewell,89318,0,0,57.1,43435,12378,0.5239
FC-007930,BR,BR-Gangetic,Wheat,Rabi,2.71,Alluvial,1419.0,Rainfed,162032,1,0,55.7,141925,23575,0.2432
FC-007931,HR,HR-East,Millet,Kharif,0.55,Alluvial,536.1,Tubewell,74364,2,0,77.0,40000,27190,0.4967
FC-007932,RJ,RJ-Mewar,Soybean,Kharif,1.72,Laterite,511.9,Canal,139511,4,0,78.4,40000,7573,0.5545
FC-007933,MH,MH-Vidarbha,Soybean,Kharif,2.14,Black,834.2,Tubewell,170217,3,0,68.7,87587,74140,0.5696
FC-007934,MP,MP-Malwa,Soybean,Kharif,1.45,Black,1242.1,Canal,156024,0,0,64.1,94072,261201,0.7971
FC-007935,GJ,GJ-Saurashtra,Groundnut,Kharif,1.39,Alluvial,957.5,Tubewell,94568,3,0,79.6,126571,0,0.1203
FC-007936,TN,TN-North,Rice,Rabi,0.31,Red,985.7,Canal,48031,0,0,100.0,40000,14565,0.2476
FC-007937,KA,KA-South,Rice,Rabi,2.66,Laterite,1271.7,Tubewell,216720,3,0,61.4,212268,28648,0.2838
FC-007938,UP,UP-Central,Mustard,Rabi,1.95,Alluvial,989.6,Rainfed,191589,1,0,47.9,82997,3828,0.6116
FC-007939,AP,AP-Rayalaseema,Rice,Rabi,1.64,Red,770.8,Drip,128164,3,0,77.7,105597,0,0.1974
FC-007940,PB,PB-Malwa,Rice,Rabi,6.69,Sandy,743.7,Tubewell,346002,2,0,81.7,384109,73649,0.1676
FC-007941,GJ,GJ-Saurashtra,Rice,Kharif,3.38,Alluvial,1036.0,Tubewell,208282,0,0,62.5,303165,22052,0.1467
FC-007942,RJ,RJ-Hadoti,Millet,Kharif,1.23,Alluvial,415.9,Tubewell,66960,3,0,66.4,40000,43395,0.5121
FC-007943,BR,BR-North,Rice,Kharif,1.4,Alluvial,925.3,Tubewell,86995,3,0,71.4,100289,110864,0.3341
FC-007944,GJ,GJ-South,Mustard,Rabi,0.76,ClayLoam,777.1,Rainfed,56659,2,0,100.0,43485,0,0.2556
FC-007945,UP,UP-Western,Mustard,Rabi,2.31,Sandy,1225.1,Rainfed,155302,1,0,58.1,124138,32481,0.2276
FC-007946,MH,MH-Western,Pulses,Rabi,0.89,Alluvial,505.4,Canal,84538,0,0,68.9,40000,108889,0.8483
FC-007947,PB,PB-Majha,Rice,Rabi,0.52,Alluvial,652.2,Canal,58358,1,0,71.1,40000,142900,0.8212
FC-007948,BR,BR-North,Pulses,Rabi,0.46,Alluvial,793.2,Tubewell,69751,4,0,72.4,40000,70625,0.6896
FC-007949,MH,MH-Konkan,Cotton,Kharif,4.3,Black,836.0,Rainfed,198874,1,0,96.4,262261,9131,0.182
FC-007950,RJ,RJ-Shekhawati,Mustard,Rabi,3.39,ClayLoam,480.1,Tubewell,182189,3,0,82.4,125167,43667,0.2447
FC-007951,HR,HR-South,Rice,Kharif,7.91,Sandy,461.4,Canal,401425,2,0,66.9,177786,33589,0.5065
FC-007952,RJ,RJ-Hadoti,Wheat,Rabi,1.58,Sandy,323.3,Drip,94676,3,1,7.6,86337,222231,0.8767
FC-007953,GJ,GJ-South,Mustard,Rabi,0.51,Sandy,882.3,Tubewell,80639,3,0,57.8,40000,13084,0.4167
FC-007954,MH,MH-Western,Sugarcane,Rabi,0.32,Black,953.7,Canal,67435,3,0,82.8,47815,12397,0.3508
FC-007955,BR,BR-Gangetic,Rice,Kharif,1.61,Sandy,1427.2,Canal,114880,1,0,89.4,66252,13724,0.2697
FC-007956,PB,PB-Doaba,Wheat,Rabi,1.99,ClayLoam,379.2,Canal,170648,0,0,81.6,77024,0,0.4464
FC-007957,MP,MP-Mahakoshal,Maize,Rabi,3.13,Red,1145.9,Drip,190274,1,0,69.5,115866,61532,0.4271
FC-007958,BR,BR-Gangetic,Rice,Kharif,0.9,Alluvial,1205.2,Drip,100023,6,0,78.5,40000,0,0.3395
FC-007959,TG,TG-North,Rice,Kharif,0.45,Black,750.0,Canal,43162,3,0,56.1,40000,39052,0.4835
FC-007960,HR,HR-South,Wheat,Rabi,1.29,Alluvial,538.6,Tubewell,84390,1,0,73.4,85021,43120,0.2545
FC-007961,BR,BR-South,Mustard,Rabi,2.1,Alluvial,991.7,Canal,188043,1,0,53.4,60317,58685,0.7879
FC-007962,KA,KA-North,Groundnut,Rabi,2.71,Sandy,1250.4,Canal,166435,2,0,80.0,192372,90368,0.2216
FC-007963,MP,MP-Chambal,Groundnut,Rabi,0.81,Alluvial,612.7,Tubewell,65993,0,0,75.8,40000,45115,0.5891
FC-007964,MH,MH-Konkan,Wheat,Rabi,0.75,Alluvial,954.0,Rainfed,52045,3,0,89.5,47124,28642,0.3448
FC-007965,MP,MP-Mahakoshal,Pulses,Rabi,2.36,Black,1119.2,Tubewell,186562,2,0,92.0,85846,0,0.2146
FC-007966,MP,MP-Mahakoshal,Pulses,Rabi,0.7,Alluvial,616.0,Tubewell,52078,6,0,65.3,40000,32635,0.381
FC-007967,MH,MH-Konkan,Rice,Kharif,0.42,Laterite,864.1,Rainfed,47968,2,0,77.5,40000,0,0.2761
FC-007968,MH,MH-Marathwada,Cotton,Kharif,1.0,Black,699.6,Tubewell,87475,2,0,71.5,56004,0,0.2351
FC-007969,PB,PB-Doaba,Wheat,Rabi,0.69,Sandy,476.7,Tubewell,55918,2,0,83.7,40000,19969,0.4169
FC-007970,AP,AP-Coastal,Rice,Kharif,0.88,Red,743.5,Tubewell,76639,1,0,67.7,40000,13085,0.5522
FC-007971,KA,KA-North,Cotton,Kharif,0.59,Laterite,1316.7,Canal,63965,4,0,80.0,44388,0,0.2348
FC-007972,RJ,RJ-Mewar,Millet,Kharif,1.27,Sandy,423.6,Canal,77783,2,0,57.8,40000,0,0.3993
FC-007973,AP,AP-Upland,Groundnut,Rabi,0.84,Black,661.6,Rainfed,73133,1,0,65.6,40000,8099,0.6712
FC-007974,KA,KA-Coastal,Groundnut,Rabi,0.34,Red,774.7,Tubewell,42792,2,0,72.4,40000,0,0.3047
FC-007975,GJ,GJ-Central,Maize,Kharif,0.76,Alluvial,746.5,Rainfed,51345,2,0,65.4,40000,53729,0.5408
FC-007976,AP,AP-Rayalaseema,Pulses,Kharif,1.02,Red,724.3,Tubewell,105904,2,0,53.9,40000,0,0.5298
FC-007977,TN,TN-North,Rice,Kharif,0.65,Laterite,1228.8,Drip,70984,6,0,69.6,40000,12314,0.2629
FC-007978,RJ,RJ-Mewar,Millet,Kharif,0.45,ClayLoam,623.5,Drip,61040,1,0,89.9,40000,0,0.268
FC-007979,GJ,GJ-South,Pulses,Rabi,0.98,Alluvial,1075.6,Drip,86526,1,1,59.3,40000,66002,0.7784
FC-007980,UP,UP-Eastern,Rice,Kharif,1.85,Alluvial,834.8,Rainfed,165449,5,0,49.2,78406,30174,0.5276
FC-007981,GJ,GJ-South,Wheat,Rabi,3.12,Alluvial,1046.3,Canal,190211,2,0,100.0,165937,7904,0.1401
FC-007982,MH,MH-Marathwada,Soybean,Kharif,1.49,Alluvial,803.8,Tubewell,110567,6,0,61.2,56013,142108,0.6537
FC-007983,MP,MP-Chambal,Soybean,Kharif,3.13,Black,1374.3,Rainfed,219788,3,0,56.7,182395,0,0.1972
FC-007984,MP,MP-Bundelkhand,Wheat,Rabi,1.29,Laterite,1085.8,Rainfed,135550,2,0,81.2,72669,36153,0.6024
FC-007985,BR,BR-South,Wheat,Rabi,0.58,Sandy,1182.9,Tubewell,61889,3,0,65.8,43854,67544,0.5181
FC-007986,HR,HR-West,Mustard,Rabi,0.85,Sandy,349.8,Tubewell,83483,2,0,86.1,40000,7952,0.4633
FC-007987,TN,TN-West,Rice,Kharif,0.31,Sandy,762.6,Tubewell,59799,2,1,74.0,40000,94061,0.8585
FC-007988,MP,MP-Chambal,Cotton,Kharif,0.46,Black,818.5,Tubewell,46628,3,0,81.6,40000,0,0.293
FC-007989,MH,MH-Vidarbha,Rice,Kharif,1.04,Black,643.1,Canal,110633,0,0,88.3,66725,5008,0.3327
FC-007990,HR,HR-West,Rice,Kharif,1.22,Sandy,529.7,Tubewell,137549,3,0,80.5,71728,16440,0.3958
FC-007991,TG,TG-North,Cotton,Kharif,2.28,Red,1232.8,Tubewell,204933,2,0,93.4,159890,0,0.1616
FC-007992,PB,PB-Doaba,Wheat,Rabi,1.59,Alluvial,673.1,Canal,133054,3,0,98.3,83483,15913,0.2717
FC-007993,PB,PB-Majha,Maize,Kharif,1.26,Alluvial,765.1,Tubewell,138695,2,0,45.8,71468,0,0.2983
FC-007994,MH,MH-Konkan,Pulses,Kharif,1.49,Red,831.5,Drip,135623,1,1,43.2,40000,17025,0.8688
FC-007995,UP,UP-Western,Sugarcane,Rabi,0.46,Alluvial,895.7,Drip,94013,0,0,87.6,110709,105648,0.3814
FC-007996,AP,AP-Coastal,Rice,Kharif,1.44,ClayLoam,1173.1,Canal,129905,2,0,48.6,57392,18001,0.5597
FC-007997,MH,MH-Western,Soybean,Kharif,0.51,Black,665.1,Canal,66787,1,0,66.6,40000,19830,0.5126
FC-007998,GJ,GJ-Saurashtra,Cotton,Kharif,1.3,ClayLoam,737.0,Canal,97739,4,0,95.0,70749,111577,0.5413
FC-007999,MH,MH-Western,Soybean,Kharif,0.5,Sandy,1004.7,Tubewell,79198,2,0,74.4,40000,47214,0.5018
FC-008000,RJ,RJ-Mewar,Soybean,Kharif,2.95,ClayLoam,396.9,Tubewell,255341,4,0,74.1,165098,12359,0.2476
FC-008001,KA,KA-North,Soybean,Kharif,4.7,Red,1616.2,Rainfed,301432,2,0,67.9,240814,29879,0.2152
FC-008002,UP,UP-Central,Wheat,Rabi,1.49,Alluvial,674.8,Drip,114994,1,0,78.6,75776,149245,0.6093
FC-008003,MP,MP-Mahakoshal,Millet,Kharif,1.52,Sandy,939.9,Rainfed,98915,3,0,75.4,40000,7726,0.5083
FC-008004,AP,AP-Rayalaseema,Maize,Rabi,0.44,ClayLoam,910.2,Canal,63699,0,0,80.1,40000,0,0.1542
FC-008005,TG,TG-North,Pulses,Kharif,1.11,Red,821.7,Rainfed,94011,0,0,40.5,40106,34289,0.7198
FC-008006,KA,KA-North,Cotton,Kharif,0.44,Red,810.0,Rainfed,59831,1,0,100.0,40000,9448,0.4869
FC-008007,UP,UP-Bundelkhand,Wheat,Rabi,0.55,ClayLoam,1117.3,Tubewell,43570,0,0,100.0,40000,15884,0.1719
FC-008008,MH,MH-Western,Sugarcane,Rabi,1.06,Black,626.3,Drip,116581,0,0,75.5,193249,0,0.1488
FC-008009,GJ,GJ-Central,Wheat,Rabi,0.89,Black,721.2,Drip,96917,1,0,73.7,73192,27365,0.325
FC-008010,UP,UP-Bundelkhand,Mustard,Rabi,0.23,Alluvial,1313.3,Rainfed,58701,3,0,71.0,40000,29391,0.6651
FC-008011,MH,MH-Western,Soybean,Kharif,1.99,Laterite,811.2,Drip,101164,3,0,91.3,54412,0,0.2306
FC-008012,PB,PB-Majha,Wheat,Rabi,1.04,ClayLoam,452.4,Rainfed,113249,2,0,68.3,42199,2926,0.832
FC-008013,MH,MH-Konkan,Soybean,Kharif,0.77,Alluvial,1225.0,Tubewell,62424,4,1,47.0,40000,125369,0.885
FC-008014,UP,UP-Eastern,Mustard,Rabi,0.66,Alluvial,600.6,Drip,86182,2,0,41.4,40000,45795,0.6731
FC-008015,GJ,GJ-North,Rice,Rabi,2.35,Alluvial,598.0,Tubewell,126060,1,0,82.4,129020,35277,0.2951
FC-008016,UP,UP-Western,Sugarcane,Rabi,1.12,Alluvial,874.8,Drip,155068,2,0,57.0,222484,28767,0.2868
FC-008017,MH,MH-Konkan,Cotton,Kharif,0.77,Red,771.6,Tubewell,52521,2,0,60.6,42173,63642,0.8215
FC-008018,TN,TN-West,Rice,Kharif,0.23,Laterite,908.6,Rainfed,42304,5,0,97.3,40000,0,0.3068
FC-008019,MH,MH-Western,Cotton,Kharif,0.33,Red,765.1,Tubewell,67269,2,0,79.2,40000,22515,0.6301
FC-008020,KA,KA-Coastal,Millet,Kharif,0.95,Sandy,1424.9,Canal,92240,1,0,77.8,40000,46812,0.6366
FC-008021,PB,PB-Malwa,Rice,Kharif,0.2,Alluvial,518.0,Rainfed,60604,1,1,16.3,40000,4289,0.8053
FC-008022,BR,BR-Gangetic,Sugarcane,Rabi,1.87,Alluvial,935.3,Rainfed,180058,2,0,73.3,197394,86307,0.436
FC-008023,UP,UP-Western,Sugarcane,Kharif,0.8,Alluvial,833.7,Drip,69460,2,0,69.7,123853,0,0.1037
FC-008024,BR,BR-Gangetic,Rice,Kharif,0.89,Alluvial,1285.6,Rainfed,69215,3,0,92.2,77022,0,0.1699
FC-008025,UP,UP-Central,Mustard,Rabi,1.64,Alluvial,997.9,Rainfed,97682,3,0,56.0,81483,0,0.2153
FC-008026,TN,TN-North,Groundnut,Kharif,0.79,Laterite,742.8,Drip,73258,2,1,47.9,40000,113527,0.8357
FC-008027,KA,KA-South,Maize,Kharif,1.95,Alluvial,759.6,Tubewell,198591,4,0,64.8,112292,8442,0.4449
FC-008028,KA,KA-South,Soybean,Kharif,0.74,Red,1105.9,Canal,63868,2,0,55.0,43490,83280,0.5861
FC-008029,BR,BR-Gangetic,Rice,Rabi,2.83,Alluvial,1112.8,Tubewell,262435,2,0,85.2,163498,2199,0.1937
FC-008030,MP,MP-Mahakoshal,Millet,Kharif,1.14,Red,1072.1,Rainfed,68393,4,0,97.5,40000,0,0.2755
FC-008031,TN,TN-West,Rice,Rabi,0.51,Alluvial,729.5,Tubewell,55008,0,0,79.4,40000,37574,0.5336
FC-008032,TN,TN-Delta,Rice,Rabi,0.34,Red,1185.5,Rainfed,63160,3,0,81.8,40000,23675,0.5117
FC-008033,PB,PB-Majha,Rice,Rabi,3.63,Alluvial,519.2,Canal,178358,1,0,99.3,233928,23178,0.1842
FC-008034,HR,HR-East,Rice,Kharif,2.19,ClayLoam,438.7,Tubewell,169468,4,0,58.9,120697,4822,0.4062
FC-008035,UP,UP-Western,Wheat,Rabi,0.73,Alluvial,794.1,Tubewell,97018,2,0,99.5,55544,22183,0.3997
FC-008036,HR,HR-East,Rice,Kharif,6.53,Alluvial,603.1,Tubewell,412864,2,0,78.9,315373,40811,0.1555
FC-008037,AP,AP-Coastal,Cotton,Kharif,1.71,Black,1015.4,Rainfed,156914,2,0,80.8,110625,35740,0.2574
FC-008038,PB,PB-Malwa,Wheat,Rabi,0.99,Sandy,673.8,Canal,61834,3,0,79.8,40000,22920,0.2635
FC-008039,PB,PB-Doaba,Cotton,Kharif,1.28,Alluvial,746.6,Rainfed,135913,3,0,77.1,87285,400000,0.6856
FC-008040,BR,BR-North,Maize,Rabi,2.87,Alluvial,1116.5,Tubewell,172103,1,0,86.2,88466,0,0.3208
FC-008041,AP,AP-Coastal,Rice,Kharif,0.59,Black,953.1,Rainfed,57134,1,0,99.5,40000,9715,0.2868
FC-008042,MP,MP-Chambal,Soybean,Kharif,1.38,ClayLoam,843.7,Rainfed,139124,4,1,50.5,40000,16324,0.9096
FC-008043,MH,MH-Marathwada,Soybean,Kharif,0.8,Black,766.9,Rainfed,52480,1,0,82.9,40000,27327,0.4744
FC-008044,TN,TN-South,Maize,Kharif,0.4,Black,856.7,Canal,61399,4,0,70.1,40000,43312,0.6331
FC-008045,TG,TG-Central,Rice,Kharif,0.71,Red,706.9,Rainfed,69243,1,0,69.1,40000,0,0.5394
FC-008046,UP,UP-Bundelkhand,Rice,Kharif,1.74,Sandy,598.8,Tubewell,168524,2,0,71.8,74969,34947,0.5911
FC-008047,TG,TG-Central,Rice,Rabi,0.64,Black,758.5,Tubewell,67996,3,0,41.6,40000,0,0.4594
FC-008048,PB,PB-Doaba,Maize,Rabi,0.84,Alluvial,720.0,Tubewell,76763,4,0,75.7,53882,0,0.3421
FC-008049,MH,MH-Western,Sugarcane,Kharif,0.77,Black,1095.8,Tubewell,83521,0,0,68.4,64118,22719,0.2997
FC-008050,GJ,GJ-Central,Cotton,Kharif,0.46,ClayLoam,1179.7,Rainfed,58101,2,0,66.9,40000,0,0.2523
FC-008051,AP,AP-Upland,Groundnut,Rabi,8.77,Red,869.0,Tubewell,778156,2,0,97.7,600055,7861,0.1814
FC-008052,TG,TG-Central,Cotton,Kharif,3.19,Laterite,824.8,Canal,223488,3,0,66.6,241591,216769,0.2737
FC-008053,MH,MH-Western,Wheat,Rabi,0.86,Black,932.6,Tubewell,89351,0,0,50.1,59486,4096,0.3869
FC-008054,GJ,GJ-Central,Cotton,Kharif,1.28,Black,649.1,Rainfed,89949,0,1,27.1,40000,18786,0.8575
FC-008055,BR,BR-North,Rice,Rabi,1.69,Alluvial,1352.4,Drip,95216,3,0,98.5,121987,15020,0.1042
FC-008056,BR,BR-North,Pulses,Kharif,2.47,ClayLoam,1269.5,Rainfed,156942,2,0,84.8,62012,47825,0.55
FC-008057,MH,MH-Western,Rice,Rabi,1.19,Black,858.8,Drip,133859,2,0,75.2,74417,0,0.2622
FC-008058,MP,MP-Bundelkhand,Mustard,Rabi,1.99,Black,788.9,Rainfed,143240,4,1,31.3,75037,137707,0.8333
FC-008059,RJ,RJ-Hadoti,Mustard,Rabi,0.66,Sandy,388.4,Tubewell,62892,2,0,85.8,40000,28487,0.3404
FC-008060,MH,MH-Marathwada,Wheat,Rabi,2.45,Black,835.0,Tubewell,199999,2,0,63.1,170768,5558,0.2283
FC-008061,RJ,RJ-Marwar,Millet,Kharif,1.24,ClayLoam,332.2,Tubewell,128812,0,0,94.1,40000,24224,0.5748
FC-008062,MH,MH-Western,Cotton,Kharif,1.83,Black,511.1,Tubewell,158010,3,0,59.6,143664,9780,0.4343
FC-008063,AP,AP-Upland,Cotton,Kharif,1.2,Red,1119.0,Tubewell,103964,2,0,64.6,98343,128306,0.3955
FC-008064,UP,UP-Central,Wheat,Rabi,0.79,Alluvial,496.3,Drip,69234,3,0,85.8,49428,37963,0.6037
FC-008065,RJ,RJ-Shekhawati,Cotton,Kharif,1.85,Alluvial,394.4,Tubewell,152162,1,0,91.7,78368,16255,0.2517
FC-008066,TN,TN-South,Rice,Rabi,0.42,Alluvial,784.5,Tubewell,42955,2,0,56.2,40000,0,0.5597
FC-008067,TN,TN-West,Pulses,Rabi,0.64,Black,1109.3,Rainfed,89202,2,1,60.9,40000,105637,0.85
FC-008068,RJ,RJ-Shekhawati,Mustard,Rabi,0.64,Sandy,330.4,Drip,92197,2,0,74.2,40000,36036,0.6542
FC-008069,UP,UP-Bundelkhand,Rice,Kharif,1.25,Alluvial,889.9,Rainfed,115462,0,0,50.4,80399,9481,0.5358
FC-008070,MP,MP-Bundelkhand,Rice,Rabi,2.4,Black,1039.6,Rainfed,165667,1,0,60.7,192361,0,0.145
FC-008071,MH,MH-Marathwada,Cotton,Kharif,2.14,Alluvial,671.5,Tubewell,124186,2,0,55.9,132128,45490,0.2944
FC-008072,TG,TG-North,Cotton,Kharif,1.67,ClayLoam,830.4,Tubewell,132431,2,0,83.1,147699,2642,0.1742
FC-008073,AP,AP-Rayalaseema,Groundnut,Rabi,1.6,ClayLoam,1040.4,Drip,171645,2,0,62.4,97370,44825,0.4783
FC-008074,TN,TN-Delta,Groundnut,Kharif,1.17,Alluvial,669.0,Canal,95414,4,0,55.2,78929,34372,0.2771
FC-008075,UP,UP-Western,Pulses,Kharif,3.96,Alluvial,1289.1,Rainfed,182956,1,0,80.1,156020,66396,0.2143
FC-008076,TN,TN-West,Wheat,Rabi,2.75,Red,798.8,Canal,237885,1,0,68.6,75940,47513,0.7782
FC-008077,KA,KA-South,Groundnut,Kharif,3.73,ClayLoam,793.5,Rainfed,247315,3,0,81.4,264282,3512,0.2639
FC-008078,TN,TN-West,Pulses,Kharif,0.73,ClayLoam,792.6,Canal,51074,2,0,70.1,40000,0,0.2408
FC-008079,KA,KA-Coastal,Maize,Rabi,1.71,Red,633.0,Tubewell,95690,4,0,61.1,85747,2942,0.3975
FC-008080,RJ,RJ-Shekhawati,Mustard,Rabi,0.37,Sandy,678.0,Rainfed,71717,2,0,70.2,40000,33603,0.6096
FC-008081,TN,TN-Delta,Sugarcane,Rabi,0.91,Black,1025.3,Canal,118307,4,0,96.1,173138,12494,0.1494
FC-008082,TG,TG-Central,Millet,Kharif,1.42,Red,730.1,Tubewell,75662,2,0,79.3,40000,0,0.3044
FC-008083,MH,MH-Konkan,Sugarcane,Rabi,2.23,Red,1046.0,Rainfed,281067,1,0,48.2,367964,3100,0.2573
FC-008084,UP,UP-Western,Millet,Kharif,0.38,Alluvial,965.2,Rainfed,39799,1,0,82.5,40000,0,0.3495
FC-008085,TN,TN-North,Rice,Kharif,0.55,Red,844.1,Rainfed,69383,3,0,85.3,40000,0,0.5219
FC-008086,TG,TG-Central,Rice,Kharif,0.28,Black,909.4,Tubewell,41407,3,0,100.0,40000,0,0.1821
FC-008087,BR,BR-North,Maize,Kharif,1.16,Alluvial,1333.6,Canal,117151,0,0,82.6,61148,22794,0.315
FC-008088,AP,AP-Coastal,Pulses,Kharif,0.79,ClayLoam,652.9,Canal,70545,1,0,62.6,40000,15363,0.4421
FC-008089,BR,BR-North,Wheat,Rabi,1.03,Alluvial,920.9,Rainfed,74370,3,0,57.9,59161,48637,0.4793
FC-008090,KA,KA-South,Pulses,Rabi,0.68,Alluvial,567.5,Drip,88251,2,0,68.6,40000,37587,0.5464
FC-008091,GJ,GJ-Central,Mustard,Rabi,0.53,ClayLoam,1133.4,Drip,65379,3,0,75.2,40000,57427,0.6082
FC-008092,TG,TG-North,Cotton,Kharif,1.75,Red,792.7,Tubewell,209616,7,0,77.4,173489,0,0.3293
FC-008093,MH,MH-Vidarbha,Wheat,Rabi,0.47,Sandy,882.2,Canal,50102,3,0,92.0,40000,0,0.1651
FC-008094,MH,MH-Western,Pulses,Rabi,4.15,Black,878.0,Tubewell,338877,2,0,75.9,167719,183512,0.5896
FC-008095,PB,PB-Majha,Mustard,Rabi,0.8,ClayLoam,712.3,Drip,65555,2,0,78.9,40000,320141,0.6891
FC-008096,KA,KA-Central,Millet,Kharif,1.44,Red,356.0,Canal,98046,4,0,85.7,40000,18718,0.6525
FC-008097,UP,UP-Central,Wheat,Rabi,2.23,Alluvial,834.4,Tubewell,161042,2,0,65.7,145036,0,0.2256
FC-008098,GJ,GJ-Saurashtra,Millet,Kharif,1.39,Black,686.6,Rainfed,76724,3,0,66.1,40000,8635,0.3536
FC-008099,MH,MH-Western,Rice,Kharif,1.31,Black,1131.8,Rainfed,102525,4,0,77.2,44924,12120,0.4999
FC-008100,PB,PB-Majha,Wheat,Rabi,1.62,Alluvial,840.5,Canal,142224,5,0,67.9,91950,44074,0.2618
FC-008101,GJ,GJ-South,Rice,Rabi,2.01,ClayLoam,675.2,Tubewell,161855,3,0,84.9,101211,21982,0.3968
FC-008102,MH,MH-Marathwada,Rice,Kharif,0.26,Sandy,935.8,Tubewell,52827,3,0,70.2,40000,37467,0.3395
FC-008103,AP,AP-Rayalaseema,Millet,Kharif,1.59,Black,864.8,Canal,125240,2,1,42.2,40276,119416,0.8342
FC-008104,MH,MH-Konkan,Rice,Rabi,1.95,Laterite,730.3,Rainfed,129146,5,0,55.9,71368,76121,0.848
FC-008105,UP,UP-Western,Rice,Kharif,1.01,Alluvial,864.9,Drip,102300,4,0,78.1,80485,8493,0.3082
FC-008106,KA,KA-Coastal,Pulses,Rabi,3.24,Red,1336.4,Drip,192128,2,0,83.8,84470,17677,0.3086
FC-008107,TG,TG-South,Cotton,Kharif,2.28,Black,956.9,Canal,150531,2,0,78.7,193488,38491,0.1648
FC-008108,UP,UP-Bundelkhand,Mustard,Rabi,4.14,Alluvial,1143.2,Tubewell,305278,5,0,94.1,174273,1404,0.2468
FC-008109,UP,UP-Eastern,Rice,Rabi,0.55,ClayLoam,810.4,Tubewell,69604,2,0,74.7,40000,12353,0.4605
FC-008110,PB,PB-Doaba,Rice,Kharif,0.29,Alluvial,781.9,Drip,68825,3,0,65.3,40000,6206,0.494
FC-008111,RJ,RJ-Mewar,Millet,Kharif,0.66,Sandy,648.8,Canal,76139,1,0,86.1,40000,18973,0.5198
FC-008112,GJ,GJ-South,Groundnut,Kharif,0.74,Sandy,566.6,Tubewell,64494,3,0,68.3,40000,1730,0.3974
FC-008113,BR,BR-Gangetic,Maize,Rabi,1.54,ClayLoam,1070.9,Drip,80154,2,0,81.1,63047,0,0.3326
FC-008114,UP,UP-Central,Wheat,Rabi,1.21,ClayLoam,838.8,Tubewell,108242,1,0,70.2,57146,77533,0.5937
FC-008115,UP,UP-Bundelkhand,Sugarcane,Kharif,5.67,Alluvial,934.9,Canal,595738,1,0,84.2,700000,14006,0.2103
FC-008116,TN,TN-South,Rice,Kharif,0.39,Black,843.8,Rainfed,49506,2,0,84.0,40000,29241,0.4518
FC-008117,MH,MH-Western,Cotton,Kharif,3.52,Black,1346.2,Tubewell,243567,1,0,87.2,202191,265659,0.3701
FC-008118,TG,TG-Central,Rice,Rabi,1.35,Red,911.3,Rainfed,125131,0,0,79.9,53508,12739,0.3805
FC-008119,AP,AP-Rayalaseema,Rice,Kharif,1.18,Alluvial,922.6,Canal,85228,2,0,91.7,79138,978,0.1346
FC-008120,MP,MP-Bundelkhand,Pulses,Rabi,3.64,Black,1055.8,Drip,185241,3,0,83.2,129514,43551,0.1537
FC-008121,TG,TG-Central,Rice,Kharif,4.73,Black,1245.6,Tubewell,365440,5,0,87.6,207127,64137,0.3626
FC-008122,MH,MH-Marathwada,Maize,Kharif,1.52,Black,569.5,Canal,95076,3,0,70.7,40000,6433,0.5572
FC-008123,AP,AP-Rayalaseema,Rice,Kharif,1.12,Black,973.9,Rainfed,77545,4,0,52.8,84354,102956,0.5938
FC-008124,BR,BR-North,Wheat,Rabi,2.18,Alluvial,1170.7,Canal,116294,2,0,69.0,163509,23130,0.1493
FC-008125,KA,KA-North,Rice,Rabi,1.81,Red,718.0,Rainfed,176875,2,0,76.6,86864,88514,0.7984
FC-008126,PB,PB-Malwa,Maize,Kharif,0.52,Sandy,549.9,Canal,82439,3,0,67.7,40000,0,0.3957
FC-008127,PB,PB-Majha,Maize,Rabi,1.06,Alluvial,413.7,Canal,62085,6,0,72.8,40000,44501,0.4722
FC-008128,AP,AP-Upland,Cotton,Kharif,0.63,Laterite,602.6,Rainfed,48703,0,0,84.6,46515,87995,0.8368
FC-008129,TG,TG-North,Soybean,Kharif,1.63,Black,614.6,Drip,148391,2,0,72.8,40000,15556,0.8641
FC-008130,MH,MH-Western,Cotton,Kharif,0.41,Red,1083.8,Rainfed,53547,1,0,74.0,40000,18187,0.4565
FC-008131,TN,TN-Delta,Rice,Kharif,1.38,ClayLoam,880.1,Canal,149560,5,0,59.1,93283,3297,0.2746
FC-008132,BR,BR-South,Pulses,Rabi,2.44,Alluvial,1198.2,Tubewell,198304,2,0,84.1,116746,0,0.2065
FC-008133,RJ,RJ-Shekhawati,Millet,Kharif,1.02,ClayLoam,372.2,Tubewell,106742,2,0,70.1,40000,54335,0.8308
FC-008134,TG,TG-North,Maize,Rabi,1.65,Black,953.8,Rainfed,86915,3,0,69.7,78823,0,0.1387
FC-008135,AP,AP-Upland,Rice,Kharif,3.24,Red,915.2,Rainfed,303354,1,0,56.3,224739,35030,0.3177
FC-008136,UP,UP-Central,Wheat,Rabi,1.4,Alluvial,1217.2,Canal,138009,4,0,56.6,87319,4267,0.341
FC-008137,AP,AP-Upland,Rice,Rabi,0.2,Alluvial,1122.2,Tubewell,56026,1,0,71.1,40000,18350,0.4862
FC-008138,AP,AP-Upland,Rice,Kharif,0.31,ClayLoam,764.9,Rainfed,50863,2,0,74.5,40000,0,0.6307
FC-008139,TG,TG-Central,Rice,Kharif,1.31,Alluvial,1035.7,Rainfed,140702,4,0,82.8,98493,10193,0.1953
FC-008140,MP,MP-Chambal,Pulses,Kharif,1.84,Black,745.8,Drip,144598,1,0,97.2,40000,0,0.6409
FC-008141,GJ,GJ-South,Millet,Kharif,1.11,Alluvial,770.8,Rainfed,102477,2,1,42.9,40000,125623,0.86
FC-008142,TG,TG-South,Pulses,Rabi,0.6,Black,840.8,Drip,87480,2,0,100.0,40000,0,0.2722
FC-008143,MP,MP-Malwa,Soybean,Kharif,0.75,Sandy,707.0,Rainfed,66729,2,0,88.6,40000,35493,0.5836
FC-008144,TN,TN-South,Pulses,Kharif,0.57,Laterite,1291.6,Tubewell,66043,1,0,56.9,40000,4391,0.3523
FC-008145,MP,MP-Chambal,Soybean,Kharif,0.53,ClayLoam,845.7,Canal,74776,2,1,60.8,40000,164681,0.8586
FC-008146,KA,KA-Central,Millet,Kharif,2.0,Red,1109.2,Tubewell,173815,4,0,64.3,40000,9773,0.6822
FC-008147,AP,AP-Coastal,Pulses,Kharif,1.34,Alluvial,1038.1,Canal,140725,3,0,87.3,46577,4866,0.5112
FC-008148,TN,TN-West,Millet,Kharif,1.37,Black,993.5,Canal,85412,1,0,74.3,40000,48991,0.5845
FC-008149,UP,UP-Western,Sugarcane,Kharif,1.18,Alluvial,1142.6,Canal,166844,3,0,83.3,206582,0,0.1344
FC-008150,TG,TG-North,Pulses,Rabi,0.85,Red,1440.6,Rainfed,82546,5,0,82.9,40000,0,0.3931
FC-008151,MP,MP-Mahakoshal,Wheat,Rabi,0.68,Alluvial,874.9,Drip,92423,3,0,59.2,40000,27212,0.6438
FC-008152,KA,KA-North,Cotton,Kharif,2.01,Red,717.8,Tubewell,139761,2,0,78.8,180240,18827,0.2123
FC-008153,RJ,RJ-Hadoti,Mustard,Rabi,1.32,ClayLoam,381.5,Drip,100395,1,0,89.9,85187,0,0.1507
FC-008154,UP,UP-Central,Sugarcane,Kharif,1.23,Alluvial,1146.1,Canal,219311,3,0,68.2,284479,48950,0.3526
FC-008155,UP,UP-Bundelkhand,Mustard,Rabi,1.08,ClayLoam,1455.0,Rainfed,78813,2,0,57.8,65560,0,0.1872
FC-008156,KA,KA-South,Groundnut,Rabi,1.11,Red,1073.7,Rainfed,66940,2,0,55.0,67720,16109,0.2961
FC-008157,BR,BR-South,Mustard,Rabi,2.06,Alluvial,1391.4,Canal,167459,4,0,71.3,125779,25605,0.2853
FC-008158,KA,KA-Coastal,Millet,Kharif,0.93,Red,1275.1,Tubewell,56955,6,0,98.3,40000,37618,0.2814
FC-008159,BR,BR-South,Rice,Rabi,0.63,Alluvial,1118.9,Tubewell,71284,1,0,87.0,40000,42554,0.5769
FC-008160,TN,TN-South,Maize,Kharif,10.0,Red,985.2,Canal,533257,4,0,74.1,417855,35630,0.1867
FC-008161,AP,AP-Rayalaseema,Millet,Kharif,0.48,ClayLoam,974.1,Rainfed,55331,1,0,52.2,40000,6388,0.2773
FC-008162,BR,BR-Gangetic,Wheat,Rabi,1.21,Alluvial,798.0,Rainfed,111797,3,0,66.6,52750,0,0.6019
FC-008163,MP,MP-Bundelkhand,Groundnut,Rabi,2.44,Alluvial,1148.9,Rainfed,207238,0,0,82.3,143542,0,0.2164
FC-008164,TG,TG-South,Cotton,Kharif,1.32,Black,615.2,Rainfed,146841,0,0,56.6,86110,0,0.6867
FC-008165,KA,KA-Coastal,Sugarcane,Kharif,1.54,Sandy,1041.9,Rainfed,104065,1,0,93.2,173747,19358,0.3134
FC-008166,BR,BR-North,Wheat,Rabi,2.02,ClayLoam,1237.6,Rainfed,127053,3,0,92.0,124093,18019,0.1699
FC-008167,KA,KA-Central,Cotton,Kharif,3.54,Sandy,389.8,Tubewell,319263,3,0,68.6,189385,0,0.292
FC-008168,RJ,RJ-Hadoti,Pulses,Kharif,1.69,Alluvial,672.9,Canal,133520,2,0,71.5,40000,0,0.5401
FC-008169,MH,MH-Vidarbha,Wheat,Rabi,1.01,Black,1174.1,Drip,71654,2,0,100.0,89783,64743,0.2675
FC-008170,MH,MH-Konkan,Cotton,Kharif,0.72,Sandy,892.5,Tubewell,49012,1,0,100.0,40000,46450,0.3528
FC-008171,UP,UP-Eastern,Cotton,Kharif,4.2,Alluvial,982.6,Tubewell,327155,4,0,81.4,276076,14307,0.2249
FC-008172,TN,TN-West,Rice,Rabi,0.66,Laterite,485.7,Rainfed,53067,5,1,17.4,40000,18445,0.8513
FC-008173,MP,MP-Malwa,Soybean,Kharif,2.67,Sandy,849.4,Canal,162580,0,0,83.1,87851,60894,0.3854
FC-008174,HR,HR-West,Rice,Kharif,2.35,Sandy,503.8,Tubewell,207240,0,0,69.8,99754,46284,0.6053
FC-008175,TG,TG-South,Cotton,Kharif,1.17,Alluvial,522.2,Tubewell,122929,1,0,78.0,94619,0,0.2411
FC-008176,UP,UP-Bundelkhand,Rice,Kharif,3.44,Alluvial,832.3,Tubewell,162844,2,0,81.9,146117,0,0.1913
FC-008177,TG,TG-South,Rice,Kharif,0.2,Black,788.6,Tubewell,33535,0,0,57.7,40000,0,0.213
FC-008178,AP,AP-Upland,Maize,Kharif,2.6,Red,888.6,Tubewell,243235,3,0,68.6,148172,21291,0.3838
FC-008179,BR,BR-Gangetic,Rice,Kharif,3.76,Alluvial,1231.9,Drip,296868,1,0,68.5,200594,32154,0.3749
FC-008180,GJ,GJ-South,Groundnut,Kharif,0.75,Alluvial,749.5,Canal,92485,1,1,30.2,49300,302628,0.8709
FC-008181,MP,MP-Mahakoshal,Pulses,Rabi,1.17,Alluvial,908.2,Canal,110527,0,0,94.2,58315,18884,0.1971
FC-008182,GJ,GJ-Saurashtra,Rice,Kharif,0.8,Sandy,1187.2,Rainfed,54407,0,0,71.8,48493,12674,0.1993
FC-008183,BR,BR-South,Maize,Kharif,0.9,Alluvial,1289.4,Drip,77370,2,0,62.5,43112,49990,0.6611
FC-008184,UP,UP-Eastern,Sugarcane,Kharif,1.54,Alluvial,808.7,Canal,149461,7,0,61.5,230267,58217,0.1988
FC-008185,HR,HR-South,Wheat,Rabi,2.07,Red,603.3,Tubewell,203294,1,0,74.4,130753,35692,0.4957
FC-008186,KA,KA-North,Cotton,Kharif,0.34,Red,955.1,Tubewell,60869,4,1,52.8,40000,59194,0.7902
FC-008187,MP,MP-Chambal,Cotton,Kharif,0.63,Black,1069.6,Canal,67009,1,0,87.3,53173,28217,0.376
FC-008188,KA,KA-Central,Pulses,Rabi,2.88,Red,842.1,Rainfed,201441,2,0,70.0,58023,12338,0.7281
FC-008189,TG,TG-South,Maize,Kharif,2.74,ClayLoam,1089.0,Canal,131241,2,0,88.5,135224,85326,0.1297
FC-008190,MP,MP-Mahakoshal,Pulses,Rabi,1.39,Alluvial,548.2,Canal,74668,2,0,89.0,67665,16836,0.281
FC-008191,HR,HR-West,Wheat,Rabi,1.38,Alluvial,814.8,Tubewell,118308,0,0,76.5,47166,12301,0.5347
FC-008192,TN,TN-South,Groundnut,Rabi,1.33,Red,741.8,Rainfed,122839,5,0,41.5,88407,35441,0.6187
FC-008193,KA,KA-North,Pulses,Kharif,1.08,Black,358.9,Rainfed,75496,6,0,80.7,40000,15185,0.6347
FC-008194,MH,MH-Konkan,Soybean,Kharif,0.91,Black,894.9,Rainfed,57613,5,0,90.0,63065,74692,0.3128
FC-008195,KA,KA-South,Millet,Kharif,1.85,Red,1166.3,Rainfed,91487,4,0,67.6,49932,22894,0.3617
FC-008196,HR,HR-East,Wheat,Rabi,0.65,Alluvial,430.0,Tubewell,51381,1,0,78.9,41786,23944,0.4621
FC-008197,MP,MP-Chambal,Wheat,Rabi,2.98,Black,1367.3,Tubewell,218895,4,0,53.3,171776,94590,0.4748
FC-008198,GJ,GJ-North,Wheat,Rabi,0.41,Red,1180.1,Canal,76947,4,0,86.5,40000,60710,0.5725
FC-008199,TN,TN-North,Cotton,Kharif,2.11,Red,1401.6,Rainfed,123206,1,0,96.0,95862,44408,0.1492
FC-008200,MP,MP-Chambal,Rice,Rabi,2.67,Alluvial,815.9,Rainfed,192077,1,0,79.9,150057,9955,0.3114
FC-008201,TN,TN-North,Rice,Rabi,1.34,Red,977.3,Tubewell,118994,4,0,75.5,100388,6215,0.1858
FC-008202,RJ,RJ-Hadoti,Wheat,Rabi,1.21,Sandy,890.5,Drip,112322,0,0,66.5,59498,102318,0.6794
FC-008203,UP,UP-Eastern,Maize,Rabi,0.7,Alluvial,975.2,Rainfed,88689,3,1,36.6,40000,154062,0.9069
FC-008204,RJ,RJ-Shekhawati,Millet,Kharif,0.93,ClayLoam,250.0,Canal,79450,3,0,57.8,40000,16469,0.4698
FC-008205,UP,UP-Bundelkhand,Rice,Rabi,1.19,Alluvial,595.2,Tubewell,103914,2,0,92.7,61858,0,0.3968
FC-008206,AP,AP-Rayalaseema,Cotton,Kharif,2.83,Red,868.0,Drip,264231,6,0,71.1,237837,188154,0.389
FC-008207,UP,UP-Central,Wheat,Rabi,3.67,Alluvial,738.5,Canal,257392,2,0,100.0,184418,112128,0.1525
FC-008208,UP,UP-Eastern,Cotton,Kharif,0.41,Alluvial,1000.4,Rainfed,65575,2,0,59.5,40000,0,0.4883
FC-008209,GJ,GJ-Saurashtra,Groundnut,Rabi,1.71,ClayLoam,1157.5,Rainfed,108538,1,0,72.7,43888,0,0.4979
FC-008210,BR,BR-Gangetic,Rice,Kharif,1.58,Red,1511.3,Rainfed,124183,3,0,82.9,72657,10550,0.2811
FC-008211,MH,MH-Marathwada,Sugarcane,Kharif,0.67,Black,1274.3,Rainfed,122354,2,0,79.2,129302,29917,0.3295
FC-008212,GJ,GJ-South,Groundnut,Rabi,0.63,Black,415.7,Tubewell,85914,4,0,81.9,40000,0,0.515
FC-008213,UP,UP-Western,Wheat,Rabi,1.7,Alluvial,906.2,Tubewell,182394,3,0,87.0,136688,0,0.2204
FC-008214,RJ,RJ-Hadoti,Millet,Kharif,2.39,Sandy,398.9,Rainfed,113569,3,0,79.8,40000,15995,0.5529
FC-008215,AP,AP-Coastal,Rice,Rabi,1.92,ClayLoam,945.6,Rainfed,155804,3,0,89.7,152619,30303,0.1646
FC-008216,BR,BR-Gangetic,Rice,Rabi,3.81,Alluvial,1039.1,Tubewell,242650,1,0,84.0,316586,0,0.1644
FC-008217,AP,AP-Upland,Groundnut,Rabi,0.8,ClayLoam,846.9,Canal,68002,2,0,66.6,56236,8611,0.3196
FC-008218,TG,TG-Central,Cotton,Kharif,1.11,ClayLoam,801.8,Canal,86869,4,0,71.5,74917,15279,0.2108
FC-008219,BR,BR-North,Rice,Rabi,0.27,Alluvial,1430.8,Tubewell,33984,0,0,77.0,40000,78677,0.6263
FC-008220,AP,AP-Upland,Pulses,Rabi,0.97,Alluvial,782.5,Tubewell,100357,4,0,31.8,40000,150684,0.9206
FC-008221,TG,TG-North,Pulses,Kharif,0.67,Red,911.4,Canal,85461,5,0,84.8,40000,0,0.4881
FC-008222,HR,HR-West,Pulses,Rabi,1.76,Sandy,278.4,Canal,132342,0,0,59.0,66512,61408,0.7007
FC-008223,PB,PB-Majha,Cotton,Kharif,0.66,Alluvial,644.7,Tubewell,77160,4,0,64.6,40000,0,0.3852
FC-008224,MH,MH-Western,Maize,Rabi,2.83,Red,963.7,Rainfed,224562,4,0,84.9,91172,8236,0.5087
FC-008225,HR,HR-South,Wheat,Rabi,1.8,Sandy,553.1,Rainfed,190198,4,0,73.1,115702,20021,0.3451
FC-008226,MH,MH-Marathwada,Cotton,Kharif,1.45,ClayLoam,748.0,Canal,156497,4,0,93.0,123012,13487,0.3458
FC-008227,TG,TG-North,Soybean,Kharif,1.26,Black,1138.6,Drip,103999,1,0,100.0,48150,2198,0.3158
FC-008228,MH,MH-Marathwada,Groundnut,Kharif,5.33,Red,1054.8,Rainfed,464122,2,0,76.7,302586,0,0.2272
FC-008229,KA,KA-Coastal,Wheat,Rabi,4.81,Red,566.4,Rainfed,218428,0,0,57.8,159193,5205,0.4787
FC-008230,UP,UP-Western,Mustard,Rabi,0.3,Alluvial,921.4,Canal,46262,1,0,83.9,40000,37005,0.4377
FC-008231,MH,MH-Konkan,Soybean,Kharif,0.31,Black,976.5,Tubewell,53999,1,1,30.1,40000,76236,0.7831
FC-008232,AP,AP-Coastal,Rice,Rabi,0.73,Sandy,732.4,Tubewell,81794,2,0,70.8,40000,87678,0.8408
FC-008233,UP,UP-Central,Mustard,Rabi,0.53,Alluvial,826.7,Tubewell,74484,4,0,41.9,40000,2725,0.5614
FC-008234,UP,UP-Central,Wheat,Rabi,2.5,Alluvial,925.2,Tubewell,180851,5,0,90.2,102074,383191,0.4946
FC-008235,BR,BR-South,Rice,Rabi,2.48,Alluvial,1109.5,Rainfed,163830,5,0,91.0,153178,138826,0.341
FC-008236,PB,PB-Majha,Cotton,Kharif,2.01,Alluvial,623.1,Tubewell,183751,3,0,53.2,130635,41625,0.3842
FC-008237,RJ,RJ-Marwar,Mustard,Rabi,0.42,Sandy,516.6,Tubewell,45246,1,0,78.3,40000,14229,0.3259
FC-008238,UP,UP-Eastern,Wheat,Rabi,1.67,Alluvial,713.5,Rainfed,145425,1,0,67.7,72006,52029,0.6082
FC-008239,RJ,RJ-Shekhawati,Maize,Kharif,0.29,Alluvial,250.0,Rainfed,68522,2,0,45.1,40000,67404,0.9109
FC-008240,BR,BR-South,Mustard,Rabi,0.51,ClayLoam,1241.8,Rainfed,51344,2,0,37.9,40000,18141,0.4809
FC-008241,BR,BR-North,Sugarcane,Rabi,2.44,ClayLoam,1027.7,Rainfed,323787,2,0,97.6,384178,14927,0.3388
FC-008242,UP,UP-Central,Sugarcane,Rabi,0.89,Alluvial,924.1,Rainfed,79736,2,0,80.8,121958,0,0.1919
FC-008243,MP,MP-Bundelkhand,Mustard,Rabi,2.16,Black,1066.9,Rainfed,199416,4,0,67.0,61945,0,0.5086
FC-008244,KA,KA-Coastal,Sugarcane,Rabi,0.53,Red,1244.1,Rainfed,52067,0,0,89.7,40000,16447,0.3646
FC-008245,UP,UP-Eastern,Wheat,Rabi,2.77,ClayLoam,932.7,Tubewell,235123,4,0,84.8,83010,82146,0.586
FC-008246,PB,PB-Malwa,Rice,Rabi,1.56,Alluvial,662.3,Rainfed,148015,1,0,67.2,112280,0,0.2945
FC-008247,PB,PB-Doaba,Wheat,Rabi,0.78,Alluvial,784.0,Drip,93761,4,0,76.5,47932,0,0.2616
FC-008248,MP,MP-Mahakoshal,Pulses,Rabi,2.35,Red,809.1,Tubewell,153288,2,0,92.5,93408,29989,0.2939
FC-008249,RJ,RJ-Shekhawati,Cotton,Kharif,0.98,Alluvial,317.5,Tubewell,66619,4,0,72.7,60053,30686,0.3564
FC-008250,UP,UP-Eastern,Maize,Rabi,1.34,Alluvial,1033.1,Drip,134413,1,0,82.3,58208,32628,0.3777
FC-008251,MP,MP-Malwa,Wheat,Rabi,1.06,Black,1408.7,Canal,84740,2,0,70.8,88692,1585,0.1819
FC-008252,BR,BR-South,Wheat,Rabi,1.06,Alluvial,952.7,Canal,125595,3,0,57.1,64939,15442,0.391
FC-008253,UP,UP-Eastern,Rice,Kharif,1.07,Alluvial,933.5,Drip,116688,3,0,100.0,81308,50059,0.2353
FC-008254,GJ,GJ-North,Pulses,Kharif,1.18,ClayLoam,869.1,Tubewell,89694,1,0,64.1,40000,251337,0.7814
FC-008255,AP,AP-Coastal,Rice,Kharif,2.4,Red,865.6,Tubewell,175835,5,0,61.6,144677,140109,0.4167
FC-008256,MH,MH-Konkan,Rice,Kharif,0.69,ClayLoam,1091.3,Rainfed,89701,2,0,64.2,53883,6236,0.291
FC-008257,HR,HR-South,Wheat,Rabi,3.83,Alluvial,628.5,Tubewell,220913,1,0,63.7,120491,20119,0.3937
FC-008258,MP,MP-Chambal,Pulses,Kharif,1.67,Red,828.4,Rainfed,92533,3,0,93.5,60195,11678,0.3345
FC-008259,RJ,RJ-Hadoti,Mustard,Rabi,0.55,Laterite,494.7,Canal,57687,2,0,73.4,40000,8131,0.3537
FC-008260,MH,MH-Konkan,Cotton,Kharif,2.07,Laterite,673.4,Tubewell,146473,2,0,85.3,113003,18038,0.3182
FC-008261,TN,TN-Delta,Cotton,Kharif,2.18,Alluvial,913.9,Tubewell,187304,2,0,87.5,145804,0,0.2023
FC-008262,TN,TN-South,Rice,Rabi,0.71,Red,1013.4,Canal,61649,3,0,36.7,40000,44803,0.7243
FC-008263,UP,UP-Bundelkhand,Millet,Kharif,0.46,Alluvial,918.6,Drip,73703,1,0,73.4,40000,2913,0.4037
FC-008264,MH,MH-Konkan,Cotton,Kharif,0.2,Red,995.0,Rainfed,59782,2,0,94.2,40000,0,0.2785
FC-008265,HR,HR-South,Rice,Kharif,2.12,Alluvial,689.0,Rainfed,213169,1,0,55.8,110418,97623,0.3705
FC-008266,GJ,GJ-Saurashtra,Maize,Kharif,4.28,ClayLoam,1172.6,Rainfed,216410,3,0,78.5,219057,33606,0.1913
FC-008267,GJ,GJ-South,Wheat,Rabi,0.28,Alluvial,1057.2,Drip,59873,1,0,63.9,40000,0,0.3261
FC-008268,KA,KA-North,Sugarcane,Kharif,2.44,Red,368.6,Rainfed,212422,6,0,100.0,196207,36018,0.5733
FC-008269,UP,UP-Eastern,Wheat,Rabi,0.2,Black,985.5,Canal,31029,3,0,74.8,40000,51179,0.385
FC-008270,TN,TN-South,Wheat,Rabi,0.83,Alluvial,917.0,Canal,61603,3,0,83.6,69760,0,0.215
FC-008271,MH,MH-Western,Soybean,Kharif,1.34,ClayLoam,653.2,Rainfed,93099,3,0,75.0,56947,0,0.4056
FC-008272,HR,HR-South,Cotton,Kharif,2.54,Alluvial,529.0,Rainfed,199274,3,1,5.0,86331,38725,0.8265
FC-008273,UP,UP-Central,Pulses,Rabi,1.49,Alluvial,808.8,Tubewell,150527,0,0,88.3,57654,21279,0.5769
FC-008274,TG,TG-Central,Maize,Rabi,0.51,Black,1029.4,Drip,81217,0,0,71.0,40000,30142,0.6319
FC-008275,MH,MH-Vidarbha,Pulses,Kharif,2.52,ClayLoam,1207.3,Canal,123480,2,0,83.0,54135,9713,0.3688
FC-008276,AP,AP-Rayalaseema,Millet,Kharif,3.05,Alluvial,922.1,Rainfed,211948,1,0,66.0,48970,0,0.6412
FC-008277,TN,TN-North,Cotton,Kharif,5.64,Red,1069.5,Rainfed,309142,1,0,51.7,395775,26494,0.2324
FC-008278,PB,PB-Doaba,Rice,Rabi,1.92,Alluvial,729.8,Drip,93776,1,0,87.0,70143,144856,0.4993
FC-008279,MH,MH-Vidarbha,Cotton,Kharif,0.38,Sandy,1176.0,Canal,48131,2,0,100.0,40000,46584,0.4573
FC-008280,KA,KA-Coastal,Sugarcane,Kharif,1.64,Alluvial,1512.0,Canal,148227,2,0,64.6,237992,0,0.2127
FC-008281,TG,TG-Central,Groundnut,Kharif,2.27,ClayLoam,904.9,Rainfed,113204,3,0,77.6,109933,11587,0.1705
FC-008282,TG,TG-North,Cotton,Kharif,0.89,Sandy,1058.6,Rainfed,59822,5,0,55.4,40000,5633,0.3206
FC-008283,UP,UP-Eastern,Wheat,Rabi,0.62,Alluvial,1070.8,Rainfed,62639,1,0,51.6,52793,79678,0.6864
FC-008284,TN,TN-South,Pulses,Rabi,2.06,Alluvial,890.0,Canal,179316,4,0,82.5,65800,0,0.4739
FC-008285,BR,BR-Gangetic,Rice,Kharif,0.91,Alluvial,1348.9,Canal,68632,2,0,93.3,42537,0,0.3117
FC-008286,GJ,GJ-South,Wheat,Rabi,3.68,Alluvial,781.7,Canal,274037,2,0,95.6,247253,0,0.1416
FC-008287,RJ,RJ-Marwar,Groundnut,Rabi,0.2,Sandy,616.9,Canal,55840,3,0,86.2,40000,0,0.3214
FC-008288,MH,MH-Marathwada,Sugarcane,Rabi,1.4,Black,738.9,Canal,169863,1,0,81.3,228888,0,0.1754
FC-008289,UP,UP-Eastern,Rice,Kharif,1.07,Alluvial,1052.9,Rainfed,127725,3,0,67.4,81568,15876,0.5181
FC-008290,HR,HR-South,Wheat,Rabi,1.2,Alluvial,463.2,Canal,85080,2,0,70.0,66609,31717,0.3046
FC-008291,RJ,RJ-Shekhawati,Pulses,Kharif,1.04,Alluvial,429.2,Tubewell,112436,2,0,56.3,43252,10349,0.5879
FC-008292,PB,PB-Doaba,Cotton,Kharif,1.01,Sandy,434.9,Rainfed,80679,2,0,49.8,59702,11002,0.6252
FC-008293,KA,KA-Coastal,Maize,Kharif,0.44,ClayLoam,1886.1,Canal,71530,2,0,88.7,40000,7377,0.2954
FC-008294,UP,UP-Western,Sugarcane,Kharif,0.85,Alluvial,955.4,Rainfed,72571,3,0,78.2,134007,13936,0.2444
FC-008295,AP,AP-Rayalaseema,Maize,Kharif,1.22,ClayLoam,740.1,Tubewell,129317,4,0,71.7,52061,33120,0.6293
FC-008296,KA,KA-Coastal,Groundnut,Kharif,1.51,ClayLoam,1074.6,Tubewell,114539,2,0,64.7,67147,45112,0.4962
FC-008297,BR,BR-South,Sugarcane,Kharif,2.38,ClayLoam,1190.2,Drip,326837,1,0,82.6,434080,27615,0.1966
FC-008298,AP,AP-Rayalaseema,Millet,Kharif,1.1,ClayLoam,1030.3,Rainfed,92747,2,0,82.0,40000,16003,0.4131
FC-008299,MP,MP-Bundelkhand,Wheat,Rabi,0.91,ClayLoam,964.1,Tubewell,104229,0,0,91.8,71915,18645,0.3687
FC-008300,PB,PB-Malwa,Wheat,Rabi,0.64,Sandy,465.4,Rainfed,59713,0,0,65.7,40000,14574,0.6258
FC-008301,TN,TN-North,Groundnut,Kharif,2.54,Black,1259.2,Rainfed,173235,3,0,93.4,109781,20686,0.344
FC-008302,PB,PB-Majha,Maize,Kharif,0.4,Alluvial,572.2,Tubewell,51993,3,0,70.0,40000,62077,0.4117
FC-008303,BR,BR-South,Maize,Kharif,5.04,Alluvial,1312.2,Rainfed,431734,1,0,95.6,235730,0,0.3038
FC-008304,KA,KA-Coastal,Groundnut,Kharif,1.23,Alluvial,1193.0,Canal,113696,4,0,73.1,61956,7179,0.3576
FC-008305,TG,TG-Central,Cotton,Kharif,1.73,Black,907.2,Canal,185723,0,0,76.9,111227,16583,0.2734
FC-008306,GJ,GJ-North,Millet,Kharif,1.54,Alluvial,1270.7,Canal,74738,2,0,76.5,40000,9900,0.304
FC-008307,MP,MP-Bundelkhand,Pulses,Kharif,1.65,Sandy,1351.0,Canal,153019,3,0,90.3,47598,6400,0.4972
FC-008308,AP,AP-Upland,Groundnut,Kharif,3.38,Black,1053.1,Drip,326489,3,0,78.6,210499,14592,0.3415
FC-008309,AP,AP-Coastal,Cotton,Kharif,3.45,Red,867.0,Drip,210686,2,0,58.8,207263,62249,0.28
FC-008310,MP,MP-Mahakoshal,Wheat,Rabi,0.28,Black,1366.5,Rainfed,52335,1,0,77.8,40000,11456,0.244
FC-008311,MH,MH-Konkan,Cotton,Kharif,0.42,Black,864.7,Rainfed,57761,0,0,81.9,40000,19416,0.5053
FC-008312,RJ,RJ-Marwar,Maize,Kharif,0.88,Black,363.8,Tubewell,65981,3,0,79.0,41724,0,0.3603
FC-008313,HR,HR-West,Wheat,Rabi,0.26,Alluvial,550.6,Canal,54950,2,0,71.3,40000,15623,0.4766
FC-008314,UP,UP-Eastern,Wheat,Rabi,1.06,Alluvial,932.4,Rainfed,101224,0,0,83.4,85655,139406,0.3739
FC-008315,UP,UP-Bundelkhand,Rice,Rabi,1.56,ClayLoam,1158.6,Canal,153878,0,0,82.5,101062,14442,0.3959
FC-008316,UP,UP-Eastern,Wheat,Rabi,1.64,Sandy,1125.9,Drip,94325,4,0,67.9,54293,36293,0.5149
FC-008317,AP,AP-Upland,Pulses,Rabi,0.38,ClayLoam,465.5,Tubewell,49547,1,1,26.2,40000,129414,0.9385
FC-008318,UP,UP-Central,Rice,Rabi,0.39,Alluvial,1051.7,Canal,59715,2,0,100.0,40000,69326,0.3952
FC-008319,BR,BR-North,Maize,Kharif,2.61,Sandy,1275.6,Canal,138839,5,0,47.7,78415,19482,0.3294
FC-008320,GJ,GJ-Saurashtra,Maize,Rabi,2.84,Black,982.4,Canal,177066,5,0,58.0,48474,0,0.6338
FC-008321,BR,BR-South,Groundnut,Rabi,0.98,Alluvial,1084.9,Tubewell,118196,3,0,58.8,53574,0,0.6846
FC-008322,MP,MP-Mahakoshal,Pulses,Rabi,1.16,ClayLoam,859.1,Rainfed,64252,2,0,70.6,40000,46487,0.6027
FC-008323,TN,TN-North,Cotton,Kharif,4.17,Alluvial,969.8,Rainfed,402475,3,0,90.1,341218,0,0.255
FC-008324,GJ,GJ-Central,Groundnut,Rabi,4.24,Black,480.1,Rainfed,365557,3,0,67.2,201301,0,0.5489
FC-008325,UP,UP-Eastern,Sugarcane,Rabi,4.94,Alluvial,847.7,Rainfed,499099,2,0,82.6,700000,30846,0.3224
FC-008326,MH,MH-Vidarbha,Cotton,Kharif,0.45,Red,806.5,Tubewell,51823,1,0,92.4,40000,4984,0.348
FC-008327,AP,AP-Coastal,Groundnut,Kharif,1.48,Black,980.3,Rainfed,74665,1,0,87.5,57432,9414,0.267
FC-008328,GJ,GJ-South,Groundnut,Kharif,1.34,Alluvial,596.2,Tubewell,147539,0,0,56.6,116836,0,0.3817
FC-008329,MH,MH-Marathwada,Wheat,Rabi,3.37,Laterite,764.1,Tubewell,186437,3,0,66.0,183939,67592,0.3656
FC-008330,UP,UP-Eastern,Sugarcane,Kharif,0.74,Black,976.2,Drip,75167,8,0,100.0,102616,73178,0.228
FC-008331,AP,AP-Rayalaseema,Rice,Kharif,2.34,Alluvial,827.9,Rainfed,161624,0,0,84.2,117311,11001,0.3698
FC-008332,MH,MH-Western,Sugarcane,Rabi,0.25,Black,1072.7,Tubewell,48557,5,0,76.1,43132,28904,0.3708
FC-008333,PB,PB-Malwa,Rice,Rabi,4.44,Alluvial,455.2,Rainfed,226986,2,0,64.3,284478,12610,0.2247
FC-008334,TN,TN-West,Sugarcane,Kharif,1.67,Red,916.7,Canal,195837,5,0,100.0,215794,34362,0.1266
FC-008335,TN,TN-North,Groundnut,Rabi,1.61,Black,818.9,Tubewell,83974,1,0,54.8,82278,98782,0.5304
FC-008336,AP,AP-Upland,Soybean,Kharif,0.89,ClayLoam,1117.5,Rainfed,77135,1,0,96.6,45270,27147,0.4454
FC-008337,MP,MP-Mahakoshal,Cotton,Kharif,2.37,Black,613.2,Tubewell,164243,3,0,50.0,194084,53959,0.3081
FC-008338,AP,AP-Coastal,Cotton,Kharif,0.48,Laterite,875.7,Canal,49391,1,0,73.9,40000,24865,0.4917
FC-008339,MP,MP-Malwa,Maize,Kharif,1.19,Black,752.1,Rainfed,88616,2,0,74.4,40000,37395,0.8351
FC-008340,BR,BR-South,Rice,Rabi,0.83,Alluvial,1488.9,Rainfed,60035,3,0,61.0,49623,22248,0.4497
FC-008341,MH,MH-Marathwada,Sugarcane,Kharif,1.9,Alluvial,925.8,Canal,271166,2,0,79.8,400232,175872,0.2139
FC-008342,MP,MP-Bundelkhand,Pulses,Kharif,8.05,Alluvial,609.4,Canal,660399,1,0,72.3,295877,40209,0.6577
FC-008343,UP,UP-Eastern,Rice,Kharif,2.0,ClayLoam,669.6,Tubewell,191745,2,0,57.3,120594,16826,0.5165
FC-008344,HR,HR-West,Sugarcane,Kharif,0.66,Alluvial,586.2,Drip,64069,3,0,78.4,102444,38292,0.1939
FC-008345,UP,UP-Western,Mustard,Rabi,1.61,Alluvial,1027.1,Rainfed,154933,2,0,94.0,53580,2466,0.6206
FC-008346,PB,PB-Majha,Wheat,Rabi,0.35,ClayLoam,660.6,Tubewell,61307,1,0,66.1,40000,0,0.5067
FC-008347,AP,AP-Coastal,Wheat,Rabi,1.88,ClayLoam,1096.3,Tubewell,170404,2,0,79.4,117009,0,0.3153
FC-008348,MH,MH-Vidarbha,Groundnut,Kharif,0.22,Laterite,651.0,Rainfed,36775,0,0,79.5,40000,26645,0.3789
FC-008349,BR,BR-Gangetic,Rice,Rabi,0.78,Alluvial,1096.6,Rainfed,52145,3,0,71.5,40000,118307,0.7665
FC-008350,HR,HR-West,Wheat,Rabi,0.86,ClayLoam,664.7,Drip,55111,3,0,79.1,50069,12536,0.2431
FC-008351,TN,TN-West,Cotton,Kharif,0.37,Black,1076.5,Rainfed,69843,2,0,100.0,40000,2387,0.3857
FC-008352,KA,KA-North,Rice,Rabi,0.39,Laterite,527.8,Rainfed,67477,7,0,75.7,40000,47012,0.8856
FC-008353,KA,KA-Coastal,Sugarcane,Rabi,1.53,Black,880.1,Drip,133550,3,0,81.8,165730,36662,0.1536
FC-008354,GJ,GJ-South,Groundnut,Kharif,0.21,Sandy,621.5,Tubewell,46375,0,0,96.8,40000,82040,0.7912
FC-008355,UP,UP-Western,Wheat,Rabi,2.79,Black,752.8,Canal,167393,1,0,73.0,156018,49305,0.2551
FC-008356,MH,MH-Vidarbha,Wheat,Rabi,2.05,Black,1015.3,Rainfed,113742,1,0,40.6,105825,122905,0.5344
FC-008357,KA,KA-Coastal,Pulses,Rabi,0.9,Laterite,872.1,Drip,84393,1,0,86.6,40000,90841,0.6668
FC-008358,AP,AP-Rayalaseema,Groundnut,Kharif,0.58,Sandy,934.6,Rainfed,63741,1,0,74.3,47427,0,0.3426
FC-008359,KA,KA-North,Rice,Rabi,4.02,Red,1831.7,Canal,246546,5,0,75.1,294965,83747,0.2252
FC-008360,PB,PB-Majha,Wheat,Rabi,2.37,Alluvial,760.4,Canal,152115,1,0,72.7,123411,6713,0.2552
FC-008361,UP,UP-Central,Maize,Kharif,0.72,Red,1181.2,Drip,89121,4,0,88.1,40000,41407,0.4722
FC-008362,AP,AP-Coastal,Sugarcane,Kharif,1.77,ClayLoam,878.5,Rainfed,228652,3,0,58.2,299155,5998,0.2603
FC-008363,TG,TG-North,Cotton,Kharif,0.52,Black,650.6,Rainfed,75333,2,0,77.9,40000,18335,0.6156
FC-008364,MP,MP-Malwa,Soybean,Kharif,1.92,Black,689.8,Rainfed,109570,0,0,79.9,51744,3659,0.5169
FC-008365,HR,HR-West,Wheat,Rabi,0.7,ClayLoam,451.4,Rainfed,56542,1,0,70.6,40000,6345,0.5793
FC-008366,MH,MH-Vidarbha,Wheat,Rabi,1.46,Sandy,725.8,Canal,100939,4,0,82.0,88915,0,0.2677
FC-008367,RJ,RJ-Marwar,Soybean,Kharif,0.37,Sandy,265.9,Tubewell,74245,3,0,70.0,40000,7452,0.7006
FC-008368,RJ,RJ-Hadoti,Millet,Kharif,1.38,Sandy,308.5,Rainfed,96174,3,1,39.9,40000,52758,0.8548
FC-008369,UP,UP-Eastern,Mustard,Rabi,3.32,Alluvial,1369.6,Canal,298749,3,1,37.8,162235,358698,0.8567
FC-008370,MH,MH-Marathwada,Sugarcane,Kharif,0.61,ClayLoam,509.5,Canal,51357,0,0,68.1,70906,46118,0.4537
FC-008371,MP,MP-Malwa,Pulses,Rabi,0.51,Alluvial,827.1,Rainfed,82619,1,0,85.0,40000,11164,0.4985
FC-008372,TG,TG-Central,Rice,Kharif,1.82,Red,1051.2,Tubewell,151287,4,0,85.8,101846,0,0.2391
FC-008373,KA,KA-North,Cotton,Kharif,0.81,Red,902.6,Rainfed,75424,1,0,35.3,55357,119668,0.9086
FC-008374,KA,KA-Coastal,Pulses,Rabi,1.18,Red,1057.0,Tubewell,65558,1,0,82.2,51721,29917,0.2721
FC-008375,KA,KA-Central,Pulses,Kharif,2.66,Black,766.8,Drip,139490,2,0,89.7,90546,19819,0.1691
FC-008376,AP,AP-Upland,Cotton,Kharif,2.89,Black,1137.5,Tubewell,170891,2,0,68.3,202087,13814,0.21
FC-008377,MH,MH-Vidarbha,Rice,Rabi,1.09,Black,741.4,Drip,64675,1,0,74.1,49147,44963,0.3838
FC-008378,HR,HR-West,Pulses,Rabi,1.43,Alluvial,282.7,Rainfed,111093,3,0,63.9,40000,38783,0.6456
FC-008379,MP,MP-Chambal,Soybean,Kharif,0.94,Black,745.4,Drip,62355,1,0,94.5,40000,0,0.3264
FC-008380,UP,UP-Central,Sugarcane,Kharif,0.79,Laterite,871.6,Canal,85921,0,0,77.7,152168,10798,0.1091
FC-008381,HR,HR-East,Wheat,Rabi,1.29,Alluvial,428.4,Rainfed,124951,2,0,85.1,88998,14988,0.3025
FC-008382,HR,HR-East,Rice,Rabi,2.45,Alluvial,447.5,Drip,245544,2,0,90.8,222124,23434,0.2264
FC-008383,MH,MH-Marathwada,Soybean,Kharif,0.63,ClayLoam,732.9,Rainfed,74730,1,0,69.1,40000,34847,0.781
FC-008384,UP,UP-Western,Mustard,Rabi,1.02,Alluvial,1051.9,Rainfed,65529,7,0,75.0,58020,18705,0.2576
FC-008385,UP,UP-Western,Wheat,Rabi,2.9,Alluvial,979.6,Canal,243562,2,0,64.1,112714,5218,0.3764
FC-008386,AP,AP-Coastal,Maize,Kharif,0.94,Alluvial,1028.7,Tubewell,67207,3,0,83.2,40000,30969,0.2675
FC-008387,AP,AP-Upland,Rice,Kharif,2.64,Red,789.7,Rainfed,209439,4,0,64.7,117038,5064,0.7338
FC-008388,PB,PB-Malwa,Wheat,Rabi,0.38,Alluvial,530.5,Canal,56292,0,0,68.7,40000,9751,0.3291
FC-008389,KA,KA-Coastal,Millet,Kharif,0.29,Red,1038.8,Rainfed,36131,2,0,78.4,40000,0,0.1901
FC-008390,BR,BR-South,Rice,Rabi,1.76,Alluvial,1010.6,Tubewell,96000,2,0,71.1,128611,19175,0.2281
FC-008391,AP,AP-Coastal,Rice,Rabi,1.66,Black,739.2,Drip,145898,2,0,94.3,144141,47717,0.3405
FC-008392,MH,MH-Vidarbha,Sugarcane,Rabi,1.39,Red,1089.3,Rainfed,210803,4,0,100.0,291884,0,0.1258
FC-008393,TG,TG-South,Rice,Rabi,0.49,Black,667.2,Canal,52943,4,0,99.8,40000,58241,0.6683
FC-008394,MH,MH-Vidarbha,Wheat,Rabi,1.53,Laterite,1348.8,Tubewell,165411,3,0,76.4,103811,0,0.2659
FC-008395,KA,KA-Central,Millet,Kharif,3.77,Alluvial,1250.9,Tubewell,185346,2,0,95.4,52923,36192,0.7521
FC-008396,PB,PB-Doaba,Rice,Rabi,1.07,Alluvial,782.3,Tubewell,116988,4,0,70.5,57134,97734,0.5902
FC-008397,MH,MH-Marathwada,Rice,Rabi,1.25,Black,895.5,Tubewell,89842,5,0,100.0,63583,30952,0.1819
FC-008398,RJ,RJ-Mewar,Groundnut,Rabi,1.19,Black,651.6,Tubewell,120039,0,0,61.8,72799,122102,0.5604
FC-008399,PB,PB-Malwa,Pulses,Kharif,0.83,Alluvial,441.5,Tubewell,54433,3,0,77.1,40000,35560,0.3235
FC-008400,GJ,GJ-Saurashtra,Cotton,Kharif,2.26,ClayLoam,760.4,Canal,150932,3,0,62.5,187917,241088,0.18
FC-008401,MH,MH-Vidarbha,Groundnut,Kharif,1.76,Black,889.2,Rainfed,165653,6,0,57.0,123127,65313,0.3294
FC-008402,PB,PB-Doaba,Rice,Rabi,0.51,Black,462.1,Drip,82539,2,1,40.5,40000,144876,0.8743
FC-008403,MP,MP-Malwa,Cotton,Kharif,0.5,Black,775.2,Canal,65162,2,0,78.1,43916,26662,0.4597
FC-008404,TN,TN-North,Sugarcane,Rabi,2.35,Red,567.1,Tubewell,282759,1,0,43.1,324153,52611,0.5953
FC-008405,RJ,RJ-Shekhawati,Millet,Kharif,1.19,ClayLoam,360.6,Rainfed,96122,4,0,63.3,40000,13994,0.6211
FC-008406,MP,MP-Mahakoshal,Pulses,Rabi,0.96,Black,1170.2,Canal,71144,2,0,95.2,40000,0,0.3511
FC-008407,BR,BR-South,Maize,Kharif,1.15,Alluvial,811.0,Rainfed,73004,2,0,80.5,40000,16002,0.574
FC-008408,RJ,RJ-Hadoti,Millet,Kharif,1.99,Sandy,548.9,Canal,121227,5,0,76.6,42412,10855,0.5309
FC-008409,UP,UP-Eastern,Rice,Kharif,0.92,Alluvial,870.8,Rainfed,72132,1,0,87.9,68043,32115,0.3521
FC-008410,GJ,GJ-Saurashtra,Wheat,Rabi,1.91,Black,1089.0,Rainfed,136385,4,0,69.2,81372,2442,0.2531
FC-008411,KA,KA-North,Rice,Rabi,0.62,Red,878.2,Canal,70563,2,0,56.1,40000,22432,0.5057
FC-008412,MP,MP-Malwa,Soybean,Kharif,1.69,Red,597.5,Tubewell,153210,0,0,57.6,57544,0,0.6475
FC-008413,BR,BR-North,Rice,Kharif,2.24,Alluvial,903.4,Rainfed,161877,1,0,96.1,180963,6296,0.1888
FC-008414,AP,AP-Coastal,Maize,Kharif,0.26,Black,985.7,Rainfed,57802,2,0,85.9,40000,3837,0.2472
FC-008415,BR,BR-Gangetic,Mustard,Rabi,1.81,Alluvial,974.6,Rainfed,105411,1,0,96.2,64091,45400,0.375
FC-008416,TG,TG-South,Soybean,Kharif,1.53,ClayLoam,1082.4,Canal,132855,3,0,94.2,65831,10212,0.3247
FC-008417,UP,UP-Central,Sugarcane,Rabi,0.32,Alluvial,800.3,Rainfed,55275,1,0,88.1,44165,51990,0.6422
FC-008418,UP,UP-Eastern,Rice,Kharif,0.5,Alluvial,955.2,Tubewell,82541,1,0,67.0,40000,89677,0.8107
FC-008419,UP,UP-Eastern,Wheat,Rabi,1.06,Red,655.2,Tubewell,104892,3,0,73.1,50633,51789,0.7367
FC-008420,BR,BR-South,Maize,Rabi,2.31,Alluvial,1219.1,Tubewell,128633,3,0,79.3,138104,20577,0.1981
FC-008421,KA,KA-Central,Maize,Rabi,0.82,ClayLoam,546.0,Tubewell,85218,1,0,85.0,40000,0,0.5671
FC-008422,TG,TG-Central,Sugarcane,Kharif,0.73,Red,675.4,Rainfed,60700,4,0,84.3,109206,14448,0.2882
FC-008423,PB,PB-Malwa,Wheat,Rabi,1.88,Alluvial,717.1,Rainfed,162335,2,0,64.5,97323,22992,0.4239
FC-008424,MP,MP-Bundelkhand,Rice,Kharif,0.32,Red,773.5,Rainfed,60206,1,0,71.1,40000,213895,0.9436
FC-008425,HR,HR-South,Cotton,Kharif,0.6,Alluvial,532.6,Rainfed,64387,2,0,66.1,40000,82589,0.7984
FC-008426,BR,BR-South,Wheat,Rabi,1.94,ClayLoam,1273.4,Canal,160353,2,0,66.5,111108,16284,0.325
FC-008427,BR,BR-North,Rice,Kharif,0.98,Alluvial,882.8,Rainfed,79878,2,0,64.0,47684,0,0.6261
FC-008428,AP,AP-Upland,Groundnut,Rabi,1.19,Red,1307.0,Rainfed,120684,1,0,66.6,40192,0,0.5963
FC-008429,MH,MH-Marathwada,Cotton,Kharif,0.49,Alluvial,1142.7,Canal,72515,2,0,70.6,48055,19602,0.5374
FC-008430,MP,MP-Malwa,Soybean,Kharif,0.46,Black,803.4,Canal,72217,3,0,85.8,40000,30837,0.6623
FC-008431,MP,MP-Mahakoshal,Soybean,Kharif,0.98,Red,1139.8,Drip,111638,1,0,60.0,40000,81019,0.7785
FC-008432,UP,UP-Bundelkhand,Wheat,Rabi,0.53,Alluvial,751.9,Drip,45633,1,0,79.8,43476,19550,0.2003
FC-008433,TG,TG-Central,Rice,Rabi,0.29,Red,767.2,Tubewell,59585,2,1,84.6,40000,49282,0.8301
FC-008434,PB,PB-Doaba,Rice,Kharif,1.61,Alluvial,796.1,Tubewell,162696,5,0,68.6,108232,74945,0.351
FC-008435,RJ,RJ-Marwar,Millet,Kharif,0.63,Sandy,480.9,Rainfed,88342,4,0,49.6,40000,5009,0.5625
FC-008436,PB,PB-Malwa,Sugarcane,Kharif,1.59,Alluvial,696.9,Tubewell,142840,2,0,73.9,190780,12641,0.1108
FC-008437,TG,TG-South,Rice,Kharif,0.48,ClayLoam,999.7,Rainfed,51666,5,0,100.0,40000,0,0.204
FC-008438,MP,MP-Chambal,Mustard,Rabi,0.99,Red,1025.6,Tubewell,83575,1,0,100.0,41699,32082,0.3163
FC-008439,PB,PB-Majha,Rice,Rabi,1.5,Alluvial,673.5,Rainfed,129181,1,0,88.2,109937,9813,0.1912
FC-008440,AP,AP-Rayalaseema,Sugarcane,Rabi,1.79,Black,669.0,Tubewell,230999,2,0,100.0,333403,14296,0.1067
FC-008441,TG,TG-South,Maize,Kharif,0.62,Black,876.4,Canal,80015,1,0,81.9,40000,10219,0.4845
FC-008442,MH,MH-Western,Cotton,Kharif,2.18,Black,726.8,Canal,142352,1,0,61.9,200072,52709,0.3249
FC-008443,GJ,GJ-South,Rice,Kharif,0.9,Alluvial,394.3,Canal,93972,0,0,46.8,41716,29951,0.8495
FC-008444,KA,KA-Central,Millet,Kharif,0.67,Black,1558.0,Rainfed,83148,3,0,100.0,40000,91021,0.6285
FC-008445,UP,UP-Bundelkhand,Soybean,Kharif,0.23,Black,908.6,Rainfed,49324,2,0,60.8,40000,9059,0.5631
FC-008446,UP,UP-Central,Wheat,Rabi,5.0,Alluvial,692.3,Tubewell,323221,0,0,100.0,320422,79834,0.1745
FC-008447,UP,UP-Central,Mustard,Rabi,4.39,ClayLoam,701.0,Drip,239394,3,0,85.7,242221,11730,0.1819
FC-008448,KA,KA-South,Groundnut,Kharif,1.08,Alluvial,983.1,Rainfed,70489,2,0,92.3,73067,45359,0.2636
FC-008449,PB,PB-Doaba,Wheat,Rabi,0.64,Alluvial,632.3,Tubewell,56233,1,0,67.9,40000,4726,0.5173
FC-008450,PB,PB-Doaba,Rice,Rabi,2.83,Red,624.6,Canal,256572,3,0,79.6,140616,12814,0.2599
FC-008451,RJ,RJ-Shekhawati,Mustard,Rabi,0.63,ClayLoam,473.7,Tubewell,70061,1,0,98.1,40000,21895,0.2721
FC-008452,UP,UP-Central,Pulses,Rabi,1.67,Alluvial,995.0,Rainfed,80952,2,0,57.6,61343,6000,0.2924
FC-008453,PB,PB-Doaba,Wheat,Rabi,2.92,Alluvial,641.8,Canal,281190,1,0,86.0,155160,80083,0.4118
FC-008454,RJ,RJ-Mewar,Mustard,Rabi,1.61,Alluvial,554.4,Tubewell,149394,2,0,69.2,64258,12427,0.5489
FC-008455,GJ,GJ-South,Rice,Rabi,1.03,Black,842.4,Drip,67813,0,0,64.1,66953,157262,0.6224
FC-008456,HR,HR-West,Rice,Kharif,0.66,Alluvial,525.6,Rainfed,54111,1,0,65.3,40000,19036,0.5208
FC-008457,RJ,RJ-Hadoti,Wheat,Rabi,0.26,Sandy,327.2,Rainfed,53587,0,0,53.0,40000,21206,0.6699
FC-008458,PB,PB-Doaba,Mustard,Rabi,1.39,Alluvial,710.0,Drip,144741,1,0,60.1,62616,0,0.5519
FC-008459,HR,HR-South,Wheat,Rabi,1.19,Alluvial,599.6,Tubewell,110592,1,0,88.1,59179,47062,0.4339
FC-008460,UP,UP-Eastern,Maize,Kharif,0.78,ClayLoam,748.6,Tubewell,72974,1,0,83.9,40000,8484,0.3783
FC-008461,BR,BR-South,Rice,Rabi,1.47,Alluvial,1094.7,Canal,80704,2,0,75.8,90460,178854,0.5976
FC-008462,RJ,RJ-Marwar,Millet,Kharif,0.86,Sandy,269.4,Tubewell,85511,1,0,65.5,40000,233419,0.7757
FC-008463,MP,MP-Malwa,Pulses,Kharif,0.92,Red,956.5,Tubewell,96649,5,0,51.9,40000,9238,0.4732
FC-008464,BR,BR-Gangetic,Rice,Kharif,0.66,Black,1419.1,Rainfed,53215,3,0,59.1,40000,400000,0.8873
FC-008465,RJ,RJ-Shekhawati,Wheat,Rabi,1.4,Sandy,522.6,Tubewell,123896,0,0,55.1,82595,7573,0.3603
FC-008466,BR,BR-North,Rice,Kharif,3.19,Alluvial,1259.4,Rainfed,162423,3,0,78.9,186273,49510,0.1967
FC-008467,AP,AP-Rayalaseema,Rice,Kharif,3.42,Alluvial,1145.5,Canal,182055,3,0,83.9,204258,68891,0.0912
FC-008468,BR,BR-North,Wheat,Rabi,1.61,Alluvial,1376.6,Drip,140645,0,0,80.4,109788,10612,0.1783
FC-008469,HR,HR-West,Wheat,Rabi,4.92,Sandy,707.3,Tubewell,404656,3,0,86.3,176384,45586,0.2906
FC-008470,UP,UP-Central,Rice,Kharif,0.86,Red,1043.2,Rainfed,71396,1,0,38.5,40000,30271,0.6875
FC-008471,TN,TN-West,Maize,Kharif,1.63,Alluvial,1212.3,Tubewell,161980,3,0,63.7,68162,85280,0.6662
FC-008472,AP,AP-Rayalaseema,Millet,Kharif,1.47,Red,1279.2,Tubewell,110455,8,0,82.4,40000,0,0.2985
FC-008473,KA,KA-North,Rice,Rabi,0.69,Laterite,1939.4,Canal,66660,3,0,90.2,40000,12751,0.2002
FC-008474,GJ,GJ-North,Groundnut,Rabi,0.82,Sandy,515.1,Canal,71653,1,0,82.8,42909,26422,0.4875
FC-008475,BR,BR-North,Maize,Rabi,0.62,ClayLoam,1015.6,Tubewell,64918,0,0,98.0,40000,18264,0.346
FC-008476,HR,HR-East,Wheat,Rabi,2.11,Alluvial,484.7,Tubewell,127050,0,0,100.0,135447,0,0.1882
FC-008477,HR,HR-South,Wheat,Rabi,1.11,Alluvial,507.2,Tubewell,89893,1,0,66.4,46954,106584,0.8213
FC-008478,PB,PB-Majha,Wheat,Rabi,0.36,Alluvial,677.1,Canal,69798,1,0,88.4,40000,19746,0.5111
FC-008479,MP,MP-Chambal,Pulses,Kharif,0.51,ClayLoam,1262.1,Rainfed,68639,4,0,74.9,40000,25489,0.5733
FC-008480,MH,MH-Western,Soybean,Kharif,0.47,ClayLoam,1269.0,Rainfed,58658,3,0,61.1,40000,18804,0.2504
FC-008481,TG,TG-Central,Rice,Rabi,3.91,Black,1136.0,Tubewell,337899,3,0,85.8,226228,32857,0.1882
FC-008482,MH,MH-Konkan,Sugarcane,Rabi,1.5,Sandy,1022.2,Canal,219156,1,0,87.5,239847,0,0.1703
FC-008483,RJ,RJ-Mewar,Millet,Kharif,2.15,Black,708.8,Canal,158637,2,0,82.2,41150,11376,0.8244
FC-008484,MH,MH-Western,Soybean,Kharif,1.19,Sandy,1005.9,Drip,94920,4,0,67.6,46311,33566,0.582
FC-008485,UP,UP-Eastern,Maize,Rabi,1.28,Alluvial,1142.4,Drip,106259,2,0,46.2,71146,0,0.2885
FC-008486,TN,TN-West,Pulses,Kharif,2.86,Alluvial,1020.5,Drip,213748,0,0,50.8,83557,0,0.5177
FC-008487,RJ,RJ-Hadoti,Pulses,Rabi,2.75,Red,250.0,Rainfed,159082,0,0,82.1,59954,14092,0.5152
FC-008488,HR,HR-South,Cotton,Kharif,0.38,Sandy,560.9,Rainfed,66850,1,0,100.0,40000,14836,0.3745
FC-008489,MP,MP-Mahakoshal,Soybean,Kharif,0.75,Black,1152.2,Rainfed,54178,0,0,75.7,40000,3099,0.1773
FC-008490,MP,MP-Mahakoshal,Pulses,Kharif,1.19,ClayLoam,958.8,Canal,124800,1,1,50.1,52007,119894,0.7876
FC-008491,UP,UP-Western,Rice,Rabi,0.73,ClayLoam,963.5,Tubewell,96169,1,0,70.3,48037,6802,0.3905
FC-008492,GJ,GJ-Saurashtra,Pulses,Kharif,1.52,Alluvial,864.9,Tubewell,143976,3,1,28.4,44729,28010,0.7837
FC-008493,MH,MH-Konkan,Rice,Rabi,2.39,Alluvial,1166.8,Canal,227368,2,0,71.0,123116,35858,0.3344
FC-008494,BR,BR-North,Pulses,Rabi,1.61,ClayLoam,1055.3,Canal,142418,2,1,44.8,54959,98749,0.8847
FC-008495,UP,UP-Western,Pulses,Kharif,8.28,Alluvial,720.2,Tubewell,398346,2,0,74.8,424806,0,0.1827
FC-008496,MH,MH-Marathwada,Soybean,Kharif,1.96,Alluvial,762.4,Drip,103329,1,0,77.1,57072,21138,0.3233
FC-008497,UP,UP-Bundelkhand,Wheat,Rabi,0.89,Black,768.5,Rainfed,73326,3,0,56.8,50352,395646,0.863
FC-008498,RJ,RJ-Hadoti,Mustard,Rabi,2.01,Sandy,250.0,Tubewell,128315,0,0,82.0,76984,22251,0.4397
FC-008499,UP,UP-Western,Rice,Kharif,1.16,Alluvial,1069.4,Rainfed,96523,6,0,100.0,97857,19384,0.2293
FC-008500,UP,UP-Eastern,Rice,Kharif,0.5,Red,1177.7,Drip,69834,0,0,71.6,40000,29025,0.4921
FC-008501,PB,PB-Doaba,Wheat,Rabi,3.14,Alluvial,581.4,Tubewell,249833,0,0,70.1,239777,20840,0.2105
FC-008502,PB,PB-Majha,Cotton,Kharif,2.39,Alluvial,678.5,Rainfed,130118,1,0,72.1,82713,15826,0.2213
FC-008503,UP,UP-Bundelkhand,Sugarcane,Rabi,0.73,Alluvial,846.4,Tubewell,138465,2,0,81.9,150808,68022,0.3116
FC-008504,BR,BR-North,Maize,Kharif,1.64,Alluvial,1219.1,Tubewell,111072,3,0,65.3,44951,8286,0.6685
FC-008505,TG,TG-Central,Rice,Kharif,0.78,Red,1054.4,Rainfed,54972,2,0,98.2,40000,2615,0.2977
FC-008506,MH,MH-Konkan,Wheat,Rabi,0.41,Alluvial,856.2,Tubewell,76654,0,0,78.1,40000,0,0.5702
FC-008507,GJ,GJ-North,Cotton,Kharif,0.93,Sandy,914.7,Drip,70218,0,0,64.2,105394,4169,0.2103
FC-008508,PB,PB-Majha,Wheat,Rabi,1.03,Alluvial,653.6,Tubewell,82047,0,0,68.0,55042,86104,0.6218
FC-008509,UP,UP-Western,Groundnut,Rabi,1.2,Alluvial,1001.7,Tubewell,103174,2,1,36.7,40000,56843,0.8792
FC-008510,MP,MP-Bundelkhand,Soybean,Kharif,0.3,Black,881.1,Drip,62329,3,1,40.8,40000,53384,0.8448
FC-008511,MH,MH-Vidarbha,Rice,Kharif,2.61,Black,806.7,Rainfed,254374,2,0,78.9,173141,65506,0.6451
FC-008512,BR,BR-South,Pulses,Kharif,1.7,Alluvial,1037.2,Canal,136758,2,0,90.4,49852,193493,0.5792
FC-008513,KA,KA-Coastal,Pulses,Kharif,2.84,Red,1686.3,Canal,185320,2,0,74.8,140358,41521,0.2276
FC-008514,RJ,RJ-Marwar,Millet,Kharif,1.1,Sandy,250.0,Tubewell,99881,2,0,42.5,40000,40659,0.7799
FC-008515,AP,AP-Coastal,Groundnut,Rabi,0.22,ClayLoam,966.9,Tubewell,54196,6,1,63.4,40000,110978,0.9292
FC-008516,UP,UP-Bundelkhand,Sugarcane,Kharif,1.56,Alluvial,769.0,Rainfed,149691,2,0,92.8,249784,23305,0.3085
FC-008517,BR,BR-North,Pulses,Rabi,2.31,ClayLoam,1269.4,Drip,124663,0,0,78.8,96976,27898,0.2575
FC-008518,HR,HR-West,Wheat,Rabi,2.04,Alluvial,490.4,Tubewell,202478,2,0,81.0,119289,0,0.4661
FC-008519,MP,MP-Bundelkhand,Wheat,Rabi,0.75,Alluvial,783.9,Drip,79121,2,0,77.9,67665,0,0.3006
FC-008520,TG,TG-Central,Cotton,Kharif,1.0,Red,778.2,Drip,113022,4,0,57.0,78766,0,0.1679
FC-008521,RJ,RJ-Mewar,Pulses,Kharif,2.1,Sandy,389.1,Tubewell,142102,1,0,82.9,116405,21494,0.2317
FC-008522,KA,KA-North,Rice,Kharif,1.76,Red,1196.1,Rainfed,149304,5,0,80.3,87301,19813,0.3807
FC-008523,HR,HR-South,Mustard,Rabi,1.23,Black,572.3,Tubewell,65067,0,0,80.1,48662,53195,0.2844
FC-008524,UP,UP-Central,Rice,Rabi,1.34,ClayLoam,1304.5,Drip,150559,2,0,54.3,90602,11021,0.1678
FC-008525,RJ,RJ-Shekhawati,Millet,Kharif,0.73,Laterite,641.2,Canal,90738,2,0,67.7,40000,5101,0.4928
FC-008526,AP,AP-Coastal,Groundnut,Kharif,1.26,ClayLoam,856.9,Rainfed,89281,4,0,100.0,67119,91722,0.3108
FC-008527,BR,BR-North,Maize,Rabi,0.5,Alluvial,1147.7,Tubewell,82614,1,0,62.8,40000,0,0.5158
FC-008528,HR,HR-West,Cotton,Kharif,1.78,Red,622.5,Canal,97501,1,0,66.9,108284,45392,0.2379
FC-008529,TG,TG-North,Maize,Rabi,0.96,Red,1039.7,Drip,56484,0,0,80.3,49356,7621,0.1487
FC-008530,RJ,RJ-Mewar,Wheat,Rabi,2.67,Sandy,255.8,Canal,141563,3,0,80.2,161941,30979,0.1819
FC-008531,GJ,GJ-Saurashtra,Cotton,Kharif,0.38,ClayLoam,787.6,Tubewell,51480,1,0,78.0,40000,0,0.2163
FC-008532,PB,PB-Doaba,Cotton,Kharif,0.5,Alluvial,496.1,Tubewell,66326,3,0,85.1,40000,0,0.3801
FC-008533,KA,KA-North,Sugarcane,Rabi,4.97,Black,982.8,Rainfed,315718,2,0,100.0,624803,0,0.0948
FC-008534,BR,BR-North,Rice,Rabi,4.24,Alluvial,1310.7,Canal,306382,3,0,97.2,227503,204439,0.3608
FC-008535,UP,UP-Eastern,Pulses,Kharif,0.46,Alluvial,846.6,Rainfed,50220,6,0,50.0,40000,150654,0.7459
FC-008536,MP,MP-Malwa,Pulses,Rabi,2.81,Alluvial,866.8,Tubewell,126593,1,0,79.9,104534,30816,0.3025
FC-008537,KA,KA-South,Sugarcane,Rabi,0.51,Black,1336.6,Canal,91297,1,0,94.4,89856,0,0.2136
FC-008538,TG,TG-North,Cotton,Kharif,4.1,Red,871.5,Canal,200359,6,0,77.1,295676,14661,0.1186
FC-008539,UP,UP-Central,Wheat,Rabi,2.59,ClayLoam,800.5,Tubewell,234011,3,0,54.4,97288,20353,0.515
FC-008540,UP,UP-Central,Wheat,Rabi,0.53,ClayLoam,917.6,Rainfed,59515,3,0,78.8,40000,40201,0.5813
FC-008541,HR,HR-West,Pulses,Rabi,0.44,Alluvial,870.4,Canal,63688,2,0,42.0,40000,11884,0.6103
FC-008542,GJ,GJ-North,Groundnut,Rabi,1.2,Red,533.4,Rainfed,77187,2,0,66.0,54620,4706,0.2884
FC-008543,MH,MH-Konkan,Rice,Rabi,1.7,ClayLoam,1177.4,Rainfed,152628,4,0,68.0,137952,19590,0.1615
FC-008544,MH,MH-Vidarbha,Rice,Rabi,4.33,Black,968.5,Drip,188261,1,0,43.6,151698,15653,0.1396
FC-008545,TN,TN-North,Groundnut,Rabi,4.68,Red,1331.4,Tubewell,348950,6,0,74.9,394889,0,0.1325
FC-008546,KA,KA-South,Rice,Rabi,3.92,Laterite,1569.8,Tubewell,304761,2,0,76.2,169592,52868,0.4616
FC-008547,BR,BR-North,Rice,Rabi,1.36,Alluvial,1681.8,Rainfed,151337,1,0,100.0,99515,30441,0.2717
FC-008548,KA,KA-South,Cotton,Kharif,1.45,Red,1040.6,Rainfed,94986,0,0,42.9,159229,0,0.301
FC-008549,UP,UP-Bundelkhand,Wheat,Rabi,0.93,Sandy,1073.5,Drip,105488,3,0,65.4,45573,71322,0.6856
FC-008550,KA,KA-North,Sugarcane,Rabi,0.97,Red,1564.6,Rainfed,100068,3,0,46.3,150813,6638,0.2635
FC-008551,HR,HR-West,Wheat,Rabi,1.89,Alluvial,845.6,Tubewell,158569,1,0,92.8,129417,3125,0.2053
FC-008552,PB,PB-Doaba,Cotton,Kharif,2.74,Alluvial,652.7,Tubewell,182299,3,0,83.0,199326,66111,0.1996
FC-008553,PB,PB-Malwa,Wheat,Rabi,3.34,Black,770.6,Drip,217857,2,0,87.7,167578,2859,0.0974
FC-008554,MH,MH-Western,Rice,Rabi,0.87,Red,1129.7,Rainfed,99222,2,0,61.8,43998,6055,0.628
FC-008555,BR,BR-South,Maize,Kharif,0.95,Alluvial,1294.7,Rainfed,62769,1,0,58.1,54489,16117,0.3841
FC-008556,PB,PB-Majha,Wheat,Rabi,1.24,Alluvial,666.5,Drip,117277,3,0,68.0,100347,12568,0.2376
FC-008557,UP,UP-Bundelkhand,Wheat,Rabi,0.79,ClayLoam,800.8,Rainfed,96466,2,1,38.1,50856,304694,0.8582
FC-008558,UP,UP-Eastern,Wheat,Rabi,0.52,Alluvial,911.7,Canal,59306,4,0,95.3,54362,72809,0.3193
FC-008559,MP,MP-Bundelkhand,Soybean,Kharif,0.41,Red,856.1,Tubewell,38114,3,0,85.1,40000,17218,0.2569
FC-008560,MH,MH-Western,Rice,Rabi,0.72,Black,1137.5,Tubewell,49198,6,0,67.3,40000,0,0.296
FC-008561,BR,BR-South,Maize,Kharif,0.95,Alluvial,1032.9,Canal,106097,1,0,95.5,44455,28002,0.3735
FC-008562,KA,KA-South,Sugarcane,Rabi,0.97,Black,935.1,Rainfed,124263,2,0,55.8,163660,0,0.3539
FC-008563,AP,AP-Upland,Groundnut,Rabi,1.1,Red,933.9,Rainfed,67628,2,0,74.9,70202,8844,0.2026
FC-008564,UP,UP-Bundelkhand,Sugarcane,Rabi,1.17,Alluvial,773.7,Rainfed,112209,1,1,27.3,129745,220813,0.8571
FC-008565,MH,MH-Vidarbha,Pulses,Kharif,0.36,Red,977.1,Tubewell,70008,3,0,88.8,40000,21977,0.6186
FC-008566,RJ,RJ-Shekhawati,Soybean,Kharif,0.77,Red,566.9,Rainfed,70937,2,0,73.9,40000,27042,0.6953
FC-008567,BR,BR-Gangetic,Maize,Kharif,1.39,ClayLoam,1264.8,Drip,132235,1,0,93.9,92486,0,0.152
FC-008568,PB,PB-Majha,Wheat,Rabi,2.27,Alluvial,585.1,Drip,225779,2,0,81.5,183605,5246,0.1269
FC-008569,MP,MP-Mahakoshal,Wheat,Rabi,1.02,Black,799.5,Rainfed,86791,2,0,61.5,65079,31749,0.4793
FC-008570,BR,BR-Gangetic,Pulses,Kharif,1.18,Alluvial,870.1,Drip,103598,1,0,58.4,40000,98270,0.6762
FC-008571,TN,TN-Delta,Groundnut,Kharif,2.47,Red,848.7,Canal,238093,1,0,67.9,200797,3029,0.1933
FC-008572,MP,MP-Bundelkhand,Rice,Rabi,0.77,ClayLoam,882.3,Rainfed,65294,2,0,72.1,51200,7368,0.4867
FC-008573,KA,KA-Coastal,Sugarcane,Kharif,1.85,Laterite,1348.0,Canal,257596,2,0,79.7,311535,14912,0.1923
FC-008574,UP,UP-Western,Rice,Rabi,0.45,Alluvial,584.2,Tubewell,75579,5,0,67.3,40000,0,0.5777
FC-008575,MH,MH-Western,Sugarcane,Kharif,0.51,Black,1061.4,Rainfed,108004,3,0,86.8,115863,3244,0.2515
FC-008576,GJ,GJ-Central,Wheat,Rabi,1.87,Alluvial,928.2,Drip,117411,1,0,73.3,116697,1935,0.2063
FC-008577,GJ,GJ-North,Millet,Kharif,1.31,ClayLoam,743.5,Tubewell,102364,0,0,60.5,40000,35043,0.6835
FC-008578,UP,UP-Bundelkhand,Pulses,Kharif,0.75,Alluvial,1107.5,Canal,80941,3,0,67.9,40000,34503,0.5675
FC-008579,KA,KA-Central,Groundnut,Kharif,2.0,Black,1245.2,Rainfed,171193,2,0,91.0,102407,14998,0.3204
FC-008580,BR,BR-Gangetic,Maize,Kharif,2.19,Alluvial,1347.6,Rainfed,231428,4,0,76.5,159939,7270,0.3069
FC-008581,TG,TG-Central,Sugarcane,Kharif,0.52,Red,890.0,Canal,79491,1,0,53.1,40000,15069,0.4858
FC-008582,TG,TG-Central,Rice,Rabi,1.28,Red,812.1,Rainfed,120391,1,0,85.6,84849,55548,0.487
FC-008583,BR,BR-North,Soybean,Kharif,1.13,Alluvial,1371.3,Tubewell,121140,2,1,51.4,49229,98407,0.7776
FC-008584,TN,TN-West,Pulses,Kharif,1.27,Black,923.5,Rainfed,101430,1,1,52.4,40000,67598,0.895
FC-008585,KA,KA-Central,Rice,Kharif,3.04,Laterite,1538.7,Canal,264157,1,0,82.8,139164,15489,0.2702
FC-008586,BR,BR-North,Rice,Rabi,1.28,Alluvial,1685.9,Tubewell,147350,0,0,63.4,76570,4378,0.3818
FC-008587,PB,PB-Majha,Rice,Kharif,1.22,Alluvial,561.3,Tubewell,124123,1,0,53.7,57047,9004,0.5349
FC-008588,MP,MP-Malwa,Soybean,Kharif,2.42,ClayLoam,915.1,Drip,180984,3,0,64.4,86765,19090,0.5446
FC-008589,RJ,RJ-Mewar,Pulses,Kharif,0.45,Alluvial,583.8,Tubewell,46272,1,0,100.0,40000,25653,0.1367
FC-008590,HR,HR-East,Wheat,Rabi,0.73,Alluvial,426.1,Rainfed,72970,0,0,86.9,40819,16246,0.5795
FC-008591,MP,MP-Bundelkhand,Rice,Rabi,0.49,ClayLoam,1048.5,Rainfed,54947,1,0,79.9,40000,30150,0.2945
FC-008592,PB,PB-Doaba,Cotton,Kharif,1.5,Alluvial,369.5,Tubewell,76017,2,0,82.4,54647,8671,0.3254
FC-008593,AP,AP-Coastal,Rice,Kharif,1.13,Red,895.1,Tubewell,129283,1,0,68.0,54349,46225,0.6484
FC-008594,BR,BR-South,Rice,Kharif,0.51,Alluvial,1319.9,Rainfed,78884,3,0,65.6,40000,56230,0.6965
FC-008595,TN,TN-North,Rice,Rabi,2.05,Alluvial,963.9,Canal,208867,0,0,82.8,149388,16483,0.2237
FC-008596,KA,KA-Central,Sugarcane,Kharif,0.79,ClayLoam,1562.9,Canal,117804,1,0,78.7,152682,17448,0.1676
FC-008597,TN,TN-Delta,Millet,Kharif,0.61,ClayLoam,903.5,Tubewell,66704,2,0,47.9,40000,69992,0.743
FC-008598,KA,KA-Central,Groundnut,Rabi,2.67,Laterite,1089.5,Canal,155140,1,0,88.6,134168,0,0.1594
FC-008599,TG,TG-South,Maize,Rabi,1.17,Red,1080.6,Rainfed,100337,1,0,86.2,58393,69245,0.3829
FC-008600,BR,BR-Gangetic,Mustard,Rabi,0.83,Alluvial,1177.5,Canal,56657,6,0,100.0,43561,5078,0.205
FC-008601,PB,PB-Malwa,Pulses,Kharif,3.01,Alluvial,496.6,Canal,192501,1,0,54.8,83122,3687,0.5077
FC-008602,UP,UP-Central,Groundnut,Rabi,0.56,Alluvial,1013.2,Canal,50724,2,0,70.3,40000,161061,0.7533
FC-008603,HR,HR-East,Rice,Kharif,1.22,Sandy,699.1,Tubewell,84720,3,0,87.0,62976,6192,0.2587
FC-008604,MP,MP-Bundelkhand,Wheat,Rabi,3.47,Sandy,1054.4,Drip,266454,1,0,55.7,182282,234332,0.5524
FC-008605,BR,BR-South,Rice,Kharif,1.3,Alluvial,1277.6,Canal,106302,2,0,65.8,109995,2224,0.1188
FC-008606,PB,PB-Doaba,Rice,Rabi,1.88,Alluvial,710.7,Canal,164393,1,0,61.4,80729,8003,0.5241
FC-008607,UP,UP-Eastern,Rice,Rabi,1.08,Sandy,987.5,Tubewell,95427,0,0,70.4,66644,68197,0.3086
FC-008608,BR,BR-Gangetic,Rice,Kharif,1.43,ClayLoam,1208.9,Rainfed,123115,2,0,84.8,160208,20656,0.2169
FC-008609,AP,AP-Upland,Rice,Rabi,2.41,Red,1294.5,Drip,257145,1,0,63.9,180279,5991,0.2825
FC-008610,MH,MH-Marathwada,Pulses,Kharif,0.59,Black,845.9,Canal,53712,2,0,81.3,40000,0,0.2534
FC-008611,AP,AP-Upland,Cotton,Kharif,1.84,Sandy,1252.5,Canal,109182,1,0,71.0,158391,5009,0.1958
FC-008612,TG,TG-Central,Cotton,Kharif,0.67,Red,909.3,Canal,58609,1,0,91.3,63124,30141,0.1956
FC-008613,TN,TN-South,Rice,Kharif,1.49,ClayLoam,744.1,Tubewell,131015,4,1,36.9,107908,400000,0.9142
FC-008614,AP,AP-Rayalaseema,Rice,Rabi,1.32,Black,909.4,Canal,134299,3,0,77.6,65957,22476,0.3475
FC-008615,TG,TG-South,Rice,Kharif,1.36,Sandy,1215.0,Canal,115727,1,0,100.0,68930,0,0.2515
FC-008616,MH,MH-Western,Maize,Rabi,1.11,Black,801.1,Tubewell,117256,1,0,74.9,40833,11277,0.4991
FC-008617,MP,MP-Malwa,Pulses,Kharif,5.35,Black,757.6,Canal,241126,2,0,89.9,153716,0,0.1803
FC-008618,KA,KA-Central,Maize,Rabi,2.51,Red,1019.5,Drip,243211,0,0,66.1,177386,30001,0.1981
FC-008619,RJ,RJ-Marwar,Mustard,Rabi,1.54,Sandy,401.1,Tubewell,151739,2,0,87.7,83810,87987,0.5476
FC-008620,KA,KA-Central,Cotton,Kharif,0.75,Black,1384.1,Canal,80256,3,0,73.6,42178,59234,0.6486
FC-008621,MH,MH-Vidarbha,Pulses,Rabi,0.28,Black,452.5,Drip,68858,1,0,83.9,40000,10765,0.3621
FC-008622,TN,TN-South,Rice,Rabi,0.68,ClayLoam,814.4,Tubewell,67812,2,0,62.3,40000,11682,0.3152
FC-008623,TG,TG-Central,Millet,Kharif,0.96,Alluvial,894.6,Tubewell,90534,3,0,92.1,40000,70627,0.7488
FC-008624,TG,TG-Central,Cotton,Kharif,1.75,Red,1215.7,Canal,114123,6,0,58.2,120789,33258,0.2396
FC-008625,BR,BR-Gangetic,Wheat,Rabi,2.35,Alluvial,1409.6,Tubewell,157256,2,0,79.7,78735,41617,0.6038
FC-008626,AP,AP-Coastal,Cotton,Kharif,6.1,Red,924.6,Drip,398693,5,0,64.2,323971,22221,0.229
FC-008627,KA,KA-South,Groundnut,Rabi,1.07,Laterite,1013.3,Rainfed,100506,0,0,52.0,47777,16146,0.5362
FC-008628,BR,BR-Gangetic,Wheat,Rabi,0.68,Alluvial,1233.3,Rainfed,88491,1,0,64.0,49289,23155,0.5562
FC-008629,MH,MH-Konkan,Wheat,Rabi,0.46,Black,1396.2,Drip,44578,1,0,78.5,40000,12586,0.2142
FC-008630,MH,MH-Vidarbha,Wheat,Rabi,0.26,Alluvial,1071.8,Tubewell,50595,3,0,96.5,40000,27780,0.2368
FC-008631,AP,AP-Upland,Rice,Rabi,1.16,ClayLoam,935.9,Rainfed,76097,1,0,53.5,78974,0,0.3089
FC-008632,RJ,RJ-Marwar,Millet,Kharif,0.45,Alluvial,349.7,Tubewell,65409,1,0,100.0,40000,8003,0.3612
FC-008633,KA,KA-Coastal,Wheat,Rabi,0.57,Red,1455.0,Drip,83059,5,0,69.9,40000,31771,0.6048
FC-008634,RJ,RJ-Marwar,Pulses,Kharif,0.45,Sandy,250.0,Canal,70095,0,0,56.2,40000,40656,0.6706
FC-008635,GJ,GJ-North,Groundnut,Rabi,0.84,Black,826.9,Canal,68021,3,0,69.6,40597,5434,0.4265
FC-008636,UP,UP-Eastern,Sugarcane,Kharif,0.42,Alluvial,858.5,Rainfed,84017,0,0,86.7,87523,18985,0.3605
FC-008637,BR,BR-Gangetic,Rice,Rabi,0.49,Alluvial,1090.7,Rainfed,70887,2,0,72.5,40000,8744,0.684
FC-008638,UP,UP-Eastern,Pulses,Rabi,1.4,Alluvial,1032.0,Rainfed,72451,0,0,86.7,50091,0,0.225
FC-008639,MP,MP-Malwa,Rice,Rabi,1.12,Red,1067.7,Tubewell,70555,3,0,65.7,57811,10216,0.2172
FC-008640,RJ,RJ-Mewar,Groundnut,Kharif,1.51,Alluvial,283.4,Canal,129482,2,0,83.9,126237,34716,0.1781
FC-008641,HR,HR-South,Wheat,Rabi,0.47,Alluvial,519.2,Tubewell,49268,2,0,90.5,40000,156856,0.8054
FC-008642,GJ,GJ-North,Mustard,Rabi,3.01,Alluvial,699.4,Tubewell,162328,2,0,73.6,168498,75574,0.2517
FC-008643,PB,PB-Majha,Rice,Kharif,0.29,Alluvial,555.0,Rainfed,48733,1,0,74.6,40000,27369,0.5773
FC-008644,MH,MH-Western,Cotton,Kharif,0.56,Black,1112.2,Canal,66506,5,1,37.2,65126,230417,0.8941
FC-008645,BR,BR-Gangetic,Pulses,Rabi,2.03,ClayLoam,1538.9,Rainfed,118261,3,0,96.0,71326,79832,0.3567
FC-008646,MP,MP-Malwa,Wheat,Rabi,2.19,Alluvial,1112.6,Canal,158714,3,0,67.5,113683,25005,0.3381
FC-008647,RJ,RJ-Marwar,Millet,Kharif,0.8,ClayLoam,357.9,Canal,97750,1,0,77.5,40000,20477,0.4858
FC-008648,UP,UP-Bundelkhand,Sugarcane,Kharif,1.45,Alluvial,1265.0,Rainfed,164868,2,0,91.7,215928,22973,0.2693
FC-008649,UP,UP-Western,Mustard,Rabi,0.73,Alluvial,1186.0,Rainfed,82582,0,0,78.2,40000,9671,0.5704
FC-008650,AP,AP-Upland,Cotton,Kharif,0.89,Alluvial,1143.3,Tubewell,104200,0,0,100.0,69331,25579,0.3481
FC-008651,HR,HR-East,Mustard,Rabi,1.35,Alluvial,654.0,Tubewell,114206,2,0,74.6,57484,45577,0.5361
FC-008652,GJ,GJ-Saurashtra,Wheat,Rabi,0.63,Sandy,507.1,Canal,79205,1,0,74.2,40000,14194,0.5006
FC-008653,UP,UP-Western,Sugarcane,Rabi,0.2,Alluvial,817.2,Tubewell,48116,0,0,51.4,42015,28255,0.5329
FC-008654,MP,MP-Bundelkhand,Rice,Kharif,1.15,Red,1017.0,Drip,89968,1,0,69.8,71042,50025,0.3813
FC-008655,GJ,GJ-South,Cotton,Kharif,7.64,Alluvial,463.9,Rainfed,447728,3,0,67.5,312701,252657,0.796
FC-008656,GJ,GJ-Saurashtra,Groundnut,Rabi,0.68,Black,1186.8,Rainfed,50653,2,0,53.3,40000,7708,0.392
FC-008657,TG,TG-Central,Pulses,Kharif,0.56,Black,1373.7,Canal,62242,1,0,78.5,40000,53210,0.5032
FC-008658,MP,MP-Bundelkhand,Mustard,Rabi,1.81,Red,1330.8,Rainfed,126994,3,0,94.8,105015,13026,0.2029
FC-008659,KA,KA-South,Cotton,Kharif,1.29,Red,940.6,Drip,136634,2,0,79.1,74023,36999,0.4981
FC-008660,GJ,GJ-South,Mustard,Rabi,0.86,Alluvial,452.9,Canal,102470,3,0,61.8,56821,6255,0.5755
FC-008661,MP,MP-Malwa,Wheat,Rabi,0.63,Black,1026.0,Tubewell,86193,4,0,83.9,47137,42347,0.5081
FC-008662,MH,MH-Vidarbha,Maize,Rabi,3.17,Laterite,829.3,Tubewell,308108,2,0,84.1,188464,0,0.2751
FC-008663,UP,UP-Bundelkhand,Wheat,Rabi,2.37,Alluvial,1069.3,Rainfed,147789,1,0,69.0,150113,24912,0.271
FC-008664,MP,MP-Malwa,Maize,Rabi,1.03,Black,748.2,Rainfed,116925,5,1,32.7,40000,229485,0.9252
FC-008665,TG,TG-South,Sugarcane,Kharif,0.49,Red,576.8,Drip,72149,3,0,87.2,57926,28044,0.2338
FC-008666,MP,MP-Chambal,Pulses,Kharif,2.39,Alluvial,705.5,Canal,194907,2,0,59.4,70576,0,0.7345
FC-008667,BR,BR-Gangetic,Wheat,Rabi,0.56,Alluvial,1013.4,Canal,77159,6,0,96.8,41602,0,0.376
FC-008668,PB,PB-Malwa,Cotton,Kharif,0.34,Alluvial,699.8,Rainfed,64570,0,0,67.3,40000,17442,0.6613
FC-008669,MP,MP-Malwa,Pulses,Kharif,0.96,ClayLoam,923.6,Rainfed,61545,2,0,84.4,40000,18064,0.4251
FC-008670,AP,AP-Coastal,Millet,Kharif,2.18,Red,813.9,Tubewell,164989,1,1,58.3,40000,37511,0.7961
FC-008671,GJ,GJ-Central,Wheat,Rabi,0.46,Alluvial,1135.7,Canal,60700,5,0,67.6,40000,0,0.2277
FC-008672,TG,TG-Central,Maize,Kharif,0.97,Alluvial,859.3,Rainfed,63837,4,0,92.9,40000,0,0.383
FC-008673,MH,MH-Konkan,Rice,Kharif,5.34,Red,424.3,Drip,373369,0,0,73.7,302576,26594,0.3514
FC-008674,UP,UP-Central,Mustard,Rabi,1.07,Alluvial,967.9,Canal,63006,1,0,71.7,44122,48113,0.2965
FC-008675,UP,UP-Central,Maize,Rabi,0.58,Sandy,840.4,Tubewell,75945,4,0,76.1,40000,3638,0.437
FC-008676,RJ,RJ-Hadoti,Cotton,Kharif,1.31,Black,375.2,Drip,91088,0,0,47.2,99135,15501,0.1977
FC-008677,MP,MP-Mahakoshal,Wheat,Rabi,1.6,ClayLoam,900.9,Drip,90203,3,0,81.1,72839,22166,0.2519
FC-008678,UP,UP-Western,Wheat,Rabi,1.1,ClayLoam,984.1,Drip,78562,2,0,50.5,74729,14322,0.2617
FC-008679,TN,TN-South,Soybean,Kharif,1.15,Alluvial,1145.1,Canal,65447,3,0,61.2,46385,46221,0.4075
FC-008680,BR,BR-North,Wheat,Rabi,1.57,Alluvial,1574.4,Canal,92824,1,0,63.5,63834,0,0.4152
FC-008681,BR,BR-Gangetic,Pulses,Kharif,1.75,Alluvial,1410.8,Canal,139924,2,0,63.0,54718,48476,0.6476
FC-008682,AP,AP-Upland,Groundnut,Kharif,0.86,Red,877.6,Tubewell,69273,3,0,21.4,47064,2981,0.5941
FC-008683,BR,BR-Gangetic,Sugarcane,Kharif,0.71,Alluvial,1318.5,Tubewell,120478,2,0,100.0,131872,0,0.1423
FC-008684,MH,MH-Western,Sugarcane,Kharif,1.85,Black,1075.5,Canal,208348,1,0,66.9,294959,21428,0.1808
FC-008685,BR,BR-North,Pulses,Rabi,0.64,ClayLoam,1416.4,Tubewell,62037,3,0,80.9,40000,0,0.2405
FC-008686,PB,PB-Majha,Rice,Rabi,1.38,Alluvial,618.2,Tubewell,99814,4,0,50.4,73775,67734,0.55
FC-008687,MP,MP-Chambal,Rice,Kharif,2.37,Red,1181.5,Canal,189187,1,0,63.0,150682,234802,0.6277
FC-008688,MP,MP-Chambal,Wheat,Rabi,0.58,Black,868.8,Tubewell,51683,2,0,64.9,40000,27506,0.5555
FC-008689,UP,UP-Western,Wheat,Rabi,0.35,ClayLoam,1366.4,Canal,57913,1,0,98.8,40000,0,0.2319
FC-008690,UP,UP-Western,Wheat,Rabi,0.46,Alluvial,948.3,Canal,43778,3,0,92.1,40000,842,0.2503
FC-008691,MP,MP-Mahakoshal,Wheat,Rabi,1.22,Laterite,894.9,Tubewell,131502,3,0,82.0,92377,5416,0.3156
FC-008692,RJ,RJ-Hadoti,Mustard,Rabi,0.2,Sandy,404.2,Rainfed,46887,4,0,65.3,40000,4294,0.2917
FC-008693,GJ,GJ-North,Cotton,Kharif,0.74,Sandy,818.0,Rainfed,48114,5,0,97.4,40000,10138,0.2989
FC-008694,KA,KA-North,Sugarcane,Rabi,0.23,Red,1287.3,Canal,43014,1,0,73.7,40000,11452,0.2079
FC-008695,KA,KA-North,Sugarcane,Rabi,1.0,Red,1742.8,Rainfed,110726,2,0,89.7,102168,85080,0.2452
FC-008696,MH,MH-Konkan,Soybean,Kharif,0.94,Black,1320.5,Rainfed,71156,5,0,56.4,40000,60283,0.6585
FC-008697,BR,BR-Gangetic,Pulses,Rabi,0.76,Alluvial,1372.9,Drip,94972,1,0,52.7,40000,34953,0.7221
FC-008698,HR,HR-East,Rice,Kharif,2.26,Sandy,550.5,Tubewell,157461,3,0,65.6,126547,168618,0.4538
FC-008699,TG,TG-Central,Cotton,Kharif,0.89,ClayLoam,865.7,Rainfed,64255,4,0,94.2,72674,28202,0.1614
FC-008700,MP,MP-Bundelkhand,Soybean,Kharif,5.31,Red,1219.7,Tubewell,397900,2,0,69.0,248180,0,0.2757
FC-008701,MH,MH-Vidarbha,Pulses,Rabi,4.63,Sandy,1078.7,Tubewell,209409,3,1,54.5,42787,24611,0.8874
FC-008702,MP,MP-Bundelkhand,Rice,Rabi,1.41,Black,1085.4,Canal,89598,3,0,92.6,77958,0,0.0882
FC-008703,MH,MH-Konkan,Soybean,Kharif,1.41,ClayLoam,1140.3,Tubewell,110211,2,0,54.3,79932,0,0.1765
FC-008704,RJ,RJ-Marwar,Pulses,Rabi,0.36,Sandy,425.2,Canal,48456,4,1,36.4,40000,155834,0.8625
FC-008705,KA,KA-Coastal,Rice,Rabi,2.6,Red,1325.2,Canal,182951,2,0,87.6,98007,29574,0.3629
FC-008706,MP,MP-Malwa,Soybean,Kharif,1.79,Sandy,1092.8,Tubewell,151802,2,0,97.8,58827,7951,0.4121
FC-008707,GJ,GJ-Saurashtra,Millet,Kharif,0.37,Black,951.2,Canal,58828,2,0,66.1,40000,14613,0.4726
FC-008708,BR,BR-South,Rice,Kharif,0.47,Alluvial,1375.0,Drip,43968,2,0,56.5,40000,122207,0.8475
FC-008709,MH,MH-Western,Sugarcane,Kharif,0.56,Black,1021.8,Rainfed,52654,1,0,88.4,92224,0,0.1916
FC-008710,RJ,RJ-Mewar,Millet,Kharif,2.68,Sandy,560.0,Canal,129382,2,0,82.4,77063,19692,0.294
FC-008711,UP,UP-Eastern,Sugarcane,Kharif,1.51,Alluvial,1072.9,Tubewell,150062,3,0,63.8,232188,0,0.2131
FC-008712,TN,TN-North,Rice,Rabi,0.77,ClayLoam,1117.8,Drip,51375,3,0,100.0,40000,25935,0.1638
FC-008713,PB,PB-Majha,Rice,Kharif,0.54,Alluvial,643.8,Drip,72253,6,0,79.9,40000,0,0.4168
FC-008714,MP,MP-Mahakoshal,Rice,Kharif,0.6,Red,968.6,Rainfed,70548,0,0,73.2,40000,6845,0.4965
FC-008715,TN,TN-South,Cotton,Kharif,1.52,Red,844.3,Rainfed,150997,2,0,69.9,57866,11127,0.554
FC-008716,MP,MP-Malwa,Millet,Kharif,1.12,Alluvial,843.7,Drip,95173,1,0,76.1,40000,11646,0.5
FC-008717,MP,MP-Mahakoshal,Soybean,Kharif,1.11,Alluvial,841.7,Tubewell,89337,5,0,87.6,49711,51741,0.3215
FC-008718,MP,MP-Bundelkhand,Soybean,Kharif,2.68,ClayLoam,1086.7,Tubewell,179095,2,0,58.7,121653,69247,0.4663
FC-008719,MP,MP-Malwa,Soybean,Kharif,2.09,Black,1074.0,Canal,167043,5,0,49.7,52306,0,0.5901
FC-008720,HR,HR-West,Wheat,Rabi,0.57,ClayLoam,417.2,Tubewell,44779,2,0,88.2,40000,156796,0.8548
FC-008721,TN,TN-West,Rice,Kharif,3.15,Red,660.3,Drip,224729,4,0,56.4,151001,0,0.3725
FC-008722,GJ,GJ-Saurashtra,Rice,Rabi,0.47,Alluvial,633.0,Drip,51360,0,0,70.2,40000,227783,0.7734
FC-008723,AP,AP-Rayalaseema,Maize,Rabi,2.85,Alluvial,1076.7,Tubewell,155718,0,0,62.8,122489,30177,0.2137
FC-008724,AP,AP-Upland,Rice,Rabi,1.0,Red,643.5,Tubewell,86889,1,0,76.3,53379,22010,0.6113
FC-008725,KA,KA-South,Mustard,Rabi,3.39,Red,1263.4,Canal,187740,5,0,64.6,126007,17239,0.3135
FC-008726,BR,BR-Gangetic,Rice,Kharif,2.92,Alluvial,1406.4,Canal,311916,3,0,75.0,256426,26168,0.2774
FC-008727,PB,PB-Malwa,Wheat,Rabi,1.01,Alluvial,778.8,Tubewell,99388,1,0,82.0,72606,13573,0.276
FC-008728,BR,BR-North,Rice,Rabi,2.2,Alluvial,912.1,Canal,119443,2,0,94.0,117145,43958,0.3494
FC-008729,MH,MH-Konkan,Pulses,Rabi,1.95,ClayLoam,933.4,Rainfed,128968,3,0,57.5,40000,35953,0.7674
FC-008730,UP,UP-Eastern,Wheat,Rabi,0.69,Alluvial,1016.3,Rainfed,77585,1,0,47.7,43377,54744,0.8484
FC-008731,MH,MH-Marathwada,Groundnut,Rabi,1.29,Red,901.9,Rainfed,78683,1,0,94.9,89292,0,0.122
FC-008732,MH,MH-Marathwada,Sugarcane,Rabi,0.81,Red,675.5,Drip,115423,4,0,47.0,142619,15712,0.452
FC-008733,TG,TG-Central,Pulses,Rabi,0.46,Red,764.7,Rainfed,46795,2,0,92.5,40000,5061,0.2527
FC-008734,HR,HR-South,Mustard,Rabi,1.43,Sandy,489.2,Tubewell,103545,0,0,80.8,66224,74969,0.5246
FC-008735,UP,UP-Eastern,Rice,Kharif,0.47,Alluvial,1244.1,Drip,40725,0,0,84.6,40000,0,0.1778
FC-008736,HR,HR-East,Wheat,Rabi,0.23,Alluvial,426.0,Tubewell,41225,2,0,100.0,40000,11474,0.2299
FC-008737,BR,BR-South,Rice,Rabi,0.73,Alluvial,1249.5,Drip,57147,4,0,57.7,40000,6943,0.3339
FC-008738,GJ,GJ-North,Maize,Kharif,0.55,Sandy,902.1,Tubewell,43341,4,0,56.6,40000,27583,0.5475
FC-008739,TN,TN-North,Rice,Kharif,1.2,Alluvial,594.2,Canal,127472,5,0,77.4,60018,9385,0.6052
FC-008740,PB,PB-Malwa,Wheat,Rabi,0.32,Sandy,737.8,Tubewell,39315,6,0,75.2,40000,52343,0.4676
FC-008741,UP,UP-Western,Wheat,Rabi,1.53,Sandy,968.3,Canal,97834,0,0,82.7,81687,22407,0.1413
FC-008742,TG,TG-Central,Rice,Kharif,0.53,Red,1010.8,Rainfed,51324,1,0,100.0,40000,31100,0.3896
FC-008743,RJ,RJ-Marwar,Millet,Kharif,1.25,Sandy,549.6,Tubewell,110656,0,0,70.8,40000,13870,0.5758
FC-008744,MH,MH-Marathwada,Cotton,Kharif,1.08,Alluvial,971.2,Rainfed,96633,1,0,69.0,40000,33388,0.694
FC-008745,UP,UP-Central,Maize,Kharif,0.88,Alluvial,527.1,Rainfed,64396,3,0,73.5,51494,227931,0.9176
FC-008746,KA,KA-Coastal,Rice,Kharif,1.93,Black,1263.2,Rainfed,129499,4,0,91.7,147174,2748,0.1307
FC-008747,BR,BR-South,Rice,Rabi,3.15,Alluvial,1022.1,Canal,262014,1,0,77.2,175096,69054,0.2309
FC-008748,BR,BR-North,Rice,Rabi,2.67,Alluvial,1278.9,Rainfed,237492,1,0,93.5,142255,26829,0.3399
FC-008749,RJ,RJ-Hadoti,Mustard,Rabi,0.89,Alluvial,532.2,Drip,54810,1,0,65.1,48509,37567,0.3517
FC-008750,UP,UP-Eastern,Rice,Kharif,2.49,Alluvial,1086.8,Tubewell,219466,4,0,64.6,201448,9379,0.239
FC-008751,UP,UP-Western,Pulses,Rabi,5.71,Alluvial,1046.0,Tubewell,336294,4,0,79.8,168516,51990,0.4107
FC-008752,PB,PB-Malwa,Rice,Kharif,1.37,Alluvial,651.4,Canal,134782,2,0,60.8,67541,20146,0.3785
FC-008753,MH,MH-Marathwada,Pulses,Kharif,0.68,Sandy,875.2,Canal,49910,0,1,54.2,40000,128601,0.8167
FC-008754,MP,MP-Bundelkhand,Soybean,Kharif,1.05,Black,955.3,Rainfed,105918,0,0,78.2,51073,9341,0.3966
FC-008755,UP,UP-Eastern,Sugarcane,Rabi,1.78,ClayLoam,1121.0,Tubewell,211716,0,0,89.8,263906,277522,0.2645
FC-008756,AP,AP-Coastal,Rice,Kharif,0.32,Alluvial,1374.2,Rainfed,51058,2,0,55.2,40000,158001,0.8457
FC-008757,MP,MP-Malwa,Rice,Kharif,0.48,Red,824.0,Canal,75503,1,0,67.4,40000,18658,0.6622
FC-008758,MP,MP-Bundelkhand,Pulses,Kharif,7.81,Black,957.4,Tubewell,380262,0,0,90.7,206729,0,0.2334
FC-008759,UP,UP-Bundelkhand,Rice,Rabi,0.28,Alluvial,948.5,Rainfed,41337,1,0,91.5,40000,5317,0.3744
FC-008760,BR,BR-Gangetic,Groundnut,Kharif,0.94,Alluvial,965.6,Drip,100555,0,0,91.9,50068,58537,0.5393
FC-008761,BR,BR-Gangetic,Mustard,Rabi,0.6,Alluvial,1161.9,Drip,72042,2,0,86.0,40000,310018,0.8174
FC-008762,TN,TN-North,Maize,Rabi,0.79,ClayLoam,1277.6,Canal,50451,0,0,54.6,41655,6042,0.2576
FC-008763,KA,KA-Central,Cotton,Kharif,0.55,Red,643.6,Rainfed,84631,1,1,43.2,40000,48740,0.8989
FC-008764,MH,MH-Western,Wheat,Rabi,2.73,Black,1090.4,Drip,135255,1,0,82.3,175141,9184,0.1719
FC-008765,MH,MH-Western,Wheat,Rabi,5.12,Black,929.5,Tubewell,269024,2,0,72.8,343326,20307,0.134
FC-008766,MH,MH-Western,Wheat,Rabi,3.62,Red,1078.6,Drip,249678,3,0,91.2,204481,62199,0.1717
FC-008767,UP,UP-Bundelkhand,Rice,Kharif,6.89,Alluvial,968.1,Canal,516105,2,0,94.5,380798,0,0.1968
FC-008768,TN,TN-Delta,Sugarcane,Kharif,1.62,ClayLoam,1054.2,Tubewell,182626,1,0,91.9,227354,0,0.0932
FC-008769,TN,TN-West,Rice,Rabi,1.74,Red,1247.6,Canal,105426,2,0,79.7,128994,400000,0.7803
FC-008770,PB,PB-Malwa,Rice,Kharif,2.83,Alluvial,508.8,Tubewell,206192,2,0,79.6,118002,17216,0.3092
FC-008771,BR,BR-North,Maize,Kharif,1.4,Red,1221.7,Canal,105356,1,0,72.9,72543,26418,0.3814
FC-008772,HR,HR-West,Wheat,Rabi,0.57,Alluvial,422.8,Tubewell,54952,1,0,83.3,40000,37350,0.4686
FC-008773,MH,MH-Konkan,Soybean,Kharif,1.13,Black,849.6,Tubewell,88763,1,0,100.0,40493,16118,0.3374
FC-008774,GJ,GJ-North,Wheat,Rabi,2.31,Sandy,766.6,Drip,161795,2,0,100.0,59534,44185,0.412
FC-008775,TN,TN-South,Rice,Kharif,1.1,Alluvial,861.5,Drip,102840,3,0,74.6,64032,8515,0.2471
FC-008776,TN,TN-Delta,Groundnut,Rabi,0.79,Laterite,945.1,Rainfed,50786,1,0,60.2,40000,0,0.3344
FC-008777,MP,MP-Mahakoshal,Groundnut,Kharif,0.56,Black,1276.8,Rainfed,57995,2,0,61.5,40000,0,0.2854
FC-008778,TN,TN-Delta,Rice,Kharif,0.41,ClayLoam,1413.3,Canal,49607,3,0,90.9,40000,8705,0.1984
FC-008779,PB,PB-Majha,Rice,Rabi,0.99,Sandy,662.1,Rainfed,112385,4,0,64.2,49416,35513,0.6461
FC-008780,UP,UP-Bundelkhand,Mustard,Rabi,0.48,Laterite,924.5,Tubewell,63747,0,0,75.1,40000,50490,0.6704
FC-008781,MP,MP-Malwa,Mustard,Rabi,1.23,Red,1153.2,Tubewell,108357,3,0,64.1,40000,31444,0.7446
FC-008782,RJ,RJ-Marwar,Millet,Kharif,1.86,Alluvial,322.4,Rainfed,117648,1,1,56.7,40000,64514,0.8951
FC-008783,TN,TN-Delta,Rice,Kharif,0.8,Black,1070.1,Canal,75848,5,0,66.4,55920,12730,0.2944
FC-008784,AP,AP-Coastal,Cotton,Kharif,0.94,Red,947.9,Rainfed,103607,4,0,83.4,56411,0,0.4415
FC-008785,HR,HR-East,Wheat,Rabi,0.42,Sandy,815.3,Canal,55125,3,0,49.2,40000,260260,0.92
FC-008786,AP,AP-Coastal,Pulses,Rabi,0.76,Black,966.8,Rainfed,80207,3,0,71.2,40000,24413,0.5211
FC-008787,RJ,RJ-Marwar,Mustard,Rabi,0.29,Sandy,342.3,Drip,64888,6,0,95.5,40000,104675,0.8012
FC-008788,BR,BR-South,Rice,Rabi,0.52,ClayLoam,1194.4,Canal,56468,3,0,66.6,40000,28951,0.4637
FC-008789,AP,AP-Coastal,Pulses,Kharif,2.18,Alluvial,876.7,Tubewell,169948,0,1,60.8,65572,50459,0.8229
FC-008790,UP,UP-Western,Sugarcane,Kharif,2.02,Alluvial,1091.9,Rainfed,141037,2,0,74.0,326394,0,0.1551
FC-008791,UP,UP-Western,Mustard,Rabi,1.58,Alluvial,1273.8,Rainfed,101384,0,0,66.8,83736,0,0.1594
FC-008792,UP,UP-Bundelkhand,Wheat,Rabi,1.79,ClayLoam,1009.7,Rainfed,145644,3,0,42.7,97619,8400,0.5036
FC-008793,MH,MH-Western,Soybean,Kharif,2.01,Laterite,984.6,Rainfed,96125,1,1,36.7,50584,73232,0.8221
FC-008794,MH,MH-Marathwada,Maize,Rabi,0.5,Red,857.0,Tubewell,81948,7,0,73.6,40000,25068,0.5851
FC-008795,MP,MP-Mahakoshal,Millet,Kharif,0.41,ClayLoam,1274.0,Rainfed,39497,2,0,47.9,40000,29444,0.4931
FC-008796,PB,PB-Doaba,Wheat,Rabi,1.13,Alluvial,768.8,Tubewell,122087,3,0,74.7,71772,23269,0.4261
FC-008797,MP,MP-Chambal,Soybean,Kharif,0.47,Black,892.0,Tubewell,55249,3,0,67.7,40000,14903,0.3336
FC-008798,UP,UP-Western,Maize,Kharif,1.33,Alluvial,1043.0,Tubewell,109891,5,0,68.3,66099,25300,0.2624
FC-008799,HR,HR-South,Mustard,Rabi,4.11,Sandy,569.4,Tubewell,201073,2,0,86.1,237010,0,0.1434
FC-008800,KA,KA-Coastal,Sugarcane,Kharif,1.33,Alluvial,1069.0,Rainfed,115243,2,0,63.2,217944,57868,0.2119
FC-008801,TN,TN-North,Rice,Rabi,0.93,Laterite,1321.3,Tubewell,61068,3,0,72.6,46812,98543,0.6697
FC-008802,PB,PB-Majha,Wheat,Rabi,1.65,Alluvial,675.9,Tubewell,149776,3,0,68.9,74878,7415,0.336
FC-008803,RJ,RJ-Hadoti,Millet,Kharif,1.49,Alluvial,502.5,Rainfed,142388,1,1,73.0,40000,58190,0.8082
FC-008804,PB,PB-Majha,Wheat,Rabi,0.41,Red,788.9,Tubewell,50338,3,0,63.7,40000,30931,0.2795
FC-008805,UP,UP-Bundelkhand,Mustard,Rabi,6.41,Sandy,778.0,Tubewell,483719,0,0,58.0,215780,20436,0.4557
FC-008806,RJ,RJ-Hadoti,Millet,Kharif,1.31,Alluvial,431.3,Tubewell,85544,2,0,92.7,40000,57843,0.6067
FC-008807,GJ,GJ-South,Cotton,Kharif,1.38,Black,740.3,Canal,80309,5,0,65.4,95480,61876,0.2779
FC-008808,MH,MH-Konkan,Rice,Kharif,1.04,Laterite,1290.0,Tubewell,111008,4,0,74.4,56812,17062,0.4422
FC-008809,BR,BR-South,Rice,Kharif,0.75,ClayLoam,1049.2,Tubewell,67481,6,0,56.9,40000,0,0.6
FC-008810,UP,UP-Western,Wheat,Rabi,0.75,Alluvial,837.6,Tubewell,62857,2,0,67.5,40965,37137,0.5551
FC-008811,MP,MP-Chambal,Cotton,Kharif,1.35,Black,1111.9,Tubewell,87986,1,1,52.2,66870,258661,0.8798
FC-008812,MH,MH-Western,Sugarcane,Rabi,0.83,Alluvial,805.0,Canal,111145,1,0,48.8,164818,44341,0.2105
FC-008813,TN,TN-Delta,Sugarcane,Rabi,1.61,Laterite,1443.9,Canal,144429,6,0,83.7,213802,243393,0.2771
FC-008814,MH,MH-Marathwada,Pulses,Kharif,3.07,Black,1270.8,Canal,261372,0,0,89.5,88341,82259,0.6262
FC-008815,MP,MP-Mahakoshal,Wheat,Rabi,0.63,Black,1192.6,Canal,73171,4,0,70.0,51302,40885,0.5055
FC-008816,GJ,GJ-Saurashtra,Cotton,Kharif,0.45,Red,503.7,Canal,71775,1,0,82.8,40000,35096,0.5142
FC-008817,BR,BR-Gangetic,Sugarcane,Kharif,2.16,Alluvial,1586.2,Canal,149746,2,0,69.5,200099,19425,0.1162
FC-008818,TG,TG-North,Rice,Rabi,0.93,Black,1282.6,Tubewell,67230,3,0,100.0,43760,5398,0.1191
FC-008819,GJ,GJ-Saurashtra,Groundnut,Rabi,1.9,Alluvial,511.8,Rainfed,158672,5,0,73.7,117047,0,0.4544
FC-008820,UP,UP-Western,Wheat,Rabi,0.2,Sandy,925.8,Tubewell,53935,3,0,97.1,40000,0,0.3196
FC-008821,TN,TN-South,Rice,Kharif,0.83,Black,805.7,Rainfed,103976,3,1,36.2,40000,13745,0.9038
FC-008822,RJ,RJ-Shekhawati,Groundnut,Kharif,1.46,Sandy,731.2,Tubewell,126091,2,0,100.0,118718,21171,0.1193
FC-008823,KA,KA-Central,Maize,Kharif,3.83,Black,792.0,Drip,242126,0,0,100.0,151606,24267,0.2014
FC-008824,TG,TG-North,Groundnut,Rabi,0.75,Red,1007.8,Tubewell,63148,1,0,71.8,49591,20161,0.287
FC-008825,MH,MH-Vidarbha,Sugarcane,Rabi,0.64,Black,1023.7,Tubewell,74142,1,0,69.3,133175,18953,0.2065
FC-008826,RJ,RJ-Marwar,Mustard,Rabi,0.3,Alluvial,268.8,Rainfed,57712,1,0,81.8,40000,0,0.395
FC-008827,MH,MH-Western,Cotton,Kharif,1.58,Alluvial,779.9,Tubewell,162400,1,0,55.0,85125,36026,0.4732
FC-008828,UP,UP-Bundelkhand,Soybean,Kharif,1.04,Sandy,1076.6,Canal,111181,4,0,75.6,40000,13270,0.5932
FC-008829,AP,AP-Rayalaseema,Rice,Kharif,2.65,Red,817.2,Rainfed,189763,3,0,98.2,92051,30327,0.3729
FC-008830,TG,TG-South,Rice,Kharif,0.99,Alluvial,717.2,Canal,95475,3,0,82.6,86150,20227,0.1937
FC-008831,AP,AP-Upland,Cotton,Kharif,1.44,Red,878.5,Tubewell,109835,1,0,93.6,98579,16457,0.1455
FC-008832,BR,BR-Gangetic,Rice,Rabi,0.96,Alluvial,1257.8,Rainfed,104468,2,0,50.7,89360,43138,0.6236
FC-008833,MH,MH-Konkan,Soybean,Kharif,2.75,Black,1268.4,Canal,224641,1,0,72.2,142984,38959,0.1969
FC-008834,KA,KA-South,Sugarcane,Rabi,1.85,Laterite,1477.9,Rainfed,245791,5,0,83.4,314290,12053,0.1928
FC-008835,KA,KA-South,Cotton,Kharif,0.2,ClayLoam,789.4,Tubewell,44419,2,0,68.6,40000,10214,0.4108
FC-008836,KA,KA-Central,Millet,Kharif,0.29,Red,1439.3,Drip,65187,2,0,98.8,40000,9288,0.2352
FC-008837,AP,AP-Rayalaseema,Wheat,Rabi,0.31,Black,758.3,Rainfed,62405,2,0,81.0,40000,0,0.5178
FC-008838,RJ,RJ-Mewar,Millet,Kharif,1.71,Sandy,250.0,Rainfed,141461,2,1,43.6,40000,0,0.9082
FC-008839,UP,UP-Western,Rice,Rabi,3.13,Alluvial,1063.3,Rainfed,263662,4,0,64.6,203430,129041,0.3935
FC-008840,MP,MP-Chambal,Soybean,Kharif,3.85,Alluvial,776.9,Canal,207891,0,0,57.4,122654,5207,0.2882
FC-008841,UP,UP-Central,Wheat,Rabi,1.03,ClayLoam,934.0,Rainfed,95411,1,0,84.2,76326,0,0.2385
FC-008842,KA,KA-North,Groundnut,Rabi,2.02,Black,847.9,Canal,167352,1,0,74.8,93156,19950,0.437
FC-008843,MP,MP-Bundelkhand,Mustard,Rabi,0.78,Black,727.2,Canal,94059,0,0,60.3,40000,12665,0.6077
FC-008844,MP,MP-Bundelkhand,Pulses,Kharif,1.13,Black,1232.0,Rainfed,112758,1,0,71.5,40000,0,0.601
FC-008845,GJ,GJ-Saurashtra,Millet,Kharif,1.68,Laterite,589.2,Drip,109283,2,0,87.0,40000,400000,0.5536
FC-008846,TG,TG-North,Rice,Kharif,0.9,Alluvial,771.7,Rainfed,102424,0,0,77.0,44427,9119,0.603
FC-008847,RJ,RJ-Marwar,Millet,Kharif,0.2,ClayLoam,251.8,Rainfed,31569,1,0,83.9,40000,75315,0.5976
FC-008848,MH,MH-Konkan,Cotton,Kharif,0.64,Red,706.2,Drip,74266,4,0,81.2,53010,19070,0.2656
FC-008849,AP,AP-Coastal,Rice,Rabi,0.91,ClayLoam,814.3,Drip,78637,3,0,82.2,64230,6993,0.2392
FC-008850,MH,MH-Vidarbha,Sugarcane,Kharif,1.01,Sandy,1105.7,Drip,111244,2,0,76.8,148047,400000,0.6669
FC-008851,PB,PB-Doaba,Rice,Rabi,0.37,Alluvial,762.6,Canal,47897,1,0,78.2,40000,27607,0.3697
FC-008852,TN,TN-North,Pulses,Kharif,1.19,Black,875.8,Canal,126575,1,0,73.8,40000,124956,0.7677
FC-008853,RJ,RJ-Hadoti,Millet,Kharif,0.76,Sandy,586.7,Drip,57459,4,0,54.5,40000,65775,0.6413
FC-008854,UP,UP-Bundelkhand,Mustard,Rabi,0.74,Alluvial,999.3,Rainfed,60345,3,0,62.5,40000,0,0.3186
FC-008855,TG,TG-Central,Cotton,Kharif,1.58,Black,948.3,Canal,167634,1,0,100.0,138617,9247,0.1564
FC-008856,PB,PB-Doaba,Mustard,Rabi,0.67,Alluvial,720.4,Rainfed,72432,2,1,46.0,41326,97294,0.8821
FC-008857,RJ,RJ-Hadoti,Wheat,Rabi,2.01,Red,486.8,Tubewell,165826,2,0,70.1,85824,16957,0.3476
FC-008858,HR,HR-South,Wheat,Rabi,0.41,Alluvial,547.7,Drip,60844,1,0,60.5,40000,0,0.5009
FC-008859,BR,BR-South,Rice,Rabi,2.07,Alluvial,935.1,Tubewell,230276,2,0,90.1,162487,7120,0.4245
FC-008860,UP,UP-Western,Sugarcane,Rabi,3.02,Alluvial,947.7,Canal,282974,5,0,95.3,624477,14851,0.0622
FC-008861,TG,TG-North,Maize,Kharif,1.6,Black,940.7,Canal,110138,3,0,70.7,83412,8320,0.2361
FC-008862,MH,MH-Konkan,Rice,Rabi,2.7,Black,395.8,Canal,128284,4,0,68.7,133671,62409,0.4249
FC-008863,KA,KA-North,Groundnut,Kharif,1.77,Red,1346.7,Canal,166738,3,0,70.6,148313,0,0.1332
FC-008864,GJ,GJ-North,Cotton,Kharif,1.7,Black,790.4,Canal,180016,1,0,88.4,92118,0,0.391
FC-008865,AP,AP-Upland,Cotton,Kharif,2.09,Red,878.8,Rainfed,172331,2,0,90.2,142622,26903,0.2984
FC-008866,UP,UP-Eastern,Rice,Kharif,0.95,ClayLoam,962.0,Rainfed,78181,3,0,88.1,45349,17118,0.3782
FC-008867,AP,AP-Coastal,Pulses,Kharif,1.42,ClayLoam,1076.3,Drip,77333,3,0,86.1,49094,145770,0.6477
FC-008868,TN,TN-North,Rice,Rabi,1.1,Red,1093.1,Rainfed,88431,1,0,89.2,71383,35767,0.3037
FC-008869,UP,UP-Eastern,Sugarcane,Kharif,1.05,Alluvial,836.7,Rainfed,127369,2,0,88.4,198464,112096,0.3192
FC-008870,RJ,RJ-Marwar,Mustard,Rabi,0.42,Sandy,250.0,Tubewell,48203,0,0,98.2,40000,261378,0.8398
FC-008871,GJ,GJ-South,Mustard,Rabi,2.12,ClayLoam,665.7,Rainfed,148644,5,0,69.5,80303,24541,0.47
FC-008872,TN,TN-North,Rice,Kharif,0.61,Laterite,903.5,Tubewell,64792,0,0,71.1,40000,9328,0.3437
FC-008873,UP,UP-Western,Wheat,Rabi,0.52,Alluvial,1228.2,Drip,43761,3,0,58.9,40000,15191,0.2028
FC-008874,BR,BR-Gangetic,Wheat,Rabi,0.89,Alluvial,1121.5,Tubewell,55594,1,0,62.8,44327,33178,0.4504
FC-008875,BR,BR-North,Rice,Rabi,0.62,Laterite,1346.5,Canal,61396,4,1,57.6,47265,271291,0.8722
FC-008876,UP,UP-Bundelkhand,Sugarcane,Rabi,1.31,Alluvial,1084.1,Rainfed,141742,0,0,69.2,202131,10991,0.1753
FC-008877,AP,AP-Coastal,Millet,Kharif,1.2,Alluvial,889.3,Drip,85142,0,0,82.2,40000,18171,0.3803
FC-008878,MP,MP-Chambal,Wheat,Rabi,1.11,Sandy,886.2,Canal,87276,2,0,71.2,54141,14966,0.3145
FC-008879,TG,TG-South,Rice,Kharif,0.64,Sandy,603.5,Canal,46920,2,0,73.6,40000,44127,0.6019
FC-008880,MH,MH-Konkan,Cotton,Kharif,0.24,ClayLoam,1035.6,Tubewell,32858,2,0,84.2,40000,58313,0.3906
FC-008881,BR,BR-South,Rice,Kharif,1.44,Alluvial,991.7,Canal,130439,2,0,85.9,116246,0,0.2038
FC-008882,TN,TN-North,Groundnut,Rabi,1.03,Red,1146.8,Rainfed,78141,3,0,86.1,85735,1182,0.1112
FC-008883,MH,MH-Western,Soybean,Kharif,0.85,Black,1057.6,Rainfed,84339,1,0,67.4,40000,31920,0.6655
FC-008884,UP,UP-Central,Wheat,Rabi,1.42,Alluvial,1145.2,Rainfed,79577,6,0,83.0,81179,400000,0.8183
FC-008885,MH,MH-Vidarbha,Wheat,Rabi,0.74,Laterite,960.0,Rainfed,50802,0,0,83.8,40000,16831,0.2452
FC-008886,TN,TN-North,Rice,Kharif,1.05,Black,872.3,Canal,118611,2,1,49.3,40000,18048,0.8126
FC-008887,GJ,GJ-North,Millet,Kharif,0.53,Sandy,857.7,Rainfed,47818,3,0,84.9,40000,13159,0.3163
FC-008888,KA,KA-Coastal,Sugarcane,Kharif,1.29,Red,1229.2,Canal,136250,1,0,64.6,180928,20912,0.2034
FC-008889,MH,MH-Marathwada,Cotton,Kharif,0.28,Red,686.7,Rainfed,48395,1,0,77.2,40000,0,0.3963
FC-008890,MP,MP-Chambal,Rice,Rabi,1.76,Alluvial,965.7,Rainfed,123578,2,0,100.0,74070,22544,0.2581
FC-008891,UP,UP-Bundelkhand,Pulses,Rabi,1.85,Alluvial,1165.9,Rainfed,161633,7,0,59.1,66483,20317,0.6315
FC-008892,MP,MP-Mahakoshal,Soybean,Kharif,3.89,Black,1245.8,Drip,210501,1,0,74.1,195397,21242,0.2233
FC-008893,UP,UP-Eastern,Rice,Kharif,1.12,Alluvial,841.0,Rainfed,112050,3,0,67.0,74419,25524,0.4236
FC-008894,MH,MH-Marathwada,Groundnut,Rabi,1.49,Red,932.4,Rainfed,136850,8,0,84.0,71683,136366,0.7107
FC-008895,KA,KA-Coastal,Rice,Kharif,2.27,Black,925.9,Canal,130733,3,0,61.4,157887,11023,0.1725
FC-008896,MH,MH-Konkan,Wheat,Rabi,1.34,Black,565.0,Tubewell,142922,0,0,74.0,112398,88159,0.5712
FC-008897,TN,TN-South,Cotton,Kharif,1.41,Alluvial,1075.2,Rainfed,91924,1,0,61.3,103526,13287,0.2181
FC-008898,MP,MP-Malwa,Rice,Rabi,1.71,Black,1243.1,Rainfed,99242,2,0,100.0,117546,46402,0.1111
FC-008899,KA,KA-North,Pulses,Kharif,0.3,Laterite,1357.4,Rainfed,40242,5,1,38.1,40000,115745,0.8274
FC-008900,AP,AP-Rayalaseema,Maize,Rabi,1.22,Laterite,1083.9,Rainfed,124251,4,0,83.8,63537,26503,0.4561
FC-008901,TN,TN-South,Groundnut,Kharif,1.9,Black,1110.2,Canal,140103,2,0,65.3,86408,42212,0.4489
FC-008902,AP,AP-Rayalaseema,Groundnut,Kharif,0.77,Red,1342.0,Rainfed,55898,2,0,71.2,53953,59347,0.4603
FC-008903,HR,HR-South,Sugarcane,Kharif,9.3,Alluvial,352.6,Rainfed,757332,2,0,51.4,700000,43289,0.4864
FC-008904,KA,KA-Central,Maize,Rabi,2.16,Red,806.4,Canal,155579,6,0,58.5,64717,39668,0.6462
FC-008905,MH,MH-Vidarbha,Cotton,Kharif,0.33,Red,806.1,Canal,68317,0,0,81.3,40000,65972,0.6863
FC-008906,MH,MH-Vidarbha,Pulses,Kharif,0.39,Red,540.9,Drip,47839,1,0,80.5,40000,0,0.1881
FC-008907,KA,KA-North,Maize,Kharif,0.51,Red,939.4,Tubewell,46933,0,0,70.8,40000,15907,0.3165
FC-008908,AP,AP-Upland,Rice,Kharif,1.39,Sandy,1017.7,Rainfed,121234,1,0,60.1,127034,48303,0.2919
FC-008909,MH,MH-Western,Cotton,Kharif,1.42,Black,543.1,Tubewell,115135,1,0,75.8,79342,38075,0.4857
FC-008910,UP,UP-Western,Pulses,Kharif,0.79,Alluvial,689.8,Rainfed,98822,2,0,94.3,40000,10370,0.6469
FC-008911,AP,AP-Rayalaseema,Groundnut,Rabi,1.23,Black,872.8,Canal,130528,1,1,25.9,40000,45310,0.8274
FC-008912,GJ,GJ-North,Sugarcane,Kharif,0.93,Black,752.8,Canal,129283,0,0,65.2,130318,64634,0.3128
FC-008913,BR,BR-Gangetic,Rice,Rabi,2.46,Alluvial,1207.7,Drip,219045,2,0,84.0,141247,0,0.2463
FC-008914,MP,MP-Mahakoshal,Rice,Rabi,1.61,Black,893.1,Drip,150975,3,0,100.0,112473,92557,0.406
FC-008915,UP,UP-Eastern,Mustard,Rabi,0.5,Red,1188.0,Drip,54002,3,0,89.3,40000,32517,0.2758
FC-008916,TN,TN-North,Millet,Kharif,1.18,Sandy,1063.8,Rainfed,101264,2,0,74.9,40000,44334,0.6454
FC-008917,AP,AP-Rayalaseema,Rice,Rabi,1.92,Black,1272.0,Drip,166871,4,0,89.2,109341,49075,0.2093
FC-008918,UP,UP-Central,Sugarcane,Rabi,1.38,Alluvial,866.2,Canal,174257,2,0,65.8,161331,94396,0.3189
FC-008919,MH,MH-Marathwada,Soybean,Kharif,1.67,Black,1032.8,Canal,158119,3,0,74.1,73478,28794,0.3454
FC-008920,UP,UP-Western,Rice,Rabi,1.08,Red,952.8,Drip,85218,0,0,64.4,61229,4091,0.1673
FC-008921,MH,MH-Vidarbha,Cotton,Kharif,0.58,Laterite,1121.0,Canal,72500,2,0,61.4,41711,0,0.2634
FC-008922,HR,HR-South,Rice,Rabi,4.09,Alluvial,545.7,Tubewell,417335,4,0,70.6,347259,94034,0.2274
FC-008923,TN,TN-South,Groundnut,Rabi,2.07,Red,720.0,Tubewell,214074,4,0,60.2,134110,85217,0.4497
FC-008924,AP,AP-Coastal,Groundnut,Rabi,0.45,Black,809.3,Rainfed,68540,2,0,98.8,40000,0,0.4509
FC-008925,MP,MP-Chambal,Pulses,Rabi,2.19,Red,859.1,Tubewell,140722,1,0,69.4,53895,9706,0.5178
FC-008926,TN,TN-South,Rice,Kharif,0.82,Red,659.4,Tubewell,90064,1,0,68.3,40000,38860,0.6918
FC-008927,PB,PB-Majha,Maize,Rabi,1.0,Alluvial,666.4,Tubewell,115694,6,0,70.9,40000,0,0.6106
FC-008928,TN,TN-West,Rice,Rabi,0.37,Laterite,800.7,Rainfed,66025,1,1,47.8,40000,29762,0.8464
FC-008929,AP,AP-Rayalaseema,Groundnut,Kharif,0.79,ClayLoam,954.9,Rainfed,67474,3,0,82.9,48540,0,0.3688
FC-008930,KA,KA-North,Soybean,Kharif,1.63,Red,1454.6,Rainfed,138514,3,0,59.1,57400,21861,0.5837
FC-008931,TN,TN-Delta,Rice,Kharif,0.95,Black,973.7,Rainfed,94397,1,0,84.6,78391,9657,0.2673
FC-008932,UP,UP-Central,Wheat,Rabi,1.85,Sandy,1222.8,Canal,192330,1,0,86.8,120947,31348,0.2235
FC-008933,RJ,RJ-Shekhawati,Pulses,Rabi,2.43,Alluvial,404.0,Canal,135834,1,0,80.7,57257,41689,0.6707
FC-008934,AP,AP-Rayalaseema,Maize,Kharif,0.29,Red,599.3,Tubewell,54930,2,0,87.8,40000,0,0.3859
FC-008935,HR,HR-South,Cotton,Kharif,0.84,Sandy,348.2,Drip,87582,2,0,82.7,40000,0,0.536
FC-008936,MH,MH-Western,Pulses,Kharif,1.16,Alluvial,731.1,Rainfed,88498,1,0,82.3,40004,72781,0.8247
FC-008937,RJ,RJ-Hadoti,Millet,Kharif,1.55,Alluvial,642.2,Drip,139163,1,0,62.5,40000,5759,0.6179
FC-008938,MP,MP-Mahakoshal,Millet,Kharif,0.55,Alluvial,912.4,Canal,55738,4,0,75.5,40000,23928,0.2745
FC-008939,BR,BR-South,Mustard,Rabi,1.19,Alluvial,1238.1,Canal,120883,2,0,72.3,60934,0,0.2946
FC-008940,PB,PB-Malwa,Rice,Kharif,1.5,Alluvial,572.7,Drip,130881,1,0,66.4,131443,19655,0.2423
FC-008941,PB,PB-Doaba,Pulses,Kharif,1.02,Alluvial,776.1,Rainfed,114943,3,0,80.7,40000,0,0.5292
FC-008942,HR,HR-South,Sugarcane,Kharif,1.09,Sandy,361.6,Tubewell,157261,5,0,80.6,211646,121270,0.5011
FC-008943,BR,BR-North,Rice,Rabi,1.11,Alluvial,1066.5,Rainfed,87977,1,0,89.1,84108,5830,0.2892
FC-008944,UP,UP-Western,Rice,Kharif,0.95,Alluvial,699.3,Canal,100433,5,0,70.6,75769,21919,0.3652
FC-008945,RJ,RJ-Shekhawati,Millet,Kharif,1.28,Sandy,531.6,Canal,92536,1,0,82.6,40000,18247,0.3322
FC-008946,UP,UP-Eastern,Rice,Kharif,0.84,Alluvial,941.2,Tubewell,104610,2,0,87.7,49595,29171,0.5393
FC-008947,MH,MH-Konkan,Soybean,Kharif,2.05,Red,1016.7,Rainfed,181781,1,0,60.3,83965,8306,0.5162
FC-008948,GJ,GJ-Central,Pulses,Rabi,5.3,Red,859.7,Tubewell,221242,3,0,63.4,121138,5796,0.3054
FC-008949,RJ,RJ-Shekhawati,Mustard,Rabi,0.91,Red,379.4,Rainfed,71727,5,0,80.1,42410,14466,0.3617
FC-008950,MP,MP-Bundelkhand,Maize,Kharif,0.63,Black,850.8,Rainfed,49829,1,0,89.1,40000,31465,0.3616
FC-008951,TN,TN-South,Rice,Kharif,1.98,Laterite,966.7,Drip,124944,3,0,84.6,123121,13530,0.1426
FC-008952,KA,KA-Coastal,Pulses,Kharif,3.36,Red,927.6,Drip,284855,3,0,77.4,138433,103832,0.5587
FC-008953,AP,AP-Coastal,Rice,Rabi,1.88,Alluvial,764.8,Drip,175045,3,0,88.7,112088,15138,0.4752
FC-008954,MP,MP-Bundelkhand,Soybean,Kharif,2.86,Black,1217.3,Rainfed,240596,0,0,58.3,120553,15491,0.4439
FC-008955,MH,MH-Marathwada,Sugarcane,Rabi,1.65,Alluvial,782.8,Tubewell,184970,3,0,67.4,222824,26694,0.3186
FC-008956,RJ,RJ-Mewar,Mustard,Rabi,1.33,Alluvial,416.3,Canal,92588,2,0,61.0,50448,0,0.3026
FC-008957,MP,MP-Malwa,Soybean,Kharif,0.91,Black,859.4,Tubewell,89934,1,1,42.6,59043,115108,0.8903
FC-008958,UP,UP-Eastern,Sugarcane,Rabi,1.82,Sandy,1098.1,Canal,180788,1,0,93.8,232959,160381,0.1715
FC-008959,BR,BR-Gangetic,Rice,Rabi,0.67,Alluvial,957.3,Canal,83816,4,0,69.8,67088,10098,0.3201
FC-008960,BR,BR-Gangetic,Rice,Rabi,0.55,Red,1092.8,Canal,70502,1,0,60.2,40000,92057,0.8718
FC-008961,KA,KA-South,Pulses,Kharif,0.79,Laterite,489.4,Drip,69802,1,0,66.0,40000,0,0.3434
FC-008962,UP,UP-Eastern,Wheat,Rabi,1.3,Alluvial,749.6,Tubewell,97542,2,0,69.5,97143,0,0.2006
FC-008963,AP,AP-Upland,Rice,Rabi,2.77,Red,1027.4,Drip,154274,0,0,78.4,147466,0,0.15
FC-008964,MP,MP-Chambal,Maize,Kharif,1.14,Red,843.4,Tubewell,75505,5,0,91.8,40000,8019,0.3681
FC-008965,RJ,RJ-Shekhawati,Cotton,Kharif,1.63,Sandy,316.3,Drip,110100,1,0,81.0,60075,7508,0.3097
FC-008966,TN,TN-North,Cotton,Kharif,1.79,Laterite,1105.9,Rainfed,117014,1,0,70.1,90480,3062,0.1842
FC-008967,MP,MP-Mahakoshal,Soybean,Kharif,0.48,Black,1058.1,Rainfed,77338,2,0,72.7,40000,54662,0.6406
FC-008968,UP,UP-Bundelkhand,Sugarcane,Kharif,0.81,ClayLoam,1197.4,Canal,78795,0,0,88.5,150704,0,0.1607
FC-008969,BR,BR-Gangetic,Wheat,Rabi,4.06,Alluvial,1065.6,Canal,228346,3,0,53.4,337555,10114,0.2606
FC-008970,RJ,RJ-Shekhawati,Wheat,Rabi,0.73,Sandy,466.2,Tubewell,58301,2,0,90.7,40000,4399,0.3069
FC-008971,GJ,GJ-Saurashtra,Wheat,Rabi,1.4,Alluvial,713.8,Tubewell,139955,1,0,71.5,85659,44551,0.5613
FC-008972,MP,MP-Bundelkhand,Wheat,Rabi,1.68,Black,1019.4,Rainfed,184410,4,0,70.1,149179,5410,0.1821
FC-008973,TG,TG-Central,Rice,Rabi,5.32,Red,1064.7,Tubewell,231301,5,0,95.5,198047,0,0.1634
FC-008974,GJ,GJ-South,Cotton,Kharif,1.23,ClayLoam,806.4,Drip,136251,2,0,84.6,59357,0,0.5085
FC-008975,GJ,GJ-Central,Pulses,Kharif,1.48,Black,1074.0,Rainfed,74758,0,0,94.6,40000,13445,0.3231
FC-008976,GJ,GJ-Saurashtra,Rice,Rabi,2.02,Red,952.0,Canal,180811,2,0,92.5,142511,69211,0.2409
FC-008977,MP,MP-Malwa,Soybean,Kharif,1.51,Sandy,828.4,Canal,115266,1,0,70.4,54049,32994,0.6847
FC-008978,MH,MH-Western,Pulses,Rabi,0.64,Alluvial,1194.2,Canal,80569,1,0,47.6,40000,23642,0.6874
FC-008979,HR,HR-East,Rice,Rabi,0.63,Alluvial,566.0,Rainfed,88778,2,0,63.3,40000,0,0.5337
FC-008980,MH,MH-Marathwada,Millet,Kharif,2.35,ClayLoam,949.3,Rainfed,160959,3,0,76.1,78809,53894,0.5197
FC-008981,RJ,RJ-Hadoti,Wheat,Rabi,0.38,Sandy,437.4,Rainfed,55626,2,0,75.1,40000,0,0.2376
FC-008982,BR,BR-South,Rice,Kharif,1.09,Red,1307.3,Rainfed,96624,3,0,66.3,51830,345771,0.7558
FC-008983,UP,UP-Central,Sugarcane,Kharif,3.02,ClayLoam,948.4,Rainfed,208049,1,0,91.9,535757,3649,0.0944
FC-008984,UP,UP-Bundelkhand,Mustard,Rabi,1.26,Alluvial,1102.4,Canal,94625,4,0,76.5,48884,0,0.2348
FC-008985,TN,TN-West,Rice,Kharif,1.18,Red,730.0,Rainfed,77414,1,0,86.5,53681,0,0.381
FC-008986,MP,MP-Malwa,Soybean,Kharif,0.8,ClayLoam,861.3,Canal,56744,2,0,85.8,40000,140253,0.7524
FC-008987,TN,TN-West,Pulses,Rabi,1.79,Red,839.6,Rainfed,125924,0,0,82.0,68658,0,0.2512
FC-008988,BR,BR-North,Wheat,Rabi,1.06,Alluvial,1126.5,Rainfed,101728,6,0,67.1,74280,110671,0.7273
FC-008989,PB,PB-Doaba,Mustard,Rabi,1.04,Sandy,584.0,Rainfed,102312,3,1,42.0,47157,112411,0.8556
FC-008990,PB,PB-Majha,Rice,Rabi,0.2,ClayLoam,789.2,Tubewell,35634,1,0,84.1,40000,34330,0.3801
FC-008991,UP,UP-Bundelkhand,Rice,Kharif,0.39,Alluvial,1004.0,Tubewell,74427,2,0,59.0,40000,72559,0.7019
FC-008992,PB,PB-Malwa,Mustard,Rabi,1.62,Alluvial,712.7,Canal,134151,1,1,48.2,62120,50836,0.7788
FC-008993,TN,TN-North,Rice,Rabi,1.77,Sandy,704.8,Drip,161701,3,1,57.0,69338,99690,0.8322
FC-008994,PB,PB-Majha,Rice,Kharif,1.51,Sandy,596.4,Canal,123109,4,0,67.4,69526,28922,0.3462
FC-008995,UP,UP-Western,Wheat,Rabi,0.89,Sandy,1134.5,Drip,79676,0,0,81.7,40000,6123,0.3964
FC-008996,BR,BR-North,Rice,Kharif,2.25,Alluvial,1044.1,Tubewell,129144,2,0,66.1,176637,26844,0.2902
FC-008997,PB,PB-Malwa,Rice,Rabi,0.49,Alluvial,554.8,Rainfed,80126,3,0,56.8,40000,0,0.6958
FC-008998,KA,KA-North,Cotton,Kharif,0.91,Red,575.4,Tubewell,89078,1,1,51.4,54934,265642,0.8956
FC-008999,BR,BR-South,Rice,Rabi,2.25,Alluvial,1019.5,Drip,126861,2,0,45.0,133312,17706,0.2417
FC-009000,MP,MP-Mahakoshal,Rice,Rabi,2.43,Alluvial,1017.0,Rainfed,149203,4,0,71.8,148454,11754,0.2217
FC-009001,KA,KA-Central,Cotton,Kharif,0.47,Red,432.5,Rainfed,75884,5,1,82.8,40000,116440,0.9588
FC-009002,RJ,RJ-Mewar,Millet,Kharif,0.85,Sandy,272.9,Tubewell,60207,4,0,93.3,40000,32593,0.5246
FC-009003,UP,UP-Eastern,Mustard,Rabi,1.18,Red,1180.1,Tubewell,108628,2,0,83.4,40000,15982,0.5915
FC-009004,MH,MH-Western,Pulses,Kharif,1.16,Black,1205.0,Rainfed,108558,1,0,46.3,42724,5299,0.5546
FC-009005,MH,MH-Vidarbha,Cotton,Kharif,0.75,Black,1165.8,Rainfed,58587,3,0,73.3,51744,44144,0.553
FC-009006,GJ,GJ-North,Groundnut,Kharif,1.8,ClayLoam,922.9,Canal,171701,4,0,87.8,81260,0,0.3907
FC-009007,PB,PB-Malwa,Wheat,Rabi,0.95,Alluvial,776.0,Canal,65797,4,0,66.2,44438,51689,0.5709
FC-009008,TG,TG-North,Sugarcane,Kharif,0.31,Black,1045.6,Canal,72483,4,0,100.0,58016,31521,0.3036
FC-009009,GJ,GJ-North,Mustard,Rabi,0.91,Alluvial,479.0,Rainfed,101226,1,0,53.9,40000,6570,0.7013
FC-009010,TG,TG-South,Pulses,Kharif,1.45,Red,915.7,Drip,109987,4,0,92.8,82497,7936,0.1212
FC-009011,MH,MH-Vidarbha,Cotton,Kharif,0.87,Alluvial,912.8,Rainfed,109948,2,0,70.4,48335,9970,0.6207
FC-009012,PB,PB-Doaba,Wheat,Rabi,0.99,Alluvial,878.7,Rainfed,122062,2,0,78.5,71444,33248,0.3371
FC-009013,RJ,RJ-Mewar,Mustard,Rabi,1.15,Sandy,497.7,Tubewell,73106,2,0,44.6,67886,120631,0.5782
FC-009014,KA,KA-South,Maize,Rabi,1.54,Red,1104.8,Drip,114461,3,0,73.5,66009,19865,0.2831
FC-009015,AP,AP-Rayalaseema,Wheat,Rabi,1.73,Black,1040.4,Tubewell,193512,0,0,50.6,154653,62673,0.4453
FC-009016,MP,MP-Mahakoshal,Wheat,Rabi,1.43,Black,1307.2,Rainfed,72661,5,0,56.8,45660,15021,0.4611
FC-009017,MP,MP-Bundelkhand,Cotton,Kharif,0.77,Black,1211.1,Rainfed,97094,1,0,84.3,67337,39489,0.3561
FC-009018,TN,TN-South,Rice,Rabi,1.37,Alluvial,987.1,Tubewell,131934,5,0,95.6,99764,24338,0.2482
FC-009019,GJ,GJ-South,Cotton,Kharif,0.96,Black,1124.6,Rainfed,61832,1,0,62.7,58211,16179,0.2948
FC-009020,AP,AP-Upland,Millet,Kharif,1.82,Alluvial,871.5,Rainfed,140201,2,1,37.8,41283,169090,0.8299
FC-009021,UP,UP-Central,Maize,Rabi,1.12,Alluvial,969.6,Tubewell,112521,0,0,82.6,45607,17199,0.5761
FC-009022,BR,BR-South,Mustard,Rabi,1.02,Alluvial,1068.5,Canal,69921,2,0,74.6,72883,31285,0.1795
FC-009023,MP,MP-Malwa,Wheat,Rabi,2.21,Black,1066.2,Rainfed,184676,2,0,72.4,130427,0,0.2393
FC-009024,BR,BR-North,Maize,Kharif,0.6,Alluvial,893.6,Canal,65594,0,0,82.7,40000,36921,0.3737
FC-009025,TN,TN-Delta,Sugarcane,Rabi,0.65,Laterite,876.5,Canal,108574,2,0,88.1,97424,48320,0.266
FC-009026,TN,TN-West,Rice,Kharif,0.52,Red,759.6,Tubewell,59686,3,0,77.2,40000,8713,0.5319
FC-009027,MH,MH-Marathwada,Soybean,Kharif,0.73,Sandy,1157.6,Tubewell,91032,0,0,40.3,40000,15274,0.4377
FC-009028,UP,UP-Bundelkhand,Sugarcane,Kharif,1.3,Sandy,977.7,Rainfed,173583,4,0,51.9,147970,179531,0.6346
FC-009029,PB,PB-Malwa,Rice,Rabi,1.56,ClayLoam,496.5,Canal,156780,2,0,71.0,113064,8804,0.2906
FC-009030,HR,HR-West,Rice,Kharif,0.35,Sandy,588.2,Canal,65969,4,0,79.0,40000,10891,0.3005
FC-009031,MP,MP-Bundelkhand,Soybean,Kharif,9.51,Red,1294.2,Canal,559582,1,0,64.2,150617,40976,0.557
FC-009032,MH,MH-Vidarbha,Pulses,Kharif,0.53,ClayLoam,679.6,Tubewell,84661,1,0,73.5,40000,6137,0.5521
FC-009033,MP,MP-Chambal,Maize,Rabi,2.77,Red,868.7,Canal,210721,0,0,68.5,157135,17452,0.2968
FC-009034,GJ,GJ-Central,Cotton,Kharif,1.22,Black,707.8,Drip,127455,0,0,84.5,78599,8629,0.3476
FC-009035,TN,TN-North,Sugarcane,Kharif,0.62,ClayLoam,769.1,Canal,70504,3,0,100.0,110366,0,0.155
FC-009036,GJ,GJ-Central,Cotton,Kharif,1.05,Alluvial,934.6,Drip,91112,2,0,58.6,44736,9839,0.3457
FC-009037,AP,AP-Coastal,Rice,Rabi,0.36,Black,840.3,Canal,55916,3,0,53.7,40000,33549,0.6331
FC-009038,HR,HR-South,Cotton,Kharif,0.86,Sandy,617.4,Drip,77351,2,0,80.0,40000,33759,0.4509
FC-009039,KA,KA-Coastal,Pulses,Rabi,0.54,Sandy,1335.5,Canal,69074,2,0,57.2,40000,0,0.3803
FC-009040,BR,BR-South,Rice,Kharif,3.73,Alluvial,1096.0,Rainfed,317052,2,0,66.3,233280,6194,0.2945
FC-009041,RJ,RJ-Marwar,Groundnut,Rabi,1.17,Alluvial,516.4,Canal,78919,0,0,71.4,43587,16047,0.3505
FC-009042,RJ,RJ-Hadoti,Wheat,Rabi,1.58,Sandy,350.7,Drip,91936,1,0,99.3,115393,59267,0.2216
FC-009043,BR,BR-Gangetic,Rice,Kharif,1.22,Alluvial,1427.7,Canal,101980,2,0,69.3,48158,6426,0.3181
FC-009044,PB,PB-Malwa,Rice,Kharif,2.73,Alluvial,666.3,Tubewell,227700,1,0,68.4,183507,174465,0.4693
FC-009045,MP,MP-Malwa,Soybean,Kharif,0.6,Sandy,918.3,Drip,47112,0,0,68.9,40000,135101,0.6995
FC-009046,GJ,GJ-South,Cotton,Kharif,1.44,Alluvial,1300.1,Canal,147588,3,0,81.6,141633,299212,0.4946
FC-009047,KA,KA-South,Sugarcane,Rabi,1.03,Laterite,1774.3,Canal,152257,0,0,85.2,232932,13321,0.1011
FC-009048,AP,AP-Upland,Cotton,Kharif,0.68,Red,1056.4,Drip,86385,2,0,48.8,43020,23840,0.6054
FC-009049,MP,MP-Bundelkhand,Soybean,Kharif,0.88,Black,960.6,Canal,55261,1,0,90.3,40000,3898,0.3052
FC-009050,BR,BR-South,Rice,Kharif,3.26,ClayLoam,1341.9,Canal,273839,4,0,70.4,182296,0,0.4725
FC-009051,TN,TN-South,Pulses,Rabi,1.54,Laterite,875.7,Canal,93715,2,1,48.5,40000,400000,0.8701
FC-009052,GJ,GJ-Saurashtra,Pulses,Kharif,0.83,Alluvial,1161.6,Tubewell,93470,0,0,91.1,48992,65943,0.6226
FC-009053,UP,UP-Central,Wheat,Rabi,1.23,Alluvial,806.5,Drip,145944,3,0,69.2,121669,51323,0.3008
FC-009054,HR,HR-South,Rice,Rabi,0.9,ClayLoam,596.9,Rainfed,78383,1,0,68.1,65670,30140,0.3439
FC-009055,UP,UP-Bundelkhand,Rice,Rabi,0.76,Alluvial,1019.2,Canal,90004,1,0,88.7,44160,38675,0.5379
FC-009056,UP,UP-Eastern,Wheat,Rabi,4.24,Alluvial,826.1,Drip,289848,3,0,66.4,288973,136977,0.2918
FC-009057,MH,MH-Konkan,Cotton,Kharif,0.36,Black,652.4,Tubewell,69950,3,1,15.7,40000,33858,0.8681
FC-009058,PB,PB-Majha,Rice,Rabi,1.76,Alluvial,470.6,Tubewell,178258,4,0,76.4,101083,8542,0.4227
FC-009059,KA,KA-Central,Millet,Kharif,1.14,Black,1017.0,Tubewell,71077,3,0,57.0,40000,7527,0.4986
FC-009060,TG,TG-North,Cotton,Kharif,1.49,Sandy,758.6,Drip,119150,2,0,86.7,81609,1710,0.3673
FC-009061,UP,UP-Western,Mustard,Rabi,4.39,ClayLoam,989.6,Rainfed,370743,4,0,91.8,253036,0,0.2216
FC-009062,TG,TG-North,Groundnut,Rabi,1.68,Sandy,788.5,Rainfed,106372,4,0,78.0,106613,9513,0.239
FC-009063,GJ,GJ-Saurashtra,Groundnut,Rabi,1.17,Alluvial,654.2,Tubewell,63644,0,1,64.3,52432,158007,0.8315
FC-009064,UP,UP-Western,Mustard,Rabi,1.74,Alluvial,898.3,Drip,94836,3,0,58.8,83662,7685,0.2022
FC-009065,MH,MH-Western,Soybean,Kharif,1.26,Red,902.6,Canal,90409,2,0,90.0,47237,0,0.19
FC-009066,MH,MH-Vidarbha,Rice,Rabi,0.52,ClayLoam,1137.0,Rainfed,60302,4,0,63.0,40000,0,0.3527
FC-009067,KA,KA-Coastal,Maize,Rabi,0.73,Red,644.4,Tubewell,71818,4,0,77.7,40000,9981,0.4637
FC-009068,MH,MH-Vidarbha,Soybean,Kharif,2.12,Black,962.6,Tubewell,155507,1,0,63.9,116634,0,0.3428
FC-009069,RJ,RJ-Marwar,Mustard,Rabi,1.53,Red,584.4,Rainfed,78274,3,0,86.6,58578,45676,0.4558
FC-009070,MH,MH-Marathwada,Soybean,Kharif,0.76,Black,511.9,Rainfed,54113,1,0,77.6,40000,2776,0.3988
FC-009071,TN,TN-Delta,Groundnut,Rabi,0.73,Alluvial,766.1,Canal,64712,3,0,55.7,44335,9735,0.4561
FC-009072,RJ,RJ-Mewar,Wheat,Rabi,1.63,Sandy,660.8,Tubewell,165718,2,0,73.6,90904,11231,0.3625
FC-009073,UP,UP-Bundelkhand,Sugarcane,Kharif,6.97,Alluvial,1014.3,Rainfed,651927,2,0,90.8,700000,0,0.133
FC-009074,TN,TN-South,Millet,Kharif,3.11,Laterite,863.9,Rainfed,199350,1,0,60.1,61800,66165,0.8531
FC-009075,AP,AP-Coastal,Rice,Kharif,0.61,Laterite,1011.0,Canal,44252,2,0,78.9,42346,6529,0.1805
FC-009076,UP,UP-Central,Rice,Kharif,10.0,Alluvial,1096.9,Rainfed,480484,3,0,87.7,700000,49158,0.1432
FC-009077,RJ,RJ-Shekhawati,Cotton,Kharif,1.16,Black,291.7,Tubewell,125029,2,0,63.9,54018,24023,0.7495
FC-009078,RJ,RJ-Shekhawati,Mustard,Rabi,1.21,Black,609.3,Canal,116252,1,1,32.8,40000,6475,0.7826
FC-009079,RJ,RJ-Shekhawati,Cotton,Kharif,0.81,Sandy,806.7,Canal,96989,4,0,80.9,54012,18006,0.4061
FC-009080,KA,KA-South,Millet,Kharif,0.78,Black,1195.9,Drip,85737,3,0,100.0,40000,0,0.3914
FC-009081,UP,UP-Bundelkhand,Wheat,Rabi,0.53,ClayLoam,881.9,Drip,53953,3,0,96.9,40000,0,0.185
FC-009082,MP,MP-Bundelkhand,Rice,Kharif,2.63,Red,1080.2,Rainfed,171307,2,0,61.4,171284,10814,0.1737
FC-009083,AP,AP-Coastal,Maize,Rabi,3.07,Alluvial,725.6,Tubewell,243090,4,0,65.0,91530,0,0.5279
FC-009084,PB,PB-Malwa,Rice,Kharif,3.82,ClayLoam,781.6,Tubewell,310565,1,0,83.5,161017,6276,0.2589
FC-009085,UP,UP-Central,Maize,Rabi,0.31,Alluvial,1236.9,Rainfed,52035,3,0,69.4,40000,6964,0.2632
FC-009086,AP,AP-Coastal,Rice,Rabi,2.85,Black,1284.8,Rainfed,264011,0,0,88.3,124171,25093,0.4979
FC-009087,UP,UP-Bundelkhand,Pulses,Kharif,3.99,Alluvial,817.0,Drip,203056,2,0,71.3,99869,50513,0.4499
FC-009088,UP,UP-Eastern,Wheat,Rabi,2.21,ClayLoam,883.6,Rainfed,226125,6,0,87.2,132305,22702,0.3316
FC-009089,PB,PB-Majha,Rice,Kharif,1.82,Alluvial,674.2,Tubewell,150002,2,0,76.9,117443,904,0.2733
FC-009090,TN,TN-South,Cotton,Kharif,1.82,Black,1242.1,Drip,158815,4,0,99.9,150520,0,0.0693
FC-009091,MH,MH-Western,Rice,Rabi,1.5,Laterite,1046.1,Canal,124963,1,0,64.1,84980,186073,0.7229
FC-009092,MP,MP-Bundelkhand,Wheat,Rabi,1.47,Black,1254.4,Drip,152253,0,0,92.1,113139,14907,0.2428
FC-009093,BR,BR-South,Rice,Rabi,0.61,Alluvial,1209.9,Rainfed,76748,0,1,47.6,40000,69909,0.8039
FC-009094,TG,TG-North,Rice,Kharif,1.18,Alluvial,427.4,Canal,81541,3,0,93.9,62932,30465,0.357
FC-009095,BR,BR-North,Rice,Kharif,1.36,Alluvial,1226.0,Canal,131516,1,0,24.3,87191,112029,0.475
FC-009096,PB,PB-Doaba,Wheat,Rabi,0.27,Alluvial,552.7,Rainfed,52008,3,0,67.1,40000,0,0.4769
FC-009097,HR,HR-West,Cotton,Kharif,3.29,Alluvial,873.8,Rainfed,259194,1,0,78.2,244262,5564,0.1589
FC-009098,BR,BR-South,Pulses,Rabi,2.03,Alluvial,1079.1,Tubewell,142488,5,0,85.1,71112,13327,0.372
FC-009099,TN,TN-South,Rice,Kharif,0.46,Black,678.0,Rainfed,39879,2,0,50.7,40000,55407,0.907
FC-009100,TG,TG-North,Maize,Rabi,5.29,Red,982.0,Rainfed,265092,1,0,80.6,291532,60227,0.2196
FC-009101,KA,KA-Coastal,Soybean,Kharif,1.51,Red,748.3,Rainfed,131018,2,0,100.0,41535,13343,0.7421
FC-009102,UP,UP-Western,Pulses,Rabi,3.08,Sandy,764.7,Rainfed,163784,3,1,40.1,61258,31094,0.7809
FC-009103,KA,KA-Central,Rice,Kharif,0.93,Red,756.7,Tubewell,103545,3,0,49.8,40000,12671,0.7415
FC-009104,BR,BR-Gangetic,Wheat,Rabi,1.64,Alluvial,1649.3,Drip,124741,3,0,97.1,103203,44312,0.2464
FC-009105,TN,TN-North,Pulses,Kharif,2.01,Alluvial,552.7,Tubewell,109608,2,1,32.1,46822,114004,0.9176
FC-009106,AP,AP-Upland,Rice,Kharif,1.46,Red,1222.2,Canal,103355,4,0,86.8,82160,11075,0.175
FC-009107,TN,TN-South,Pulses,Kharif,0.89,Alluvial,453.9,Canal,106006,3,1,43.0,40000,18846,0.7918
FC-009108,TG,TG-North,Maize,Kharif,1.08,ClayLoam,994.5,Rainfed,72795,3,0,64.3,40000,15244,0.495
FC-009109,TN,TN-West,Millet,Kharif,0.66,Black,1048.6,Rainfed,83634,2,0,65.5,40000,46722,0.7261
FC-009110,UP,UP-Bundelkhand,Wheat,Rabi,2.25,ClayLoam,513.0,Tubewell,144076,1,0,34.4,144940,16876,0.3927
FC-009111,UP,UP-Eastern,Wheat,Rabi,1.15,Alluvial,1000.7,Rainfed,101323,4,0,65.7,68598,7736,0.3177
FC-009112,MH,MH-Konkan,Pulses,Kharif,1.61,ClayLoam,935.4,Tubewell,109993,2,0,95.8,40000,4053,0.2851
FC-009113,UP,UP-Western,Maize,Kharif,1.45,Alluvial,1349.7,Drip,140599,1,0,86.5,61915,0,0.329
FC-009114,UP,UP-Central,Wheat,Rabi,1.04,Alluvial,653.1,Tubewell,74593,2,0,82.0,40000,57870,0.6533
FC-009115,AP,AP-Upland,Rice,Rabi,2.2,Alluvial,1383.0,Rainfed,186758,2,0,66.9,125984,38005,0.2732
FC-009116,UP,UP-Western,Sugarcane,Rabi,1.08,Alluvial,864.5,Canal,101929,0,0,70.0,203679,14921,0.1177
FC-009117,UP,UP-Western,Wheat,Rabi,1.07,Sandy,981.5,Canal,104284,0,0,100.0,50341,10378,0.2221
FC-009118,PB,PB-Majha,Rice,Kharif,0.23,Alluvial,769.8,Rainfed,51991,3,0,83.1,40000,4275,0.3719
FC-009119,KA,KA-North,Maize,Rabi,1.27,Red,1140.9,Rainfed,130812,3,0,82.9,55070,2314,0.4673
FC-009120,RJ,RJ-Marwar,Groundnut,Rabi,0.54,Laterite,488.9,Canal,72137,2,0,81.5,40000,147326,0.8543
FC-009121,HR,HR-South,Wheat,Rabi,0.9,Alluvial,782.6,Rainfed,91853,4,0,63.8,61546,7549,0.3061
FC-009122,RJ,RJ-Marwar,Mustard,Rabi,1.53,ClayLoam,560.2,Canal,139876,6,0,71.0,58971,60590,0.6407
FC-009123,KA,KA-South,Pulses,Rabi,3.6,Laterite,1127.5,Rainfed,249847,4,0,75.9,125960,0,0.2862
FC-009124,UP,UP-Western,Rice,Kharif,2.26,Alluvial,1046.4,Canal,232647,2,0,99.3,141551,49914,0.1968
FC-009125,HR,HR-East,Wheat,Rabi,0.91,Alluvial,645.4,Tubewell,112074,1,0,75.7,56902,24141,0.527
FC-009126,UP,UP-Central,Pulses,Rabi,0.58,Alluvial,1432.8,Tubewell,57766,2,0,100.0,40000,29673,0.2608
FC-009127,GJ,GJ-North,Groundnut,Kharif,1.42,Red,766.4,Canal,83211,2,0,97.0,93483,0,0.1125
FC-009128,HR,HR-West,Rice,Rabi,0.43,ClayLoam,699.4,Tubewell,62697,4,0,82.9,40000,114566,0.8457
FC-009129,RJ,RJ-Hadoti,Millet,Kharif,2.51,Alluvial,500.7,Canal,112845,2,0,88.6,40000,400000,0.5447
FC-009130,TG,TG-North,Groundnut,Kharif,2.21,Black,1142.5,Rainfed,233053,4,0,78.0,176286,52646,0.2091
FC-009131,PB,PB-Majha,Rice,Rabi,0.43,ClayLoam,663.3,Drip,59244,4,0,100.0,40000,9090,0.2356
FC-009132,PB,PB-Malwa,Wheat,Rabi,0.93,Alluvial,958.3,Canal,87838,1,0,68.2,66016,0,0.2528
FC-009133,RJ,RJ-Hadoti,Millet,Kharif,1.09,Laterite,361.2,Rainfed,81800,2,0,78.9,40000,21865,0.4571
FC-009134,AP,AP-Upland,Rice,Kharif,1.69,Sandy,1121.8,Tubewell,140996,2,0,97.8,113879,0,0.2006
FC-009135,KA,KA-Coastal,Sugarcane,Rabi,0.59,Red,1276.9,Canal,60379,3,0,83.4,132941,8253,0.1171
FC-009136,UP,UP-Eastern,Rice,Rabi,1.41,Alluvial,1113.9,Canal,99685,2,0,75.6,135488,10933,0.1047
FC-009137,RJ,RJ-Shekhawati,Mustard,Rabi,0.64,Alluvial,572.0,Drip,49712,3,0,90.7,40000,0,0.1959
FC-009138,UP,UP-Central,Cotton,Kharif,1.06,ClayLoam,898.0,Drip,87738,1,0,67.8,90865,32007,0.2646
FC-009139,RJ,RJ-Marwar,Cotton,Kharif,0.41,Sandy,566.6,Drip,52509,3,0,85.6,40000,160613,0.6925
FC-009140,TN,TN-Delta,Rice,Rabi,0.81,Black,599.5,Drip,94904,0,0,67.5,40000,35320,0.7348
FC-009141,PB,PB-Malwa,Wheat,Rabi,1.1,ClayLoam,638.0,Tubewell,76614,2,1,33.2,57497,131874,0.8185
FC-009142,MH,MH-Vidarbha,Cotton,Kharif,0.61,Red,918.1,Canal,57390,3,0,70.8,64036,18885,0.147
FC-009143,AP,AP-Coastal,Pulses,Rabi,1.94,Black,677.7,Drip,119913,5,0,87.9,43123,117315,0.5789
FC-009144,MH,MH-Vidarbha,Cotton,Kharif,1.48,Sandy,870.6,Drip,93079,0,0,71.5,149591,77046,0.1678
FC-009145,UP,UP-Central,Wheat,Rabi,1.54,ClayLoam,1119.9,Canal,86703,3,0,81.6,83175,38349,0.1612
FC-009146,MH,MH-Vidarbha,Rice,Kharif,1.2,Alluvial,1448.8,Rainfed,87848,3,0,97.7,40000,9390,0.3982
FC-009147,KA,KA-North,Maize,Kharif,0.6,Red,1473.5,Rainfed,47316,0,0,89.0,40000,0,0.1349
FC-009148,BR,BR-North,Maize,Kharif,1.17,Alluvial,1422.0,Drip,68876,0,0,100.0,67817,0,0.1164
FC-009149,UP,UP-Central,Sugarcane,Kharif,1.46,Alluvial,1257.0,Canal,108522,1,0,78.8,181012,19015,0.1176
FC-009150,BR,BR-Gangetic,Rice,Kharif,3.3,ClayLoam,959.9,Canal,291673,6,0,83.8,178389,10478,0.1925
FC-009151,BR,BR-Gangetic,Pulses,Rabi,0.51,Alluvial,1287.8,Tubewell,65729,1,0,100.0,40000,15053,0.286
FC-009152,RJ,RJ-Shekhawati,Millet,Kharif,3.0,Sandy,253.4,Tubewell,154709,6,0,79.4,53072,7699,0.4971
FC-009153,TG,TG-North,Rice,Kharif,6.14,Alluvial,837.0,Rainfed,368925,3,0,83.4,300574,14049,0.213
FC-009154,RJ,RJ-Hadoti,Cotton,Kharif,1.07,Black,456.6,Canal,111916,2,0,100.0,67209,4187,0.1849
FC-009155,MP,MP-Malwa,Wheat,Rabi,1.25,ClayLoam,916.6,Canal,99700,5,0,82.3,72467,34431,0.2283
FC-009156,UP,UP-Central,Sugarcane,Kharif,1.29,Alluvial,730.9,Canal,108628,3,0,68.7,122885,62632,0.2832
FC-009157,PB,PB-Doaba,Wheat,Rabi,0.75,Alluvial,686.1,Canal,76339,6,1,68.6,61541,193376,0.8344
FC-009158,RJ,RJ-Hadoti,Cotton,Kharif,0.67,Sandy,383.8,Drip,90848,2,0,80.0,60012,30016,0.3247
FC-009159,MP,MP-Malwa,Wheat,Rabi,1.43,Black,1163.2,Tubewell,149211,1,0,95.0,56964,19929,0.58
FC-009160,MH,MH-Western,Sugarcane,Kharif,1.28,Red,598.9,Drip,179761,3,0,86.1,183086,33855,0.2977
FC-009161,BR,BR-Gangetic,Wheat,Rabi,2.02,Alluvial,1510.1,Drip,117901,1,0,100.0,96649,87036,0.2288
FC-009162,MH,MH-Western,Millet,Kharif,1.57,Red,1339.8,Canal,90886,0,0,80.7,40000,0,0.2431
FC-009163,AP,AP-Coastal,Groundnut,Kharif,1.2,Red,640.1,Rainfed,100597,4,0,80.6,56577,16479,0.523
FC-009164,BR,BR-Gangetic,Wheat,Rabi,0.91,Alluvial,1035.5,Rainfed,91714,3,1,53.7,40909,44244,0.8701
FC-009165,MH,MH-Western,Sugarcane,Kharif,0.51,Alluvial,742.9,Rainfed,53915,0,0,79.7,73419,0,0.297
FC-009166,UP,UP-Western,Wheat,Rabi,0.96,Alluvial,753.7,Drip,94613,4,0,68.9,51020,16219,0.4455
FC-009167,GJ,GJ-South,Rice,Rabi,0.91,ClayLoam,1104.4,Canal,113895,1,0,96.7,68762,0,0.3027
FC-009168,UP,UP-Western,Sugarcane,Kharif,1.07,Alluvial,896.1,Canal,76524,2,0,49.9,109421,15611,0.1273
FC-009169,GJ,GJ-North,Pulses,Rabi,5.38,Red,752.6,Tubewell,321571,2,0,35.4,153197,41801,0.5135
FC-009170,TG,TG-Central,Wheat,Rabi,1.41,Red,890.9,Drip,78835,2,0,69.9,83978,0,0.1498
FC-009171,TN,TN-North,Rice,Rabi,1.94,Black,814.3,Drip,182274,2,0,71.7,91139,8745,0.3688
FC-009172,UP,UP-Eastern,Wheat,Rabi,0.25,Alluvial,1015.3,Rainfed,65567,3,0,94.9,40000,0,0.403
FC-009173,TG,TG-North,Wheat,Rabi,0.58,ClayLoam,877.7,Rainfed,54034,4,0,54.7,40000,47973,0.5787
FC-009174,AP,AP-Upland,Maize,Rabi,2.86,Black,1134.0,Rainfed,129267,3,0,81.0,104563,46996,0.2089
FC-009175,BR,BR-Gangetic,Mustard,Rabi,0.53,Alluvial,1247.8,Drip,56242,0,0,85.4,40000,0,0.0936
FC-009176,BR,BR-Gangetic,Rice,Kharif,1.84,Alluvial,1237.7,Rainfed,126150,1,0,51.5,61605,0,0.3969
FC-009177,GJ,GJ-North,Wheat,Rabi,0.88,Alluvial,981.4,Tubewell,107126,2,1,35.0,52948,100520,0.8648
FC-009178,RJ,RJ-Shekhawati,Pulses,Kharif,1.08,Alluvial,715.0,Rainfed,60890,2,0,66.4,40000,21670,0.4612
FC-009179,MH,MH-Marathwada,Soybean,Kharif,1.36,Alluvial,614.9,Drip,117504,3,0,87.9,49072,54268,0.666
FC-009180,RJ,RJ-Marwar,Mustard,Rabi,0.46,Sandy,474.2,Tubewell,46132,5,0,71.5,40000,25529,0.4683
FC-009181,TN,TN-North,Rice,Rabi,0.8,Red,1066.4,Canal,76689,1,0,95.9,40000,84833,0.5681
FC-009182,HR,HR-South,Rice,Kharif,0.58,Alluvial,561.3,Tubewell,44831,2,0,92.7,40000,0,0.1757
FC-009183,MH,MH-Konkan,Pulses,Kharif,1.37,Black,583.5,Canal,99970,3,0,44.9,41887,0,0.4363
FC-009184,MP,MP-Mahakoshal,Pulses,Kharif,1.8,Red,724.4,Canal,123150,3,0,69.1,54569,52902,0.6779
FC-009185,HR,HR-West,Wheat,Rabi,0.51,ClayLoam,695.5,Tubewell,46459,5,0,100.0,40000,14578,0.1292
FC-009186,TG,TG-South,Maize,Kharif,1.65,Black,1040.0,Rainfed,106690,2,0,82.2,42283,64137,0.8116
FC-009187,GJ,GJ-North,Millet,Kharif,1.01,ClayLoam,622.6,Canal,57958,2,0,69.5,40000,49086,0.4298
FC-009188,TG,TG-South,Pulses,Rabi,0.87,ClayLoam,1305.0,Drip,75537,5,0,70.7,40000,7307,0.4665
FC-009189,UP,UP-Central,Wheat,Rabi,1.5,Alluvial,1096.2,Rainfed,112745,5,0,77.2,62162,56619,0.6268
FC-009190,KA,KA-Coastal,Wheat,Rabi,2.41,ClayLoam,942.4,Drip,174411,3,0,88.5,102320,0,0.257
FC-009191,BR,BR-North,Rice,Rabi,1.53,Alluvial,1142.7,Canal,105005,2,0,38.0,47231,49094,0.7348
FC-009192,UP,UP-Eastern,Wheat,Rabi,1.07,Alluvial,981.7,Rainfed,74849,1,0,54.9,96931,34407,0.2631
FC-009193,MH,MH-Western,Soybean,Kharif,1.47,Red,833.7,Drip,144711,1,0,68.2,67234,60158,0.5444
FC-009194,MH,MH-Konkan,Maize,Kharif,1.57,Alluvial,1159.9,Canal,155719,2,0,72.8,64047,158371,0.7569
FC-009195,MP,MP-Chambal,Rice,Kharif,1.81,Black,943.7,Canal,114018,0,0,75.7,128344,13470,0.1615
FC-009196,UP,UP-Western,Pulses,Rabi,3.13,ClayLoam,874.7,Drip,241895,2,0,77.9,91132,16507,0.5055
FC-009197,UP,UP-Eastern,Cotton,Kharif,1.51,Alluvial,790.4,Tubewell,112819,4,0,94.2,48949,20701,0.285
FC-009198,GJ,GJ-Saurashtra,Wheat,Rabi,0.74,Red,706.8,Tubewell,95321,2,0,71.1,40000,0,0.4992
FC-009199,RJ,RJ-Mewar,Groundnut,Kharif,1.16,Red,654.6,Drip,94666,4,0,73.3,65601,0,0.2801
FC-009200,HR,HR-South,Sugarcane,Kharif,1.08,Sandy,527.1,Rainfed,83214,2,0,37.3,178613,11634,0.2792
FC-009201,AP,AP-Rayalaseema,Pulses,Kharif,1.3,ClayLoam,921.8,Rainfed,115642,3,0,86.2,40000,34717,0.6443
FC-009202,MH,MH-Western,Cotton,Kharif,1.66,Red,852.8,Drip,145464,3,0,77.6,66238,16171,0.3243
FC-009203,MP,MP-Mahakoshal,Pulses,Rabi,1.07,ClayLoam,714.4,Tubewell,111520,0,1,14.2,40000,44218,0.8829
FC-009204,MP,MP-Chambal,Soybean,Kharif,1.85,Red,981.7,Tubewell,107325,2,0,70.3,123554,13900,0.2558
FC-009205,RJ,RJ-Mewar,Wheat,Rabi,1.34,ClayLoam,369.3,Rainfed,138629,2,0,55.1,71416,22723,0.6836
FC-009206,TN,TN-Delta,Cotton,Kharif,0.54,Red,904.1,Canal,54675,2,0,65.5,41666,6707,0.3092
FC-009207,GJ,GJ-South,Pulses,Rabi,0.43,Sandy,988.2,Rainfed,52107,4,0,54.1,40000,25683,0.4797
FC-009208,MH,MH-Konkan,Rice,Kharif,1.06,ClayLoam,1236.6,Canal,118316,6,0,85.2,59866,38568,0.5285
FC-009209,BR,BR-South,Rice,Rabi,1.38,Alluvial,1287.1,Rainfed,128541,5,0,60.9,47535,9957,0.5841
FC-009210,TG,TG-Central,Pulses,Rabi,0.83,Red,936.5,Rainfed,63184,3,0,92.1,43450,3164,0.3048
FC-009211,HR,HR-South,Wheat,Rabi,2.38,ClayLoam,324.6,Rainfed,112668,3,0,83.7,101806,33963,0.4002
FC-009212,BR,BR-Gangetic,Wheat,Rabi,2.43,Alluvial,1173.1,Canal,181859,0,0,85.8,220015,88772,0.2452
FC-009213,RJ,RJ-Marwar,Millet,Kharif,1.56,Alluvial,278.5,Drip,80950,1,0,76.1,40000,0,0.2841
FC-009214,AP,AP-Upland,Millet,Kharif,0.28,Black,1122.3,Rainfed,56383,2,0,73.7,40000,24588,0.3307
FC-009215,TG,TG-Central,Cotton,Kharif,0.81,Red,952.6,Canal,106420,7,0,71.4,61512,24930,0.4599
FC-009216,MH,MH-Western,Wheat,Rabi,0.81,Alluvial,912.7,Rainfed,76347,1,0,65.3,53314,75071,0.5839
FC-009217,PB,PB-Majha,Rice,Rabi,0.58,Alluvial,546.9,Canal,82132,2,0,50.4,40000,13333,0.5362
FC-009218,PB,PB-Majha,Wheat,Rabi,1.54,Black,657.6,Tubewell,114578,3,0,98.7,70949,0,0.2731
FC-009219,MP,MP-Mahakoshal,Wheat,Rabi,1.08,Black,837.9,Rainfed,68250,1,1,31.6,44661,69292,0.8407
FC-009220,RJ,RJ-Marwar,Mustard,Rabi,4.8,ClayLoam,469.6,Rainfed,212568,0,0,55.3,191556,26909,0.2035
FC-009221,RJ,RJ-Shekhawati,Pulses,Rabi,1.17,ClayLoam,587.2,Canal,74112,0,0,100.0,40000,0,0.1673
FC-009222,BR,BR-South,Wheat,Rabi,0.45,Alluvial,1095.2,Rainfed,64580,3,0,52.6,40000,151518,0.9275
FC-009223,MP,MP-Bundelkhand,Wheat,Rabi,2.01,Black,1035.7,Canal,107631,2,0,71.2,130910,116571,0.3208
FC-009224,HR,HR-West,Rice,Rabi,0.61,Sandy,427.8,Rainfed,71735,2,0,61.4,40000,6707,0.7582
FC-009225,UP,UP-Eastern,Groundnut,Rabi,3.35,Red,1023.4,Canal,236475,1,0,93.8,298028,46163,0.1049
FC-009226,UP,UP-Bundelkhand,Sugarcane,Kharif,1.18,ClayLoam,814.5,Canal,100589,3,0,84.3,125356,37507,0.3558
FC-009227,UP,UP-Central,Pulses,Rabi,0.61,ClayLoam,1165.3,Tubewell,87788,5,0,54.0,40000,8971,0.5537
FC-009228,MH,MH-Vidarbha,Soybean,Kharif,1.17,Black,963.8,Rainfed,79020,2,0,80.7,40000,0,0.3379
FC-009229,MH,MH-Marathwada,Groundnut,Kharif,0.59,Red,722.9,Canal,79843,2,0,88.0,40000,8160,0.2855
FC-009230,TN,TN-West,Rice,Rabi,1.24,Alluvial,980.3,Rainfed,73111,2,0,43.3,58814,0,0.3148
FC-009231,UP,UP-Western,Rice,Kharif,4.12,Alluvial,1033.7,Rainfed,244984,3,0,100.0,260846,9969,0.1596
FC-009232,MP,MP-Malwa,Cotton,Kharif,1.66,Red,1095.4,Canal,174884,2,0,93.6,145107,24777,0.2004
FC-009233,UP,UP-Western,Rice,Kharif,1.44,Alluvial,848.3,Tubewell,133763,2,0,88.5,110719,83985,0.377
FC-009234,MP,MP-Bundelkhand,Groundnut,Rabi,1.72,Red,744.6,Rainfed,152901,1,0,97.3,96117,32849,0.3341
FC-009235,MP,MP-Mahakoshal,Mustard,Rabi,1.22,Red,759.4,Rainfed,104207,3,1,61.2,57931,142163,0.8761
FC-009236,KA,KA-Central,Rice,Kharif,0.31,Black,1496.0,Rainfed,48336,3,1,31.2,40000,119672,0.8979
FC-009237,MP,MP-Bundelkhand,Wheat,Rabi,1.23,Black,1123.8,Rainfed,98744,2,0,55.9,57252,57224,0.5462
FC-009238,TN,TN-South,Rice,Kharif,5.46,Red,776.8,Rainfed,422308,1,0,59.7,185931,8600,0.6695
FC-009239,MH,MH-Konkan,Pulses,Kharif,1.13,Black,1244.5,Canal,63579,3,0,99.4,40000,14667,0.3265
FC-009240,TG,TG-Central,Pulses,Rabi,1.04,Red,962.5,Rainfed,63602,5,0,68.3,42244,101707,0.6362
FC-009241,KA,KA-Coastal,Groundnut,Kharif,0.5,Black,1551.3,Rainfed,61540,1,0,73.6,40000,0,0.4007
FC-009242,GJ,GJ-Central,Cotton,Kharif,2.15,Black,1261.4,Rainfed,154945,2,0,98.2,153484,7387,0.1774
FC-009243,AP,AP-Rayalaseema,Rice,Kharif,0.43,Red,532.2,Tubewell,69970,0,0,74.1,40000,19478,0.819
FC-009244,BR,BR-Gangetic,Rice,Rabi,1.68,Alluvial,860.4,Drip,157048,2,0,86.5,65274,5331,0.3349
FC-009245,TN,TN-West,Maize,Rabi,0.56,Red,1327.5,Canal,80203,3,0,80.4,40000,31894,0.6693
FC-009246,UP,UP-Central,Maize,Rabi,5.84,Alluvial,700.4,Rainfed,419893,1,0,87.7,171422,19760,0.6234
FC-009247,BR,BR-Gangetic,Rice,Rabi,0.4,Alluvial,838.2,Tubewell,48125,1,0,65.4,40000,34281,0.6658
FC-009248,GJ,GJ-Saurashtra,Cotton,Kharif,1.07,Alluvial,792.3,Tubewell,100174,4,0,75.5,48515,12581,0.5447
FC-009249,MP,MP-Chambal,Groundnut,Kharif,2.14,Alluvial,1109.4,Canal,180508,2,0,100.0,73328,16256,0.3357
FC-009250,BR,BR-Gangetic,Rice,Rabi,1.73,Alluvial,861.4,Tubewell,95109,2,0,64.6,102875,10852,0.2432
FC-009251,MP,MP-Chambal,Cotton,Kharif,1.36,Red,1147.3,Tubewell,163076,3,0,74.1,107136,53010,0.3469
FC-009252,PB,PB-Malwa,Rice,Kharif,0.66,Sandy,776.7,Tubewell,68895,6,0,61.8,40000,80229,0.773
FC-009253,PB,PB-Majha,Wheat,Rabi,0.94,ClayLoam,748.0,Rainfed,112619,3,0,82.5,74359,7478,0.2428
FC-009254,UP,UP-Eastern,Mustard,Rabi,1.92,Alluvial,890.5,Tubewell,114017,2,0,93.6,51540,7654,0.2849
FC-009255,MP,MP-Mahakoshal,Cotton,Kharif,1.9,Black,1183.3,Tubewell,200527,4,0,80.6,166551,42338,0.2627
FC-009256,RJ,RJ-Mewar,Millet,Kharif,1.48,Sandy,651.9,Canal,113850,0,1,33.4,40000,10383,0.8087
FC-009257,HR,HR-West,Wheat,Rabi,0.4,Alluvial,510.4,Tubewell,64377,0,0,93.2,40000,6235,0.372
FC-009258,UP,UP-Bundelkhand,Rice,Rabi,2.17,Alluvial,1157.3,Canal,180916,1,0,99.7,159002,76458,0.1758
FC-009259,AP,AP-Coastal,Rice,Kharif,3.11,Red,859.0,Rainfed,216967,3,0,71.1,136059,47352,0.5515
FC-009260,BR,BR-Gangetic,Mustard,Rabi,0.87,Red,1543.6,Drip,89480,3,0,75.9,40000,41587,0.6199
FC-009261,AP,AP-Upland,Maize,Rabi,0.35,Alluvial,593.5,Rainfed,51454,1,0,56.1,40000,0,0.511
FC-009262,KA,KA-North,Pulses,Rabi,0.55,Red,1661.7,Tubewell,47459,5,0,84.0,40000,0,0.1969
FC-009263,AP,AP-Coastal,Rice,Kharif,1.62,Red,841.1,Tubewell,132396,4,0,75.9,51547,0,0.6171
FC-009264,UP,UP-Western,Rice,Rabi,1.64,Sandy,978.8,Canal,110180,0,0,70.8,92329,24091,0.3138
FC-009265,MH,MH-Vidarbha,Soybean,Kharif,2.1,Red,1224.0,Rainfed,193234,2,0,55.8,100097,0,0.5691
FC-009266,GJ,GJ-South,Pulses,Rabi,2.59,Alluvial,1071.5,Tubewell,181398,2,0,82.2,104338,0,0.2666
FC-009267,GJ,GJ-Saurashtra,Cotton,Kharif,1.06,Black,1099.4,Rainfed,125865,3,0,71.7,99660,87937,0.4958
FC-009268,MP,MP-Mahakoshal,Pulses,Kharif,1.44,ClayLoam,1021.5,Canal,105321,0,0,70.2,40000,5124,0.5757
FC-009269,UP,UP-Eastern,Pulses,Rabi,0.62,Alluvial,845.4,Rainfed,84216,2,0,56.1,40000,74374,0.8118
FC-009270,TG,TG-South,Maize,Kharif,1.15,ClayLoam,1149.8,Rainfed,74579,3,0,66.8,52717,35538,0.5728
FC-009271,MP,MP-Malwa,Millet,Kharif,4.62,ClayLoam,1250.3,Canal,299602,2,0,46.3,50671,11577,0.8202
FC-009272,KA,KA-Central,Rice,Kharif,3.5,Red,1239.0,Rainfed,350372,3,0,62.1,243817,0,0.3598
FC-009273,UP,UP-Central,Cotton,Kharif,1.15,Alluvial,992.0,Rainfed,131409,3,0,93.6,75795,44793,0.3113
FC-009274,TN,TN-North,Rice,Rabi,0.98,Alluvial,893.7,Tubewell,70351,4,0,100.0,55160,19516,0.2492
FC-009275,RJ,RJ-Marwar,Groundnut,Rabi,1.35,Sandy,432.3,Drip,97564,0,0,87.0,116571,0,0.163
FC-009276,UP,UP-Central,Sugarcane,Rabi,1.74,Alluvial,786.2,Canal,172338,0,0,91.7,355757,12284,0.1639
FC-009277,PB,PB-Malwa,Rice,Rabi,1.69,Alluvial,562.2,Drip,84508,3,0,87.3,64430,73276,0.516
FC-009278,RJ,RJ-Marwar,Millet,Kharif,1.65,Red,579.8,Tubewell,104704,3,0,63.3,40000,75666,0.7302
FC-009279,RJ,RJ-Shekhawati,Soybean,Kharif,2.13,Red,396.9,Canal,134176,2,0,64.9,40000,0,0.608
FC-009280,UP,UP-Bundelkhand,Sugarcane,Rabi,0.26,Alluvial,734.5,Rainfed,54159,2,0,70.8,40000,6352,0.6365
FC-009281,MP,MP-Mahakoshal,Soybean,Kharif,1.66,Red,604.1,Drip,146366,4,0,79.8,83930,10005,0.3214
FC-009282,TG,TG-North,Rice,Rabi,2.16,ClayLoam,1173.9,Canal,225058,2,0,88.0,170302,15575,0.1545
FC-009283,BR,BR-Gangetic,Rice,Rabi,2.62,Alluvial,1306.9,Canal,167645,2,0,66.9,195893,9372,0.2168
FC-009284,MP,MP-Chambal,Pulses,Kharif,4.41,Alluvial,945.0,Tubewell,225993,2,0,56.3,101992,19076,0.4053
FC-009285,RJ,RJ-Hadoti,Millet,Kharif,1.88,Sandy,512.1,Drip,101032,4,0,67.6,40000,0,0.5539
FC-009286,AP,AP-Rayalaseema,Rice,Rabi,1.18,ClayLoam,1000.6,Canal,96668,2,0,71.4,96003,19876,0.2299
FC-009287,RJ,RJ-Hadoti,Mustard,Rabi,0.52,ClayLoam,427.7,Drip,75839,2,0,83.4,40000,6519,0.3266
FC-009288,GJ,GJ-North,Rice,Kharif,1.59,Sandy,776.1,Canal,176321,1,0,70.0,103206,93307,0.5836
FC-009289,UP,UP-Eastern,Rice,Rabi,0.71,Black,1167.5,Rainfed,88501,1,0,65.0,40469,47980,0.7828
FC-009290,BR,BR-North,Pulses,Rabi,0.62,Alluvial,1074.2,Rainfed,65667,5,1,23.0,40000,65715,0.8794
FC-009291,MH,MH-Western,Sugarcane,Kharif,0.27,Sandy,1103.2,Tubewell,35160,5,1,33.5,48932,167189,0.871
FC-009292,RJ,RJ-Mewar,Pulses,Rabi,2.4,Alluvial,393.8,Drip,148306,2,0,100.0,46308,14672,0.5258
FC-009293,TN,TN-South,Sugarcane,Kharif,0.8,Red,1098.9,Canal,107788,5,0,50.7,90074,8543,0.3473
FC-009294,AP,AP-Coastal,Sugarcane,Kharif,1.36,Red,905.2,Drip,121914,2,0,70.8,197284,0,0.105
FC-009295,MP,MP-Bundelkhand,Soybean,Kharif,3.55,Red,901.7,Rainfed,306444,0,0,55.8,188023,47510,0.4998
FC-009296,AP,AP-Upland,Millet,Kharif,0.79,Black,816.5,Tubewell,82945,4,0,60.6,40000,67532,0.8306
FC-009297,BR,BR-North,Rice,Kharif,0.43,Alluvial,1432.1,Drip,42472,6,0,91.7,40000,15190,0.1806
FC-009298,UP,UP-Bundelkhand,Maize,Rabi,4.62,ClayLoam,959.1,Canal,349941,2,0,83.3,228023,10546,0.2976
FC-009299,AP,AP-Coastal,Rice,Kharif,1.2,ClayLoam,882.3,Drip,100042,2,0,58.4,104833,2445,0.1981
FC-009300,GJ,GJ-Central,Sugarcane,Rabi,2.04,Black,521.8,Tubewell,220270,1,0,70.5,208402,29420,0.2227
FC-009301,UP,UP-Bundelkhand,Rice,Kharif,1.13,Black,1267.7,Rainfed,86995,4,0,87.8,100907,106818,0.3108
FC-009302,MH,MH-Vidarbha,Pulses,Rabi,1.49,Black,1302.2,Tubewell,99546,3,0,45.9,50701,33984,0.5262
FC-009303,HR,HR-South,Wheat,Rabi,0.86,Alluvial,631.0,Tubewell,103882,3,1,33.5,40978,41238,0.862
FC-009304,UP,UP-Bundelkhand,Maize,Rabi,1.49,Alluvial,1035.0,Canal,102402,1,0,99.6,70185,49486,0.3126
FC-009305,TN,TN-West,Rice,Rabi,1.41,ClayLoam,1039.7,Canal,120036,1,0,61.6,85434,0,0.35
FC-009306,KA,KA-Coastal,Groundnut,Kharif,0.35,Black,1011.7,Canal,53529,1,0,95.1,40000,8427,0.2952
FC-009307,BR,BR-Gangetic,Wheat,Rabi,2.46,ClayLoam,1380.9,Rainfed,198666,4,0,85.9,215256,13598,0.131
FC-009308,UP,UP-Bundelkhand,Wheat,Rabi,1.39,Alluvial,683.8,Tubewell,148600,4,0,56.0,83689,4675,0.607
FC-009309,MH,MH-Vidarbha,Soybean,Kharif,0.69,Alluvial,847.3,Canal,73184,4,0,50.3,40000,9337,0.5595
FC-009310,TG,TG-Central,Cotton,Kharif,0.98,Alluvial,742.5,Canal,76179,0,0,77.8,51344,61770,0.5081
FC-009311,RJ,RJ-Mewar,Millet,Kharif,2.19,Red,258.2,Rainfed,172148,2,0,80.3,58213,25506,0.7618
FC-009312,BR,BR-Gangetic,Wheat,Rabi,1.27,ClayLoam,1175.6,Drip,137802,5,0,67.8,104998,0,0.2836
FC-009313,HR,HR-East,Rice,Rabi,2.84,Sandy,389.3,Rainfed,169853,2,0,83.0,132725,14681,0.4698
FC-009314,TG,TG-North,Cotton,Kharif,0.35,Alluvial,774.2,Rainfed,70437,2,0,51.8,40000,89659,0.8903
FC-009315,BR,BR-South,Maize,Rabi,1.75,Alluvial,1315.1,Canal,107160,3,0,77.6,100068,2900,0.1748
FC-009316,UP,UP-Western,Pulses,Rabi,0.37,ClayLoam,967.9,Rainfed,37795,1,0,80.6,40000,43809,0.4445
FC-009317,MH,MH-Marathwada,Soybean,Kharif,0.87,ClayLoam,895.1,Tubewell,66426,2,1,73.5,45210,136085,0.8514
FC-009318,TG,TG-North,Rice,Rabi,1.39,Laterite,1055.6,Tubewell,79876,1,0,72.1,53150,0,0.1986
FC-009319,GJ,GJ-North,Cotton,Kharif,1.38,Alluvial,620.0,Drip,114933,3,0,78.9,134506,14572,0.125
FC-009320,TG,TG-North,Pulses,Rabi,0.4,Red,1363.2,Drip,73583,0,0,79.6,40000,142910,0.7467
FC-009321,RJ,RJ-Mewar,Millet,Kharif,0.82,Sandy,349.4,Rainfed,92377,3,1,63.3,40000,93947,0.8471
FC-009322,MP,MP-Mahakoshal,Wheat,Rabi,1.32,Black,1278.9,Canal,147146,3,0,76.4,95121,6750,0.1957
FC-009323,TN,TN-Delta,Groundnut,Rabi,1.26,Red,1059.7,Rainfed,136291,4,0,79.0,67528,80887,0.6535
FC-009324,KA,KA-North,Rice,Kharif,0.85,Black,250.0,Drip,66330,6,1,41.7,42103,59037,0.8944
FC-009325,KA,KA-South,Maize,Rabi,1.31,Laterite,631.6,Rainfed,105206,3,0,95.1,40000,2845,0.6281
FC-009326,RJ,RJ-Marwar,Wheat,Rabi,1.63,Black,314.9,Tubewell,110371,2,0,74.9,118465,22574,0.3331
FC-009327,AP,AP-Rayalaseema,Pulses,Kharif,0.39,ClayLoam,1034.1,Tubewell,64045,0,0,91.2,40000,0,0.4767
FC-009328,MH,MH-Vidarbha,Soybean,Kharif,1.25,Black,695.6,Canal,105181,3,1,26.3,40148,53245,0.892
FC-009329,TG,TG-North,Maize,Kharif,0.72,Red,563.7,Tubewell,50435,3,0,70.0,40000,0,0.355
FC-009330,HR,HR-East,Maize,Kharif,0.79,Alluvial,742.3,Tubewell,84821,3,0,67.5,40000,21282,0.4434
FC-009331,MH,MH-Marathwada,Cotton,Kharif,1.45,Black,952.5,Rainfed,149527,2,0,100.0,109150,49621,0.2706
FC-009332,BR,BR-South,Rice,Kharif,2.39,ClayLoam,919.7,Canal,113227,4,0,47.6,101394,0,0.2414
FC-009333,TG,TG-Central,Pulses,Rabi,0.64,Black,984.9,Rainfed,51147,2,0,72.5,40000,22506,0.2905
FC-009334,UP,UP-Eastern,Wheat,Rabi,1.48,Alluvial,1301.6,Rainfed,175243,4,0,86.3,129119,0,0.1946
FC-009335,TG,TG-Central,Rice,Rabi,1.18,Red,913.7,Drip,74432,3,0,77.4,84788,0,0.1362
FC-009336,PB,PB-Majha,Mustard,Rabi,0.44,Alluvial,845.1,Rainfed,47785,3,0,53.1,40000,16159,0.2381
FC-009337,PB,PB-Doaba,Wheat,Rabi,1.47,Alluvial,646.3,Rainfed,117656,2,0,50.6,60331,0,0.4373
FC-009338,KA,KA-South,Groundnut,Kharif,0.44,Laterite,1106.3,Rainfed,53429,1,1,45.9,40000,161457,0.8823
FC-009339,AP,AP-Coastal,Millet,Kharif,0.7,Alluvial,1131.9,Rainfed,84787,3,0,100.0,40000,48173,0.6391
FC-009340,KA,KA-Coastal,Sugarcane,Kharif,1.59,Black,427.8,Rainfed,109595,2,0,75.5,140792,19086,0.5657
FC-009341,UP,UP-Eastern,Sugarcane,Rabi,5.53,ClayLoam,1118.2,Canal,331239,2,0,78.1,700000,130508,0.23
FC-009342,MP,MP-Bundelkhand,Rice,Rabi,1.07,Alluvial,1203.4,Canal,69516,1,0,92.7,56376,40035,0.2959
FC-009343,GJ,GJ-Saurashtra,Maize,Rabi,1.04,Alluvial,875.3,Drip,60995,0,0,58.2,48599,16493,0.3535
FC-009344,UP,UP-Eastern,Rice,Kharif,2.71,ClayLoam,713.3,Rainfed,143556,4,0,96.9,136474,0,0.3941
FC-009345,BR,BR-Gangetic,Mustard,Rabi,0.72,Alluvial,1220.0,Rainfed,50345,1,0,86.7,54760,29496,0.2515
FC-009346,MP,MP-Chambal,Pulses,Kharif,0.76,Red,890.2,Drip,98320,1,1,51.9,40000,81624,0.8102
FC-009347,TG,TG-South,Rice,Rabi,5.43,Sandy,851.3,Tubewell,432613,2,0,78.4,327791,0,0.245
FC-009348,HR,HR-East,Cotton,Kharif,0.47,Sandy,811.3,Tubewell,73553,1,1,43.9,52830,219439,0.8926
FC-009349,GJ,GJ-Central,Wheat,Rabi,0.3,Alluvial,855.3,Canal,61365,2,0,88.2,40000,16139,0.3904
FC-009350,HR,HR-South,Cotton,Kharif,0.26,Alluvial,681.0,Tubewell,42035,2,0,64.8,40000,57038,0.4881
FC-009351,UP,UP-Western,Rice,Kharif,0.29,Alluvial,953.8,Tubewell,35112,0,0,69.3,40000,0,0.1619
FC-009352,GJ,GJ-Central,Maize,Kharif,1.3,Red,1417.8,Drip,80862,2,0,79.9,53410,49943,0.3649
FC-009353,PB,PB-Malwa,Maize,Rabi,9.38,Alluvial,641.1,Tubewell,414711,2,0,73.8,491490,14291,0.142
FC-009354,HR,HR-East,Rice,Rabi,0.49,Alluvial,503.0,Tubewell,40211,2,0,90.0,40000,13056,0.2668
FC-009355,KA,KA-North,Groundnut,Kharif,1.03,Red,1156.2,Rainfed,96620,1,0,76.3,98764,17570,0.1439
FC-009356,MP,MP-Mahakoshal,Cotton,Kharif,0.45,Black,1172.7,Drip,48719,0,0,83.8,47554,0,0.2668
FC-009357,UP,UP-Eastern,Maize,Rabi,2.59,Alluvial,1315.6,Tubewell,207927,0,0,69.8,60441,14161,0.7549
FC-009358,HR,HR-East,Wheat,Rabi,4.69,Alluvial,576.4,Tubewell,290699,2,0,59.5,334754,0,0.2262
FC-009359,UP,UP-Central,Wheat,Rabi,0.33,Alluvial,1155.9,Drip,58061,1,0,52.6,40000,21986,0.4539
FC-009360,GJ,GJ-North,Pulses,Rabi,4.87,Sandy,828.5,Tubewell,307884,3,0,76.2,200471,24823,0.1637
FC-009361,BR,BR-South,Rice,Kharif,0.29,Alluvial,762.4,Rainfed,51073,1,0,96.1,40000,29102,0.5849
FC-009362,HR,HR-West,Wheat,Rabi,0.94,ClayLoam,475.8,Tubewell,97745,4,0,90.3,54965,34609,0.4217
FC-009363,GJ,GJ-South,Mustard,Rabi,1.46,Black,1294.8,Tubewell,80020,4,0,61.0,40000,0,0.4057
FC-009364,TN,TN-North,Rice,Rabi,4.82,Alluvial,1057.6,Canal,354345,2,0,93.7,266524,226770,0.2721
FC-009365,MH,MH-Vidarbha,Cotton,Kharif,1.25,Alluvial,1181.2,Rainfed,132359,1,0,51.1,79700,49757,0.4988
FC-009366,BR,BR-South,Rice,Rabi,1.36,Alluvial,1073.7,Rainfed,100295,3,0,76.9,85386,0,0.2237
FC-009367,MH,MH-Marathwada,Soybean,Kharif,1.92,Black,867.7,Canal,92717,2,0,61.1,59832,30920,0.3636
FC-009368,MH,MH-Vidarbha,Pulses,Rabi,0.95,Red,716.4,Drip,92498,2,1,45.6,40000,41141,0.7978
FC-009369,PB,PB-Doaba,Cotton,Kharif,1.05,Alluvial,632.7,Drip,91656,2,0,64.0,46546,80849,0.6231
FC-009370,MH,MH-Western,Maize,Rabi,0.54,Red,1036.0,Canal,51217,3,1,63.7,40000,352442,0.8531
FC-009371,UP,UP-Bundelkhand,Rice,Rabi,0.79,Alluvial,840.6,Tubewell,66611,4,0,92.5,44725,51402,0.6459
FC-009372,PB,PB-Majha,Pulses,Kharif,0.25,Alluvial,524.7,Rainfed,37652,2,0,75.4,40000,48134,0.6375
FC-009373,TN,TN-West,Maize,Kharif,0.32,Red,982.1,Canal,60428,4,0,62.1,40000,11081,0.5043
FC-009374,KA,KA-Coastal,Rice,Rabi,0.59,Alluvial,1247.1,Drip,50443,1,0,84.7,40000,0,0.1697
FC-009375,MP,MP-Chambal,Rice,Rabi,2.62,Black,1300.3,Rainfed,151130,2,0,83.2,204087,18371,0.156
FC-009376,MP,MP-Chambal,Soybean,Kharif,2.36,ClayLoam,891.3,Tubewell,117737,2,0,100.0,120210,0,0.1219
FC-009377,TN,TN-North,Rice,Kharif,0.88,Alluvial,872.8,Tubewell,89098,2,0,47.8,61139,39287,0.6689
FC-009378,MH,MH-Marathwada,Cotton,Kharif,1.92,Red,1166.8,Tubewell,139980,0,0,100.0,128430,0,0.1916
FC-009379,KA,KA-Coastal,Rice,Rabi,1.41,Black,963.0,Tubewell,76545,2,0,92.6,60480,67584,0.5221
FC-009380,MH,MH-Western,Pulses,Kharif,0.54,Red,525.7,Rainfed,42880,2,0,76.3,40000,0,0.3064
FC-009381,TG,TG-South,Rice,Kharif,1.05,Alluvial,768.1,Tubewell,62006,3,0,57.9,59323,70617,0.441
FC-009382,KA,KA-South,Sugarcane,Rabi,2.82,Red,946.8,Drip,232102,1,0,68.6,473197,74431,0.1112
FC-009383,PB,PB-Malwa,Wheat,Rabi,2.15,Alluvial,685.0,Drip,138337,4,0,61.9,137888,184705,0.5325
FC-009384,MH,MH-Vidarbha,Sugarcane,Kharif,0.98,Red,769.8,Drip,97147,7,0,75.8,171727,998,0.1159
FC-009385,BR,BR-North,Wheat,Rabi,0.78,Alluvial,1353.8,Rainfed,88479,2,0,71.9,40000,0,0.4617
FC-009386,KA,KA-South,Groundnut,Kharif,0.2,Red,1191.0,Rainfed,62516,3,0,77.0,40000,19196,0.5552
FC-009387,MH,MH-Marathwada,Sugarcane,Kharif,3.0,Red,1023.8,Canal,367586,1,0,89.3,513692,10830,0.1311
FC-009388,TG,TG-North,Cotton,Kharif,2.75,Laterite,862.0,Drip,191843,2,0,68.4,216262,23905,0.1094
FC-009389,KA,KA-North,Sugarcane,Rabi,2.01,Black,1412.6,Tubewell,212065,0,0,66.8,207939,144504,0.3743
FC-009390,BR,BR-Gangetic,Rice,Rabi,0.48,ClayLoam,906.2,Rainfed,71029,1,1,53.3,40000,26668,0.872
FC-009391,TG,TG-North,Pulses,Rabi,5.92,ClayLoam,930.3,Drip,309751,6,0,70.2,194427,0,0.3281
FC-009392,TN,TN-Delta,Sugarcane,Rabi,0.71,Alluvial,845.8,Tubewell,129171,3,0,62.3,129335,12039,0.3754
FC-009393,BR,BR-Gangetic,Wheat,Rabi,6.6,Alluvial,1229.2,Canal,328473,3,0,87.7,404849,135514,0.1593
FC-009394,BR,BR-North,Pulses,Rabi,4.51,Red,1068.4,Rainfed,198950,2,0,86.0,104472,12867,0.3372
FC-009395,MH,MH-Western,Cotton,Kharif,0.96,Laterite,632.6,Tubewell,65179,4,0,62.3,66438,11785,0.2874
FC-009396,AP,AP-Rayalaseema,Cotton,Kharif,1.78,Laterite,871.8,Drip,124058,4,0,72.8,68234,29432,0.3134
FC-009397,BR,BR-Gangetic,Wheat,Rabi,2.97,ClayLoam,1874.3,Drip,174697,1,0,70.4,156852,70148,0.2495
FC-009398,AP,AP-Upland,Cotton,Kharif,1.28,Red,915.2,Rainfed,79817,2,0,98.9,60848,18264,0.3068
FC-009399,MH,MH-Western,Pulses,Rabi,0.56,Alluvial,933.3,Tubewell,75722,1,0,80.4,40000,28543,0.3846
FC-009400,RJ,RJ-Mewar,Millet,Kharif,0.73,Alluvial,770.7,Tubewell,96370,3,0,83.8,40000,10697,0.5505
FC-009401,MH,MH-Marathwada,Pulses,Kharif,2.06,Red,974.9,Tubewell,94240,4,0,65.5,53362,38692,0.5393
FC-009402,HR,HR-South,Wheat,Rabi,0.62,Alluvial,295.3,Canal,72897,2,0,78.9,40000,21012,0.4982
FC-009403,UP,UP-Western,Rice,Kharif,0.61,Black,1021.5,Rainfed,89797,1,0,64.6,40000,8104,0.5025
FC-009404,UP,UP-Central,Rice,Rabi,3.88,Alluvial,1020.6,Drip,189154,1,0,72.2,160668,50966,0.1432
FC-009405,UP,UP-Central,Rice,Rabi,0.44,Alluvial,834.1,Drip,72719,4,0,92.7,40000,4265,0.2251
FC-009406,HR,HR-South,Rice,Kharif,2.66,Alluvial,731.5,Drip,185481,4,0,79.7,137309,56352,0.3232
FC-009407,UP,UP-Western,Rice,Kharif,3.43,Alluvial,1304.2,Canal,206587,2,0,56.9,216345,8553,0.1406
FC-009408,MH,MH-Vidarbha,Sugarcane,Kharif,0.59,Black,611.0,Drip,70412,2,0,83.4,81955,0,0.2027
FC-009409,AP,AP-Coastal,Rice,Rabi,3.34,Red,810.8,Canal,180898,1,0,100.0,158795,53614,0.18
FC-009410,PB,PB-Majha,Wheat,Rabi,1.32,Alluvial,422.1,Canal,131055,3,0,83.8,86113,88362,0.5706
FC-009411,MH,MH-Western,Maize,Rabi,1.19,ClayLoam,808.9,Drip,103461,1,0,53.4,50473,8289,0.6006
FC-009412,MH,MH-Western,Rice,Kharif,1.47,Red,914.0,Drip,113372,0,0,83.4,124739,0,0.0867
FC-009413,HR,HR-East,Cotton,Kharif,1.06,Alluvial,562.1,Rainfed,97308,3,0,73.9,61372,28064,0.4544
FC-009414,MH,MH-Konkan,Groundnut,Kharif,2.03,Laterite,778.4,Tubewell,125119,2,0,100.0,125311,5780,0.1081
FC-009415,KA,KA-North,Sugarcane,Rabi,1.02,Laterite,818.2,Rainfed,128789,1,1,36.2,114398,42442,0.8604
FC-009416,KA,KA-Central,Millet,Kharif,1.0,Red,1367.3,Tubewell,107735,1,0,61.8,40000,0,0.4588
FC-009417,GJ,GJ-Central,Wheat,Rabi,1.01,Black,1398.2,Canal,70021,1,0,72.4,55643,69437,0.4808
FC-009418,MP,MP-Chambal,Soybean,Kharif,1.08,Black,927.3,Rainfed,73272,2,0,87.9,48225,20257,0.3098
FC-009419,GJ,GJ-Saurashtra,Millet,Kharif,0.98,Sandy,915.6,Tubewell,114272,3,0,83.2,40000,2052,0.4859
FC-009420,UP,UP-Eastern,Wheat,Rabi,0.87,Alluvial,965.7,Canal,93946,3,0,72.1,57878,17770,0.3484
FC-009421,KA,KA-North,Pulses,Kharif,0.74,Alluvial,990.3,Rainfed,76660,1,0,63.2,40000,0,0.3499
FC-009422,TG,TG-South,Cotton,Kharif,1.66,Sandy,779.9,Tubewell,151187,1,0,86.5,62364,19600,0.5067
FC-009423,TG,TG-North,Soybean,Kharif,1.79,Alluvial,1136.8,Canal,89032,1,0,69.6,75177,37361,0.1742
FC-009424,GJ,GJ-North,Cotton,Kharif,2.08,Alluvial,975.2,Rainfed,208747,1,0,76.2,125466,90930,0.3141
FC-009425,PB,PB-Doaba,Rice,Rabi,2.44,Alluvial,697.8,Canal,257181,1,0,76.3,229603,50144,0.2584
FC-009426,UP,UP-Western,Sugarcane,Kharif,1.14,Alluvial,713.1,Tubewell,93828,0,0,81.6,142356,39911,0.1834
FC-009427,KA,KA-North,Wheat,Rabi,2.8,Black,2044.6,Canal,279691,1,0,66.5,206908,281772,0.4752
FC-009428,RJ,RJ-Mewar,Mustard,Rabi,2.74,Sandy,541.9,Rainfed,155069,3,0,70.8,136857,84945,0.3176
FC-009429,AP,AP-Upland,Sugarcane,Kharif,0.31,Alluvial,937.8,Canal,76122,1,0,74.0,56014,0,0.3961
FC-009430,HR,HR-West,Wheat,Rabi,2.0,Sandy,613.4,Tubewell,162139,4,0,75.5,71801,3101,0.4889
FC-009431,UP,UP-Western,Sugarcane,Kharif,1.93,Alluvial,1372.7,Rainfed,164135,2,0,89.1,286563,8755,0.0918
FC-009432,KA,KA-Central,Cotton,Kharif,2.3,ClayLoam,1247.6,Rainfed,139333,2,0,62.8,224537,0,0.1465
FC-009433,HR,HR-West,Cotton,Kharif,1.23,Alluvial,519.7,Canal,120970,1,0,74.9,68078,97677,0.6993
FC-009434,MH,MH-Marathwada,Wheat,Rabi,3.37,Sandy,972.8,Rainfed,284774,1,0,73.5,150371,5449,0.3651
FC-009435,TN,TN-West,Rice,Kharif,1.63,Black,1112.4,Tubewell,144204,1,0,74.4,105840,44731,0.3373
FC-009436,MP,MP-Chambal,Soybean,Kharif,0.29,Black,702.3,Rainfed,45546,1,0,73.7,40000,12330,0.5871
FC-009437,BR,BR-Gangetic,Cotton,Kharif,0.76,ClayLoam,1524.0,Canal,81709,1,0,55.1,56748,0,0.2708
FC-009438,RJ,RJ-Shekhawati,Wheat,Rabi,1.34,Sandy,493.2,Rainfed,89965,0,0,88.9,81583,14465,0.1507
FC-009439,HR,HR-West,Maize,Kharif,0.4,Alluvial,727.6,Rainfed,65714,2,0,70.2,40000,3576,0.5307
FC-009440,UP,UP-Central,Rice,Rabi,0.6,Alluvial,1244.7,Drip,84663,3,0,87.7,40000,8980,0.2828
FC-009441,MP,MP-Chambal,Soybean,Kharif,1.25,ClayLoam,1165.1,Drip,117778,7,0,83.6,56656,109769,0.7814
FC-009442,BR,BR-North,Wheat,Rabi,0.62,Alluvial,1474.6,Tubewell,87571,3,0,100.0,40000,27106,0.4949
FC-009443,MH,MH-Vidarbha,Pulses,Rabi,1.75,Black,761.3,Drip,107859,2,0,48.7,60173,40728,0.4807
FC-009444,MP,MP-Bundelkhand,Soybean,Kharif,0.87,Black,949.5,Drip,75663,3,0,65.6,40000,15545,0.6158
FC-009445,RJ,RJ-Shekhawati,Cotton,Kharif,0.55,Black,382.6,Drip,76920,1,0,83.3,44186,47162,0.6313
FC-009446,TN,TN-West,Rice,Rabi,0.91,Alluvial,1024.5,Rainfed,82554,1,0,59.1,74947,31572,0.2884
FC-009447,RJ,RJ-Marwar,Maize,Rabi,1.02,Sandy,354.8,Drip,76897,1,0,56.6,40000,3603,0.4856
FC-009448,PB,PB-Doaba,Wheat,Rabi,0.8,Alluvial,540.7,Tubewell,93559,2,0,76.2,57289,51016,0.6188
FC-009449,MP,MP-Bundelkhand,Cotton,Kharif,1.95,Red,1361.8,Canal,144873,2,0,82.6,140339,10284,0.1782
FC-009450,TG,TG-North,Rice,Kharif,0.92,Black,790.0,Drip,97316,2,0,42.2,67855,8549,0.3914
FC-009451,MH,MH-Western,Wheat,Rabi,0.31,Black,1445.9,Tubewell,67413,3,0,50.2,40000,6089,0.6276
FC-009452,KA,KA-North,Maize,Kharif,2.03,Black,1688.7,Rainfed,146772,4,0,63.8,83942,54247,0.3951
FC-009453,TN,TN-South,Sugarcane,Kharif,0.85,Alluvial,972.8,Drip,128033,2,0,95.5,118029,0,0.1757
FC-009454,BR,BR-South,Rice,Rabi,0.7,Red,1209.2,Rainfed,49046,4,0,69.6,40000,43451,0.538
FC-009455,KA,KA-Coastal,Groundnut,Rabi,3.38,Sandy,1322.0,Rainfed,253374,2,0,46.2,295241,83251,0.245
FC-009456,AP,AP-Rayalaseema,Rice,Kharif,0.71,Alluvial,864.0,Drip,71499,1,0,75.9,57493,216537,0.8257
FC-009457,UP,UP-Bundelkhand,Sugarcane,Kharif,0.22,Alluvial,1163.1,Tubewell,59831,1,0,71.8,40000,0,0.5024
FC-009458,UP,UP-Eastern,Sugarcane,Rabi,1.19,Alluvial,1061.4,Tubewell,169430,1,0,67.1,221796,2301,0.2484
FC-009459,AP,AP-Rayalaseema,Soybean,Kharif,2.15,Red,631.3,Tubewell,197323,0,0,45.9,127776,85919,0.6171
FC-009460,KA,KA-South,Maize,Kharif,2.49,Black,1657.2,Drip,241403,5,0,65.0,126812,15176,0.3423
FC-009461,MP,MP-Bundelkhand,Cotton,Kharif,0.89,ClayLoam,854.6,Drip,59845,2,0,49.6,42878,64527,0.7621
FC-009462,TN,TN-West,Rice,Rabi,2.24,ClayLoam,573.5,Canal,175916,2,1,24.2,134044,153873,0.7938
FC-009463,TG,TG-South,Maize,Kharif,1.21,Black,725.5,Drip,86836,2,0,94.2,48824,12744,0.3461
FC-009464,PB,PB-Doaba,Wheat,Rabi,0.97,Alluvial,751.9,Tubewell,69058,3,0,57.1,45712,135732,0.756
FC-009465,PB,PB-Doaba,Wheat,Rabi,0.58,Sandy,818.2,Rainfed,64575,0,0,92.7,40000,0,0.3207
FC-009466,PB,PB-Malwa,Wheat,Rabi,0.73,Alluvial,690.4,Tubewell,72157,2,0,78.2,40000,95527,0.7995
FC-009467,TG,TG-North,Pulses,Rabi,1.57,Black,971.5,Rainfed,129474,0,1,27.0,40000,123785,0.8796
FC-009468,KA,KA-South,Cotton,Kharif,0.77,Laterite,1144.6,Canal,82308,1,0,90.2,50337,9940,0.268
FC-009469,PB,PB-Malwa,Wheat,Rabi,1.01,Alluvial,651.0,Rainfed,91009,2,0,68.6,80611,13038,0.2626
FC-009470,UP,UP-Central,Pulses,Rabi,1.85,Alluvial,869.6,Rainfed,115641,1,0,100.0,72238,0,0.2059
FC-009471,MH,MH-Vidarbha,Soybean,Kharif,1.83,Black,553.0,Rainfed,161310,3,1,20.4,40941,32992,0.935
FC-009472,PB,PB-Malwa,Rice,Kharif,0.75,ClayLoam,721.7,Canal,95750,3,0,66.6,57108,0,0.3892
FC-009473,HR,HR-West,Mustard,Rabi,0.52,Alluvial,511.6,Canal,46160,2,0,65.3,40000,74993,0.4175
FC-009474,MH,MH-Konkan,Soybean,Kharif,1.41,Black,1052.5,Canal,85677,2,0,89.8,66220,0,0.1962
FC-009475,KA,KA-North,Rice,Rabi,1.91,Black,653.2,Drip,136805,0,0,66.8,85296,65833,0.6135
FC-009476,RJ,RJ-Mewar,Cotton,Kharif,0.63,Sandy,250.0,Tubewell,88177,1,0,66.9,40000,0,0.5415
FC-009477,UP,UP-Central,Wheat,Rabi,0.97,Alluvial,874.6,Tubewell,105873,5,0,92.3,74197,23371,0.282
FC-009478,PB,PB-Doaba,Rice,Kharif,1.17,Alluvial,675.4,Tubewell,122135,5,0,91.4,73848,151679,0.6356
FC-009479,TG,TG-North,Wheat,Rabi,1.0,Black,661.9,Tubewell,106694,1,1,46.5,51260,61593,0.8079
FC-009480,PB,PB-Majha,Wheat,Rabi,0.99,Sandy,566.6,Canal,110042,3,0,61.5,45148,14617,0.601
FC-009481,KA,KA-South,Millet,Kharif,2.61,Red,1159.4,Rainfed,196027,1,0,79.8,49715,23412,0.7671
FC-009482,TN,TN-West,Rice,Kharif,0.89,Black,1015.7,Tubewell,89229,8,0,97.4,95768,6809,0.159
FC-009483,KA,KA-Central,Sugarcane,Kharif,0.87,Alluvial,1517.2,Canal,143458,1,0,71.8,141751,5718,0.2863
FC-009484,MH,MH-Vidarbha,Soybean,Kharif,1.94,Black,1358.9,Drip,124470,1,0,83.5,105083,31075,0.2559
FC-009485,UP,UP-Eastern,Rice,Rabi,0.63,Alluvial,637.3,Rainfed,61071,1,0,69.7,40000,6710,0.6969
FC-009486,AP,AP-Rayalaseema,Groundnut,Kharif,1.76,Red,728.5,Drip,137670,5,0,60.6,97913,29341,0.3933
FC-009487,TN,TN-Delta,Sugarcane,Kharif,0.65,Red,710.8,Tubewell,57252,2,0,74.5,63778,0,0.2168
FC-009488,UP,UP-Western,Rice,Rabi,2.31,Alluvial,968.6,Canal,226651,2,0,48.2,148129,0,0.4679
FC-009489,MH,MH-Vidarbha,Groundnut,Kharif,0.52,Black,775.3,Tubewell,69736,1,0,55.2,40000,20800,0.5628
FC-009490,AP,AP-Upland,Cotton,Kharif,0.53,Black,1043.7,Canal,67725,1,0,83.8,62619,0,0.2326
FC-009491,AP,AP-Rayalaseema,Cotton,Kharif,1.06,Black,760.5,Tubewell,126534,0,0,74.2,95022,76705,0.4684
FC-009492,MH,MH-Vidarbha,Maize,Kharif,3.42,Laterite,770.6,Rainfed,236746,3,0,63.4,151086,0,0.4908
FC-009493,MH,MH-Marathwada,Cotton,Kharif,0.77,Black,1102.8,Rainfed,84079,2,0,79.7,61031,81940,0.3828
FC-009494,TN,TN-Delta,Groundnut,Rabi,0.77,ClayLoam,1173.6,Rainfed,90606,0,1,26.9,40000,19534,0.8077
FC-009495,UP,UP-Bundelkhand,Rice,Kharif,0.5,Sandy,803.8,Rainfed,82900,3,0,96.2,40000,7693,0.546
FC-009496,MH,MH-Western,Cotton,Kharif,2.01,Black,747.9,Canal,216343,1,0,74.7,170651,33722,0.335
FC-009497,KA,KA-North,Sugarcane,Rabi,0.47,Red,747.6,Tubewell,84465,2,0,61.8,81530,99765,0.75
FC-009498,AP,AP-Coastal,Millet,Kharif,1.08,ClayLoam,792.0,Rainfed,64564,1,1,28.6,40000,167510,0.8908
FC-009499,MH,MH-Western,Maize,Rabi,1.68,ClayLoam,910.4,Tubewell,134220,4,0,90.0,51304,9079,0.3559
FC-009500,AP,AP-Coastal,Wheat,Rabi,0.42,Alluvial,1147.8,Drip,66083,5,0,79.0,40000,81476,0.6252
FC-009501,TG,TG-South,Rice,Kharif,0.2,Red,909.9,Tubewell,46341,2,0,70.2,40000,0,0.2885
FC-009502,HR,HR-West,Mustard,Rabi,1.2,Black,576.2,Drip,95425,2,0,94.7,40000,47413,0.4014
FC-009503,TN,TN-North,Rice,Rabi,2.02,Black,966.7,Canal,130188,2,0,81.7,149611,0,0.184
FC-009504,AP,AP-Rayalaseema,Rice,Rabi,1.35,Sandy,898.8,Rainfed,129731,1,0,79.1,45229,64163,0.8255
FC-009505,AP,AP-Coastal,Maize,Rabi,1.71,Alluvial,992.9,Rainfed,141578,2,0,45.6,77316,8937,0.432
FC-009506,AP,AP-Coastal,Groundnut,Rabi,1.09,Red,904.3,Canal,122118,2,0,79.9,50003,0,0.4834
FC-009507,UP,UP-Western,Wheat,Rabi,1.03,ClayLoam,1241.3,Rainfed,112785,7,0,78.7,57691,6817,0.4119
FC-009508,BR,BR-Gangetic,Rice,Kharif,0.81,Alluvial,1020.5,Rainfed,59305,3,0,83.1,44425,15240,0.3299
FC-009509,UP,UP-Bundelkhand,Rice,Kharif,2.62,ClayLoam,1079.4,Tubewell,197146,0,0,57.5,133930,26278,0.2516
FC-009510,KA,KA-Coastal,Pulses,Kharif,0.85,Laterite,847.0,Drip,82538,3,0,86.9,45430,2695,0.4954
FC-009511,KA,KA-Central,Groundnut,Kharif,2.94,Red,1065.3,Canal,276869,2,0,84.3,224563,29838,0.2627
FC-009512,TG,TG-Central,Cotton,Kharif,1.6,Sandy,941.2,Tubewell,111153,1,0,75.3,123312,167577,0.456
FC-009513,UP,UP-Eastern,Maize,Kharif,0.96,Alluvial,824.1,Rainfed,92586,0,0,64.6,40000,177566,0.7845
FC-009514,TN,TN-Delta,Maize,Kharif,2.31,Sandy,1150.2,Drip,133236,4,0,84.3,88228,150976,0.5919
FC-009515,RJ,RJ-Shekhawati,Wheat,Rabi,2.46,Sandy,330.7,Tubewell,225368,4,0,100.0,97383,0,0.3693
FC-009516,MH,MH-Konkan,Cotton,Kharif,0.89,Alluvial,377.5,Tubewell,80579,3,1,45.8,40000,3579,0.7853
FC-009517,TN,TN-North,Rice,Kharif,1.78,Red,1234.7,Canal,118820,0,0,59.1,115070,57632,0.3003
FC-009518,HR,HR-West,Wheat,Rabi,1.81,Alluvial,431.5,Tubewell,161699,3,0,76.9,74146,0,0.626
FC-009519,HR,HR-South,Wheat,Rabi,2.78,Alluvial,526.0,Canal,145093,4,0,76.1,148984,106782,0.2494
FC-009520,TG,TG-Central,Rice,Kharif,0.76,ClayLoam,792.9,Canal,63923,2,0,75.6,40000,0,0.3144
FC-009521,UP,UP-Eastern,Rice,Kharif,1.39,Alluvial,1107.8,Tubewell,81370,3,0,99.9,76573,78124,0.223
FC-009522,PB,PB-Majha,Wheat,Rabi,2.05,Alluvial,700.6,Drip,128452,5,0,97.2,108089,16411,0.2676
FC-009523,PB,PB-Doaba,Rice,Kharif,3.71,Alluvial,681.0,Drip,307326,0,0,79.5,250445,14149,0.2405
FC-009524,UP,UP-Central,Wheat,Rabi,1.29,Alluvial,1013.3,Rainfed,115355,2,0,98.0,119804,36383,0.2819
FC-009525,HR,HR-West,Maize,Rabi,2.97,Alluvial,619.1,Drip,213745,0,0,66.1,131337,34690,0.4452
FC-009526,MP,MP-Mahakoshal,Soybean,Kharif,1.87,Black,944.8,Tubewell,141487,1,0,72.6,54025,43944,0.5667
FC-009527,MH,MH-Marathwada,Groundnut,Rabi,1.58,Red,1062.0,Tubewell,115878,2,0,66.1,162412,49094,0.1716
FC-009528,KA,KA-Central,Cotton,Kharif,1.02,Black,1696.6,Tubewell,108272,3,0,77.1,77313,0,0.2633
FC-009529,BR,BR-North,Wheat,Rabi,1.07,Alluvial,1081.8,Rainfed,129078,0,0,64.8,75409,10279,0.5324
FC-009530,MP,MP-Chambal,Groundnut,Kharif,1.44,Black,782.0,Canal,87763,4,0,92.4,79841,44697,0.2927
FC-009531,TN,TN-North,Rice,Rabi,1.9,Red,1155.6,Tubewell,111415,3,0,79.3,155169,3341,0.1601
FC-009532,KA,KA-Coastal,Wheat,Rabi,2.02,Red,1355.7,Canal,165240,1,0,79.1,163183,4100,0.1555
FC-009533,MP,MP-Mahakoshal,Soybean,Kharif,5.55,Red,888.7,Canal,294023,3,0,82.1,141928,26604,0.3934
FC-009534,AP,AP-Upland,Rice,Kharif,0.63,Alluvial,730.5,Canal,46181,4,0,71.3,48769,10373,0.2844
FC-009535,PB,PB-Malwa,Wheat,Rabi,3.03,Alluvial,610.6,Canal,205652,3,0,79.6,239619,6729,0.2223
FC-009536,MP,MP-Chambal,Soybean,Kharif,2.78,Alluvial,1182.8,Tubewell,243342,0,0,67.6,73338,15252,0.6815
FC-009537,RJ,RJ-Hadoti,Pulses,Rabi,0.39,Laterite,847.7,Canal,58718,1,0,72.9,40000,31976,0.4938
FC-009538,MH,MH-Vidarbha,Cotton,Kharif,0.53,Black,1126.1,Rainfed,63189,0,0,69.3,56984,28397,0.2079
FC-009539,TN,TN-South,Wheat,Rabi,1.04,Alluvial,1145.1,Rainfed,85785,2,0,52.8,57414,92094,0.7169
FC-009540,TG,TG-North,Rice,Rabi,3.21,Sandy,763.8,Tubewell,208793,5,0,80.7,150068,52406,0.3775
FC-009541,KA,KA-Central,Sugarcane,Rabi,0.74,ClayLoam,1317.5,Rainfed,72077,3,0,90.5,116756,20397,0.2693
FC-009542,BR,BR-Gangetic,Rice,Kharif,0.74,Alluvial,1092.6,Canal,89351,2,0,78.3,40000,33748,0.5939
FC-009543,AP,AP-Upland,Rice,Rabi,0.88,ClayLoam,904.0,Rainfed,67914,2,0,69.3,58833,11383,0.331
FC-009544,RJ,RJ-Mewar,Millet,Kharif,1.01,Sandy,497.5,Rainfed,57927,3,0,81.6,40000,7504,0.2262
FC-009545,UP,UP-Western,Rice,Rabi,0.64,ClayLoam,754.0,Drip,71704,0,0,57.0,44406,11742,0.4592
FC-009546,TG,TG-North,Cotton,Kharif,1.33,Red,728.8,Rainfed,130019,4,0,74.5,83893,0,0.3001
FC-009547,MH,MH-Western,Cotton,Kharif,3.37,ClayLoam,839.3,Tubewell,281485,2,0,87.2,381530,1351,0.1208
FC-009548,UP,UP-Eastern,Mustard,Rabi,1.46,Red,1096.2,Canal,84590,0,0,80.0,78233,64523,0.2713
FC-009549,TN,TN-West,Rice,Kharif,0.42,ClayLoam,879.8,Tubewell,77646,2,0,97.4,40000,30576,0.7042
FC-009550,HR,HR-South,Pulses,Kharif,0.96,Alluvial,650.0,Rainfed,88827,0,0,60.4,40000,3644,0.3827
FC-009551,GJ,GJ-North,Rice,Rabi,2.03,ClayLoam,1159.9,Canal,179388,1,0,59.7,87853,24114,0.3378
FC-009552,TN,TN-West,Groundnut,Rabi,1.46,Alluvial,798.2,Canal,149959,2,0,69.9,111622,14784,0.2214
FC-009553,RJ,RJ-Shekhawati,Groundnut,Rabi,1.7,Alluvial,562.5,Rainfed,104958,2,0,74.7,100084,21058,0.1948
FC-009554,PB,PB-Majha,Rice,Rabi,3.11,Alluvial,592.4,Tubewell,215078,4,0,77.7,157661,6048,0.2941
FC-009555,TN,TN-Delta,Millet,Kharif,3.53,Laterite,1010.0,Rainfed,230447,2,0,97.5,72704,10467,0.7382
FC-009556,RJ,RJ-Mewar,Mustard,Rabi,0.56,ClayLoam,368.3,Rainfed,62490,1,0,84.0,40000,5695,0.4839
FC-009557,RJ,RJ-Marwar,Pulses,Rabi,0.75,Alluvial,298.1,Canal,71757,2,0,97.8,40000,5954,0.321
FC-009558,HR,HR-East,Rice,Rabi,1.12,ClayLoam,671.8,Rainfed,121965,2,1,45.3,46453,32892,0.7914
FC-009559,MH,MH-Marathwada,Cotton,Kharif,0.86,Black,491.4,Tubewell,98402,1,0,95.2,58204,8369,0.4623
FC-009560,AP,AP-Rayalaseema,Millet,Kharif,0.83,Red,1080.8,Canal,56886,3,0,85.6,40000,68587,0.5954
FC-009561,TN,TN-Delta,Maize,Kharif,5.32,Red,936.8,Drip,400915,0,0,35.1,287637,6104,0.3225
FC-009562,MP,MP-Malwa,Mustard,Rabi,3.56,Black,939.3,Drip,304591,4,0,83.3,220139,0,0.1728
FC-009563,RJ,RJ-Marwar,Wheat,Rabi,1.89,ClayLoam,336.9,Rainfed,136426,1,0,48.2,94905,50535,0.5744
FC-009564,PB,PB-Malwa,Wheat,Rabi,0.82,Alluvial,704.9,Drip,89120,1,0,70.8,40000,16505,0.477
FC-009565,BR,BR-Gangetic,Mustard,Rabi,1.48,Alluvial,1499.8,Rainfed,93203,3,0,96.1,46238,0,0.358
FC-009566,MH,MH-Vidarbha,Cotton,Kharif,1.32,ClayLoam,1170.2,Drip,162392,3,0,75.0,114960,45860,0.2504
FC-009567,UP,UP-Western,Wheat,Rabi,3.51,Alluvial,1050.4,Rainfed,211492,2,0,74.2,199952,0,0.2339
FC-009568,RJ,RJ-Mewar,Wheat,Rabi,1.62,Sandy,370.8,Tubewell,120028,5,0,58.1,61617,21574,0.4597
FC-009569,MP,MP-Bundelkhand,Soybean,Kharif,0.72,Red,1203.5,Canal,69632,1,0,45.2,40000,0,0.3469
FC-009570,MH,MH-Western,Wheat,Rabi,2.35,Red,825.7,Tubewell,205215,3,0,100.0,63370,0,0.6503
FC-009571,UP,UP-Bundelkhand,Sugarcane,Kharif,1.16,Alluvial,1148.6,Rainfed,127409,2,0,82.9,218099,25377,0.1408
FC-009572,TN,TN-Delta,Sugarcane,Kharif,1.7,Alluvial,1247.1,Rainfed,197229,2,0,63.2,173743,112202,0.4622
FC-009573,RJ,RJ-Mewar,Maize,Kharif,1.29,ClayLoam,382.5,Rainfed,78265,4,0,85.7,40000,34289,0.5625
FC-009574,TG,TG-South,Maize,Rabi,1.31,Black,654.3,Rainfed,110719,0,0,69.3,46266,0,0.7027
FC-009575,HR,HR-East,Rice,Rabi,1.01,Alluvial,622.7,Tubewell,72663,0,0,53.9,83724,0,0.2654
FC-009576,PB,PB-Majha,Wheat,Rabi,1.85,Alluvial,719.0,Rainfed,183990,2,0,83.3,119000,4602,0.3509
FC-009577,AP,AP-Rayalaseema,Maize,Rabi,1.8,Alluvial,1198.9,Rainfed,144498,5,0,100.0,53712,0,0.4003
FC-009578,PB,PB-Doaba,Rice,Kharif,1.25,Alluvial,797.7,Rainfed,112577,2,0,93.5,94803,0,0.1931
FC-009579,PB,PB-Malwa,Wheat,Rabi,0.63,Alluvial,841.8,Tubewell,59592,5,0,68.3,41494,36731,0.5395
FC-009580,TN,TN-Delta,Groundnut,Rabi,1.41,Alluvial,943.8,Canal,157860,3,0,82.8,94690,0,0.289
FC-009581,MP,MP-Chambal,Rice,Rabi,2.1,Red,873.0,Rainfed,169028,4,0,83.3,119290,12924,0.3603
FC-009582,TG,TG-North,Groundnut,Kharif,1.73,Red,773.0,Canal,168901,1,0,57.4,79929,38819,0.5237
FC-009583,UP,UP-Western,Rice,Rabi,2.76,Alluvial,1125.5,Tubewell,250674,0,0,51.8,111847,0,0.4276
FC-009584,BR,BR-North,Wheat,Rabi,2.85,Alluvial,1706.7,Canal,218393,1,0,57.6,101282,58955,0.5455
FC-009585,AP,AP-Coastal,Maize,Kharif,0.44,Red,719.9,Canal,47587,0,0,59.5,40000,0,0.3059
FC-009586,MP,MP-Bundelkhand,Soybean,Kharif,2.17,Red,1140.1,Drip,147933,2,0,78.1,75563,0,0.1864
FC-009587,MH,MH-Konkan,Sugarcane,Kharif,2.47,Red,1371.7,Canal,268489,1,0,83.0,411530,12165,0.2707
FC-009588,UP,UP-Eastern,Sugarcane,Kharif,2.64,ClayLoam,786.6,Tubewell,283468,3,0,84.1,321324,39964,0.2077
FC-009589,MP,MP-Mahakoshal,Cotton,Kharif,0.31,Black,1157.6,Drip,52289,5,0,62.3,40000,0,0.2632
FC-009590,GJ,GJ-South,Cotton,Kharif,2.47,Laterite,665.7,Canal,157395,2,0,47.3,198865,13537,0.2119
FC-009591,RJ,RJ-Mewar,Mustard,Rabi,1.26,Black,474.3,Canal,107274,6,1,54.1,40000,79263,0.7926
FC-009592,UP,UP-Eastern,Mustard,Rabi,0.56,Alluvial,819.6,Canal,71737,1,0,84.7,40000,47237,0.7449
FC-009593,MH,MH-Western,Sugarcane,Rabi,1.2,Sandy,929.0,Drip,119940,1,0,64.0,182496,6443,0.2074
FC-009594,HR,HR-South,Mustard,Rabi,5.18,Alluvial,598.0,Tubewell,368384,2,0,100.0,182536,0,0.3016
FC-009595,UP,UP-Eastern,Pulses,Kharif,1.15,Alluvial,1057.4,Rainfed,71380,2,0,100.0,40000,44749,0.504
FC-009596,BR,BR-North,Wheat,Rabi,2.0,Alluvial,951.8,Tubewell,166847,3,0,90.1,103905,0,0.259
FC-009597,RJ,RJ-Marwar,Millet,Kharif,0.5,Red,717.6,Canal,60090,0,0,75.8,40000,17611,0.3813
FC-009598,MH,MH-Marathwada,Cotton,Kharif,0.64,Laterite,1390.3,Canal,53902,2,0,80.7,40000,19703,0.4011
FC-009599,TG,TG-South,Cotton,Kharif,1.03,Red,876.0,Rainfed,71895,3,0,86.8,92880,14026,0.2268
FC-009600,UP,UP-Bundelkhand,Sugarcane,Rabi,1.71,Alluvial,741.4,Tubewell,140220,2,0,86.6,315722,69997,0.1917
FC-009601,KA,KA-South,Millet,Kharif,0.49,Red,1148.9,Tubewell,60851,1,0,62.1,40000,15769,0.6388
FC-009602,MH,MH-Konkan,Soybean,Kharif,4.01,Black,996.7,Canal,353215,0,0,100.0,158423,4740,0.3093
FC-009603,TN,TN-Delta,Cotton,Kharif,0.63,Red,750.7,Rainfed,77164,5,1,53.8,40000,45033,0.8318
FC-009604,TG,TG-North,Maize,Rabi,4.17,Black,711.0,Rainfed,280300,2,0,66.2,106102,39721,0.6145
FC-009605,UP,UP-Western,Rice,Kharif,1.2,ClayLoam,1082.0,Drip,126406,6,0,74.5,84544,4171,0.2131
FC-009606,RJ,RJ-Marwar,Cotton,Kharif,2.87,Alluvial,563.9,Tubewell,252312,2,0,69.9,193636,0,0.389
FC-009607,UP,UP-Bundelkhand,Mustard,Rabi,0.92,Alluvial,1184.5,Drip,111621,1,0,57.6,47504,64965,0.8264
FC-009608,GJ,GJ-Saurashtra,Cotton,Kharif,0.24,Alluvial,531.6,Drip,65284,0,0,55.9,40000,10028,0.7006
FC-009609,TN,TN-North,Rice,Rabi,1.82,Alluvial,797.0,Canal,117399,1,0,48.1,103126,0,0.3166
FC-009610,MP,MP-Mahakoshal,Wheat,Rabi,2.44,Black,1155.5,Canal,136276,1,0,92.1,149697,103637,0.1163
FC-009611,MP,MP-Mahakoshal,Groundnut,Rabi,0.64,Alluvial,1089.1,Rainfed,66101,2,0,77.6,45083,16812,0.3666
FC-009612,GJ,GJ-South,Groundnut,Kharif,0.2,Black,931.1,Tubewell,42617,2,0,90.2,40000,40253,0.3881
FC-009613,GJ,GJ-Saurashtra,Maize,Kharif,4.03,Black,554.5,Rainfed,178414,2,0,66.5,105180,0,0.5493
FC-009614,KA,KA-Coastal,Groundnut,Kharif,3.2,Black,1260.2,Rainfed,249935,3,0,78.8,200122,19415,0.1849
FC-009615,AP,AP-Coastal,Rice,Rabi,1.48,Alluvial,917.5,Tubewell,125767,1,0,94.9,81510,60557,0.3063
FC-009616,MH,MH-Konkan,Soybean,Kharif,2.89,Black,1140.3,Rainfed,237890,1,0,60.7,75951,16809,0.7238
FC-009617,MH,MH-Vidarbha,Cotton,Kharif,0.8,Black,955.6,Rainfed,54901,2,0,88.6,69211,0,0.1352
FC-009618,HR,HR-East,Cotton,Kharif,0.52,Alluvial,318.4,Canal,63661,4,0,89.0,40000,31219,0.5143
FC-009619,UP,UP-Western,Pulses,Kharif,1.73,Alluvial,854.6,Canal,159406,0,1,45.8,40000,42395,0.8626
FC-009620,GJ,GJ-Saurashtra,Groundnut,Kharif,1.14,Sandy,657.8,Rainfed,87627,2,0,55.7,40000,7445,0.5442
FC-009621,MP,MP-Mahakoshal,Wheat,Rabi,0.77,Red,1202.9,Tubewell,67957,3,0,72.7,52593,12438,0.3862
FC-009622,BR,BR-Gangetic,Rice,Kharif,1.09,Alluvial,1080.7,Drip,81922,0,0,83.4,58812,30020,0.312
FC-009623,UP,UP-Central,Wheat,Rabi,1.62,Alluvial,792.9,Tubewell,91418,6,0,64.4,89306,18184,0.1696
FC-009624,TN,TN-Delta,Groundnut,Kharif,0.46,ClayLoam,1180.2,Rainfed,63336,2,0,89.5,40000,0,0.3332
FC-009625,GJ,GJ-South,Rice,Rabi,0.7,Sandy,573.0,Canal,78830,2,1,73.3,40000,76117,0.905
FC-009626,BR,BR-South,Wheat,Rabi,3.19,Alluvial,1128.0,Canal,270103,4,0,90.7,200063,18923,0.2878
FC-009627,HR,HR-West,Wheat,Rabi,0.38,Alluvial,367.1,Tubewell,54278,2,0,77.2,40000,97628,0.8678
FC-009628,MP,MP-Chambal,Soybean,Kharif,1.39,ClayLoam,1312.5,Drip,127775,0,0,74.5,40000,60534,0.5951
FC-009629,UP,UP-Central,Maize,Kharif,1.79,Alluvial,866.2,Rainfed,87747,6,0,86.2,57405,3673,0.3307
FC-009630,UP,UP-Eastern,Sugarcane,Rabi,1.23,Alluvial,1313.0,Canal,126984,2,0,71.3,204701,38060,0.1998
FC-009631,TN,TN-Delta,Rice,Kharif,1.09,Black,1026.9,Tubewell,72277,3,0,77.3,53276,3924,0.2532
FC-009632,PB,PB-Majha,Sugarcane,Rabi,1.33,Alluvial,847.0,Drip,136476,4,0,69.6,255923,189613,0.2276
FC-009633,UP,UP-Eastern,Rice,Kharif,0.29,Alluvial,683.2,Canal,62692,4,0,89.2,40000,38818,0.5201
FC-009634,TG,TG-South,Cotton,Kharif,3.33,Red,916.8,Canal,276092,2,0,86.1,115459,0,0.3176
FC-009635,MH,MH-Marathwada,Maize,Kharif,2.8,Black,816.9,Canal,161349,1,0,83.6,99083,24857,0.3867
FC-009636,TG,TG-South,Cotton,Kharif,1.7,Red,940.2,Canal,190678,1,0,85.6,132647,29033,0.3679
FC-009637,RJ,RJ-Shekhawati,Mustard,Rabi,1.41,Red,480.7,Canal,89572,2,0,55.8,71221,17026,0.338
FC-009638,MP,MP-Bundelkhand,Soybean,Kharif,0.56,Black,1488.4,Canal,52736,3,0,70.3,40000,27691,0.3093
FC-009639,TG,TG-Central,Rice,Kharif,1.6,Black,866.5,Canal,85023,1,0,64.4,85722,17296,0.2046
FC-009640,UP,UP-Western,Wheat,Rabi,0.58,ClayLoam,900.9,Canal,75846,6,0,63.7,60868,13750,0.3344
FC-009641,PB,PB-Doaba,Rice,Kharif,4.73,Sandy,642.8,Drip,253241,1,0,95.5,250796,42405,0.1124
FC-009642,TG,TG-Central,Rice,Kharif,0.84,Sandy,742.1,Drip,68187,3,0,63.9,40000,48043,0.5932
FC-009643,GJ,GJ-South,Cotton,Kharif,1.74,Black,696.8,Canal,95752,4,0,85.7,124807,0,0.0812
FC-009644,TG,TG-Central,Rice,Rabi,0.24,Black,1316.8,Canal,46804,2,0,76.3,40000,42965,0.4771
FC-009645,MH,MH-Vidarbha,Rice,Rabi,0.43,Alluvial,1239.4,Canal,44413,2,0,71.0,40000,30176,0.4629
FC-009646,UP,UP-Western,Rice,Kharif,0.34,Alluvial,1016.0,Rainfed,37986,3,0,77.2,40000,82346,0.5638
FC-009647,RJ,RJ-Mewar,Mustard,Rabi,1.26,Sandy,593.7,Canal,106432,4,0,51.8,74786,0,0.3385
FC-009648,GJ,GJ-Central,Rice,Rabi,3.14,Black,507.4,Canal,209141,3,0,99.5,144260,0,0.2987
FC-009649,TG,TG-South,Rice,Kharif,0.66,Sandy,978.6,Tubewell,45847,1,0,65.2,41937,21027,0.3923
FC-009650,MH,MH-Vidarbha,Rice,Rabi,0.67,Black,703.5,Rainfed,74498,3,0,81.9,40000,22759,0.626
FC-009651,TN,TN-North,Rice,Rabi,0.64,Red,903.5,Canal,75183,2,0,69.2,40000,38990,0.4786
FC-009652,TN,TN-North,Maize,Rabi,0.42,Black,1056.3,Rainfed,53595,2,1,68.1,40000,132470,0.9044
FC-009653,HR,HR-South,Rice,Rabi,0.71,Alluvial,683.6,Tubewell,89342,3,0,62.0,55667,78635,0.7426
FC-009654,GJ,GJ-North,Maize,Kharif,1.53,Black,628.0,Rainfed,132368,5,0,99.8,40000,55019,0.8138
FC-009655,UP,UP-Central,Rice,Rabi,0.77,Black,650.2,Tubewell,89666,5,0,96.0,48229,4122,0.5066
FC-009656,BR,BR-North,Rice,Kharif,0.81,Alluvial,1124.1,Rainfed,61612,1,0,84.3,54094,4234,0.2627
FC-009657,KA,KA-Coastal,Rice,Kharif,1.39,ClayLoam,1004.1,Canal,118541,1,0,78.6,94056,23064,0.2653
FC-009658,TN,TN-North,Pulses,Rabi,2.87,Alluvial,1209.5,Drip,255665,3,0,88.9,90191,105603,0.6272
FC-009659,MH,MH-Western,Cotton,Kharif,1.24,Laterite,820.9,Rainfed,78774,3,0,65.9,77687,13029,0.29
FC-009660,HR,HR-East,Rice,Kharif,0.59,Black,747.6,Rainfed,68466,3,0,51.9,40000,3224,0.482
FC-009661,PB,PB-Malwa,Rice,Rabi,0.92,Alluvial,690.5,Canal,107735,5,0,77.8,70176,5707,0.2867
FC-009662,UP,UP-Western,Wheat,Rabi,1.64,Sandy,797.0,Canal,117243,3,0,82.7,91486,63891,0.2865
FC-009663,MP,MP-Malwa,Groundnut,Kharif,1.43,Black,849.3,Tubewell,87504,5,0,62.1,101751,4375,0.197
FC-009664,RJ,RJ-Hadoti,Cotton,Kharif,0.33,Sandy,602.3,Canal,46642,0,0,100.0,40000,9126,0.126
FC-009665,TN,TN-West,Rice,Rabi,0.8,Laterite,1142.1,Canal,83466,1,0,83.3,40000,10682,0.5316
FC-009666,PB,PB-Majha,Wheat,Rabi,1.59,Alluvial,648.3,Tubewell,150068,4,0,97.1,46176,27605,0.6016
FC-009667,TN,TN-South,Soybean,Kharif,0.85,Red,987.0,Canal,66203,1,0,100.0,45126,73412,0.5443
FC-009668,BR,BR-North,Rice,Kharif,2.95,Alluvial,1353.8,Drip,166714,2,0,63.7,191278,20048,0.0997
FC-009669,KA,KA-North,Rice,Kharif,0.4,Black,1150.4,Rainfed,60996,3,0,47.5,40000,0,0.525
FC-009670,RJ,RJ-Shekhawati,Mustard,Rabi,0.2,Black,581.5,Tubewell,47873,2,0,81.9,40000,20673,0.3681
FC-009671,BR,BR-North,Rice,Rabi,4.14,Alluvial,1103.0,Canal,384216,2,0,72.0,276004,0,0.2794
FC-009672,TN,TN-Delta,Rice,Kharif,1.68,Black,840.5,Canal,147556,4,0,78.3,89896,0,0.3504
FC-009673,UP,UP-Bundelkhand,Sugarcane,Rabi,2.49,Alluvial,959.1,Canal,185381,0,0,82.8,423503,101947,0.1397
FC-009674,PB,PB-Doaba,Wheat,Rabi,2.61,Alluvial,539.4,Tubewell,262457,1,0,72.2,183854,24374,0.4109
FC-009675,MH,MH-Western,Wheat,Rabi,0.86,Sandy,921.9,Drip,98230,1,0,51.9,40000,18506,0.6275
FC-009676,BR,BR-Gangetic,Rice,Rabi,1.12,Alluvial,1036.5,Tubewell,80064,4,0,76.2,53463,0,0.2523
FC-009677,GJ,GJ-South,Wheat,Rabi,2.22,ClayLoam,660.5,Rainfed,164248,0,0,72.5,88244,47290,0.53
FC-009678,TN,TN-North,Maize,Kharif,0.51,ClayLoam,918.7,Drip,73958,4,0,60.8,40000,26232,0.7285
FC-009679,TG,TG-North,Rice,Rabi,0.27,Black,1186.6,Canal,42301,2,0,75.8,40000,13716,0.2453
FC-009680,AP,AP-Coastal,Cotton,Kharif,0.9,Red,936.1,Canal,112149,1,0,80.2,65459,39033,0.6238
FC-009681,UP,UP-Bundelkhand,Rice,Kharif,0.59,Red,823.7,Drip,54664,1,0,65.0,40000,0,0.2711
FC-009682,BR,BR-North,Sugarcane,Kharif,1.33,Alluvial,1103.7,Drip,162116,2,0,79.1,206480,45159,0.1947
FC-009683,UP,UP-Eastern,Wheat,Rabi,1.76,Alluvial,980.5,Tubewell,138286,1,0,60.9,108659,0,0.3323
FC-009684,PB,PB-Doaba,Cotton,Kharif,3.1,Alluvial,595.7,Canal,254634,2,0,85.2,117788,0,0.3743
FC-009685,HR,HR-West,Millet,Kharif,0.39,Alluvial,350.1,Tubewell,43635,2,0,85.7,40000,15523,0.2973
FC-009686,UP,UP-Bundelkhand,Wheat,Rabi,0.2,Alluvial,747.9,Drip,36937,3,0,78.9,40000,5244,0.366
FC-009687,MH,MH-Vidarbha,Pulses,Kharif,0.2,Black,1525.1,Drip,60485,4,0,79.8,40000,68065,0.8256
FC-009688,TN,TN-North,Sugarcane,Kharif,1.17,Red,1180.1,Tubewell,120128,0,0,68.9,166634,65418,0.2531
FC-009689,TG,TG-North,Cotton,Kharif,0.78,Black,899.1,Rainfed,103233,1,0,62.5,46348,2438,0.4792
FC-009690,PB,PB-Doaba,Cotton,Kharif,1.3,Alluvial,583.7,Canal,104191,1,0,82.1,58092,192646,0.7417
FC-009691,UP,UP-Western,Pulses,Rabi,0.39,Alluvial,872.5,Drip,61629,3,1,59.2,40000,150407,0.7853
FC-009692,TG,TG-South,Groundnut,Kharif,0.53,Red,1022.3,Rainfed,81154,3,0,59.5,40000,0,0.5172
FC-009693,MP,MP-Malwa,Wheat,Rabi,1.46,Black,1253.7,Rainfed,98269,3,0,82.2,121323,4075,0.0983
FC-009694,UP,UP-Western,Wheat,Rabi,0.77,Alluvial,1126.8,Canal,64699,0,0,94.9,40000,16931,0.1886
FC-009695,MP,MP-Malwa,Pulses,Kharif,0.62,Black,700.5,Canal,81847,5,0,48.6,40000,0,0.5525
FC-009696,GJ,GJ-Central,Mustard,Rabi,2.03,Sandy,451.4,Tubewell,186365,1,0,74.5,98507,79547,0.6747
FC-009697,GJ,GJ-Saurashtra,Cotton,Kharif,0.54,Sandy,748.8,Drip,62214,1,0,64.3,40000,33651,0.5511
FC-009698,MP,MP-Mahakoshal,Cotton,Kharif,1.2,Alluvial,850.2,Tubewell,126870,1,0,67.8,92543,22489,0.4005
FC-009699,UP,UP-Eastern,Sugarcane,Rabi,0.99,Alluvial,1281.0,Tubewell,113787,3,0,63.7,169670,0,0.2575
FC-009700,UP,UP-Central,Mustard,Rabi,1.3,Alluvial,1016.2,Rainfed,102917,5,0,93.3,40000,0,0.3451
FC-009701,TN,TN-Delta,Rice,Rabi,0.6,Laterite,700.2,Canal,76037,2,0,85.3,40000,54054,0.8114
FC-009702,MH,MH-Western,Sugarcane,Rabi,1.32,Laterite,1197.7,Canal,177788,3,0,62.9,349992,13700,0.098
FC-009703,GJ,GJ-Central,Groundnut,Rabi,0.51,Sandy,760.8,Canal,68846,2,0,80.3,43707,21597,0.299
FC-009704,MH,MH-Konkan,Soybean,Kharif,0.79,Black,413.7,Tubewell,72155,3,0,75.5,40000,70890,0.8268
FC-009705,MP,MP-Bundelkhand,Maize,Kharif,1.5,Red,1155.7,Rainfed,120523,3,0,72.6,46853,13456,0.6155
FC-009706,RJ,RJ-Mewar,Cotton,Kharif,0.81,Alluvial,616.4,Canal,61430,2,0,81.9,46910,36791,0.3458
FC-009707,UP,UP-Central,Rice,Kharif,0.49,Alluvial,1386.0,Canal,43828,2,0,75.1,40000,14266,0.2512
FC-009708,UP,UP-Western,Rice,Rabi,0.77,ClayLoam,1046.8,Rainfed,92765,3,0,69.8,42134,38945,0.5576
FC-009709,GJ,GJ-Saurashtra,Cotton,Kharif,0.67,Red,759.6,Drip,65583,4,0,94.4,51593,93190,0.5195
FC-009710,GJ,GJ-Central,Rice,Kharif,2.3,Black,503.6,Tubewell,137005,4,0,66.6,137802,15282,0.4129
FC-009711,PB,PB-Malwa,Sugarcane,Rabi,1.36,Alluvial,815.7,Rainfed,208160,0,0,60.7,236408,24734,0.2438
FC-009712,TN,TN-South,Soybean,Kharif,0.58,Black,867.6,Rainfed,45700,2,0,76.9,40000,3597,0.149
FC-009713,GJ,GJ-North,Soybean,Kharif,1.04,Black,765.0,Rainfed,65993,3,0,62.0,53427,138868,0.6855
FC-009714,BR,BR-North,Groundnut,Rabi,0.41,Laterite,1102.3,Tubewell,38532,2,0,77.4,40000,7775,0.1819
FC-009715,MP,MP-Malwa,Wheat,Rabi,0.67,ClayLoam,1068.7,Canal,83581,1,0,97.7,40000,4973,0.2393
FC-009716,TG,TG-South,Maize,Rabi,1.17,Red,986.4,Rainfed,70368,1,0,68.8,40000,95152,0.6702
FC-009717,UP,UP-Eastern,Rice,Kharif,1.2,Alluvial,894.0,Tubewell,131043,0,0,100.0,101264,17562,0.1806
FC-009718,TG,TG-North,Cotton,Kharif,4.29,Sandy,757.0,Canal,386874,3,0,63.3,392693,9750,0.1844
FC-009719,AP,AP-Coastal,Groundnut,Kharif,1.03,ClayLoam,864.8,Canal,107966,3,0,56.9,56338,10514,0.4688
FC-009720,UP,UP-Central,Rice,Kharif,1.32,ClayLoam,982.0,Rainfed,78292,6,0,97.9,99921,0,0.1368
FC-009721,BR,BR-North,Rice,Rabi,1.05,Alluvial,1262.4,Rainfed,102325,1,0,76.1,71906,39855,0.414
FC-009722,UP,UP-Western,Mustard,Rabi,0.78,Alluvial,1139.7,Canal,67746,3,0,65.6,40000,91630,0.6627
FC-009723,MH,MH-Marathwada,Pulses,Rabi,3.07,Black,1028.3,Rainfed,168026,1,0,60.0,99272,57153,0.5038
FC-009724,GJ,GJ-South,Millet,Kharif,2.1,Red,674.5,Tubewell,103496,0,0,68.1,40000,61991,0.8086
FC-009725,UP,UP-Central,Wheat,Rabi,1.31,ClayLoam,1442.4,Rainfed,90531,0,0,97.6,52644,6742,0.1911
FC-009726,PB,PB-Majha,Cotton,Kharif,3.39,Alluvial,545.0,Tubewell,293805,3,0,100.0,226346,11754,0.32
FC-009727,BR,BR-North,Maize,Rabi,0.56,Red,1181.9,Rainfed,49659,0,0,91.0,40000,6303,0.3367
FC-009728,BR,BR-North,Groundnut,Rabi,1.29,Alluvial,1040.5,Rainfed,123899,2,0,77.2,58430,16787,0.3748
FC-009729,MH,MH-Western,Sugarcane,Kharif,0.34,Black,734.4,Canal,38603,3,0,56.1,42998,26659,0.2454
FC-009730,TG,TG-South,Maize,Rabi,0.88,Laterite,975.0,Tubewell,55461,2,0,71.6,40000,8567,0.3516
FC-009731,MP,MP-Bundelkhand,Soybean,Kharif,0.8,Red,552.0,Tubewell,94415,1,0,74.1,40000,7251,0.5754
FC-009732,PB,PB-Majha,Wheat,Rabi,0.5,Alluvial,705.1,Drip,72979,3,0,80.0,40000,22259,0.4895
FC-009733,AP,AP-Rayalaseema,Maize,Kharif,1.72,ClayLoam,768.1,Drip,124265,0,0,79.0,61751,41473,0.3402
FC-009734,RJ,RJ-Mewar,Millet,Kharif,0.51,Sandy,495.5,Canal,47730,3,0,96.1,40000,45800,0.3714
FC-009735,KA,KA-North,Rice,Kharif,0.31,Laterite,792.6,Canal,70270,2,0,59.1,40000,7776,0.5912
FC-009736,TN,TN-Delta,Rice,Kharif,0.39,Alluvial,1106.8,Rainfed,52969,2,0,94.3,40000,10868,0.3254
FC-009737,HR,HR-South,Pulses,Kharif,0.66,Alluvial,668.9,Tubewell,68048,4,0,66.2,40000,0,0.3345
FC-009738,BR,BR-North,Wheat,Rabi,0.3,Alluvial,944.6,Canal,62226,2,0,78.8,40000,0,0.2389
FC-009739,RJ,RJ-Marwar,Wheat,Rabi,1.63,Sandy,256.8,Tubewell,98716,4,0,92.0,83467,78310,0.3169
FC-009740,MH,MH-Marathwada,Cotton,Kharif,0.22,ClayLoam,802.8,Rainfed,35598,1,0,69.6,40000,0,0.2772
FC-009741,UP,UP-Bundelkhand,Rice,Rabi,4.29,Alluvial,890.8,Tubewell,347807,1,0,83.1,224941,57225,0.3654
FC-009742,KA,KA-South,Millet,Kharif,1.14,Black,813.0,Tubewell,105074,2,0,85.9,40000,123718,0.859
FC-009743,UP,UP-Western,Wheat,Rabi,1.4,Alluvial,819.2,Rainfed,134282,3,0,73.2,104728,98916,0.5835
FC-009744,UP,UP-Central,Mustard,Rabi,0.91,Alluvial,1071.6,Rainfed,66908,2,0,65.5,40000,29270,0.5629
FC-009745,HR,HR-West,Wheat,Rabi,2.47,Sandy,526.8,Tubewell,143693,5,0,85.5,110786,20891,0.2816
FC-009746,PB,PB-Doaba,Wheat,Rabi,0.3,Sandy,454.7,Tubewell,40047,2,0,68.1,40000,12398,0.2178
FC-009747,MH,MH-Western,Soybean,Kharif,0.55,Black,759.2,Tubewell,47421,1,0,72.7,40000,49734,0.6134
FC-009748,AP,AP-Coastal,Maize,Kharif,2.68,Alluvial,1268.8,Canal,240207,2,0,86.6,119700,5266,0.3265
FC-009749,HR,HR-West,Rice,Kharif,0.6,Alluvial,375.5,Drip,56975,4,1,54.5,40000,268978,0.8439
FC-009750,MH,MH-Marathwada,Rice,Kharif,2.64,Alluvial,1465.4,Tubewell,271838,1,0,48.0,209422,31355,0.228
FC-009751,UP,UP-Bundelkhand,Mustard,Rabi,0.51,Black,848.2,Rainfed,46706,0,0,79.8,40000,0,0.2304
FC-009752,MH,MH-Konkan,Sugarcane,Rabi,2.4,Alluvial,1023.2,Canal,176385,2,0,50.8,243605,192605,0.2267
FC-009753,MH,MH-Marathwada,Pulses,Kharif,2.5,Sandy,706.4,Canal,189392,4,0,63.1,62288,0,0.5748
FC-009754,MP,MP-Mahakoshal,Wheat,Rabi,0.98,Black,651.0,Rainfed,98204,3,0,93.0,44218,5363,0.6918
FC-009755,KA,KA-Coastal,Millet,Kharif,1.23,ClayLoam,1286.2,Rainfed,123412,0,0,71.7,40000,8574,0.6922
FC-009756,MH,MH-Western,Sugarcane,Rabi,3.3,Black,1325.8,Rainfed,281805,1,0,79.6,401388,0,0.2049
FC-009757,HR,HR-South,Maize,Rabi,3.35,Black,578.3,Tubewell,267563,2,0,84.1,164315,0,0.2725
FC-009758,BR,BR-North,Rice,Rabi,0.48,Red,1189.6,Drip,72075,3,0,100.0,40000,11582,0.2333
FC-009759,MH,MH-Marathwada,Rice,Rabi,0.6,Black,861.1,Tubewell,79881,4,0,97.8,40000,0,0.2666
FC-009760,TN,TN-South,Rice,Kharif,2.4,Alluvial,753.0,Drip,230366,1,0,89.8,159901,26997,0.3654
FC-009761,MP,MP-Bundelkhand,Rice,Kharif,0.8,Alluvial,762.5,Rainfed,64141,2,1,65.9,49497,76009,0.8605
FC-009762,GJ,GJ-North,Wheat,Rabi,0.56,Black,848.9,Rainfed,56202,1,0,63.8,40000,51669,0.4812
FC-009763,TG,TG-South,Cotton,Kharif,1.66,Red,595.3,Rainfed,131795,5,0,65.5,145597,9527,0.61
FC-009764,KA,KA-South,Sugarcane,Kharif,2.16,Black,1473.1,Canal,305547,3,0,57.9,427156,0,0.2343
FC-009765,MP,MP-Chambal,Maize,Kharif,1.34,Laterite,1311.5,Drip,137062,3,0,100.0,44154,0,0.5912
FC-009766,KA,KA-Coastal,Sugarcane,Kharif,1.63,Red,1353.3,Rainfed,115302,2,0,100.0,241199,39747,0.1249
FC-009767,MP,MP-Malwa,Millet,Kharif,0.28,Black,910.1,Canal,46982,4,0,82.0,40000,6991,0.2831
FC-009768,PB,PB-Doaba,Maize,Rabi,0.62,Sandy,504.9,Rainfed,59578,2,0,61.7,40000,10498,0.5304
FC-009769,UP,UP-Central,Sugarcane,Rabi,1.3,Alluvial,757.8,Canal,182905,1,0,95.2,194462,52226,0.3627
FC-009770,BR,BR-Gangetic,Cotton,Kharif,1.26,Alluvial,1167.2,Canal,109526,2,0,77.1,63852,6333,0.3783
FC-009771,RJ,RJ-Mewar,Mustard,Rabi,2.48,Alluvial,283.0,Rainfed,222813,2,1,31.9,99099,121284,0.8867
FC-009772,BR,BR-North,Wheat,Rabi,0.64,Alluvial,1279.4,Canal,67384,3,0,87.3,40814,4438,0.3834
FC-009773,KA,KA-Central,Pulses,Rabi,0.43,Red,737.8,Tubewell,73071,5,0,73.0,40000,0,0.5395
FC-009774,BR,BR-North,Rice,Kharif,1.83,Black,792.8,Canal,119720,4,0,96.8,102465,0,0.2939
FC-009775,HR,HR-South,Rice,Kharif,0.95,Alluvial,778.2,Drip,95962,2,0,83.2,40000,20443,0.6553
FC-009776,PB,PB-Doaba,Rice,Rabi,0.89,Sandy,459.4,Tubewell,68009,3,0,84.4,49726,68330,0.5565
FC-009777,AP,AP-Upland,Rice,Rabi,0.85,Alluvial,727.9,Rainfed,94446,0,0,72.3,48975,0,0.6321
FC-009778,AP,AP-Rayalaseema,Soybean,Kharif,1.52,Alluvial,967.3,Canal,143020,7,0,69.1,74628,52173,0.3603
FC-009779,PB,PB-Doaba,Wheat,Rabi,0.86,Sandy,566.0,Tubewell,104702,4,0,63.2,44856,14699,0.4941
FC-009780,MP,MP-Malwa,Cotton,Kharif,0.77,Red,1066.1,Canal,63800,2,0,47.5,40000,249236,0.8438
FC-009781,RJ,RJ-Mewar,Groundnut,Rabi,2.09,Alluvial,561.7,Canal,196260,2,0,58.9,129651,3774,0.2639
FC-009782,HR,HR-South,Maize,Rabi,1.77,Alluvial,565.5,Tubewell,120614,2,0,89.7,114012,154394,0.4297
FC-009783,GJ,GJ-North,Rice,Rabi,0.53,Sandy,586.1,Drip,80850,1,0,76.0,40000,24126,0.5332
FC-009784,KA,KA-Central,Soybean,Kharif,3.15,ClayLoam,1384.0,Rainfed,284627,1,0,77.5,151298,8218,0.2105
FC-009785,TN,TN-Delta,Rice,Rabi,1.42,Laterite,1073.5,Canal,126126,3,1,48.5,57770,157074,0.7946
FC-009786,GJ,GJ-Saurashtra,Groundnut,Rabi,3.19,Black,966.2,Canal,219276,2,0,75.6,125930,7196,0.2965
FC-009787,TG,TG-North,Rice,Rabi,0.89,Black,796.5,Canal,105737,3,0,74.0,41457,25157,0.7117
FC-009788,MP,MP-Mahakoshal,Wheat,Rabi,0.5,Black,478.5,Rainfed,62565,0,0,100.0,40000,47238,0.8014
FC-009789,MH,MH-Vidarbha,Rice,Kharif,1.31,Red,802.4,Drip,100058,4,0,63.2,54277,5151,0.3731
FC-009790,UP,UP-Bundelkhand,Wheat,Rabi,2.24,Alluvial,657.8,Rainfed,159794,1,0,89.0,162416,4080,0.2222
FC-009791,TG,TG-Central,Pulses,Rabi,0.51,Sandy,658.5,Canal,49640,1,0,75.1,40000,6230,0.2193
FC-009792,MP,MP-Bundelkhand,Wheat,Rabi,0.56,Black,760.6,Tubewell,67328,2,0,78.9,40000,0,0.3723
FC-009793,RJ,RJ-Hadoti,Wheat,Rabi,4.55,Sandy,541.1,Tubewell,328456,2,0,73.4,211561,184216,0.3577
FC-009794,PB,PB-Malwa,Rice,Kharif,1.48,Alluvial,601.5,Drip,138117,2,0,79.5,81128,45519,0.4074
FC-009795,TN,TN-South,Maize,Kharif,0.72,Red,920.6,Drip,58673,2,0,63.6,40000,3567,0.327
FC-009796,KA,KA-North,Rice,Kharif,4.4,Black,790.4,Drip,398816,3,0,73.8,249621,0,0.3852
FC-009797,HR,HR-West,Wheat,Rabi,0.59,Alluvial,580.7,Canal,60875,1,0,40.2,43851,0,0.3378
FC-009798,TG,TG-North,Rice,Rabi,0.57,Red,1172.7,Rainfed,44191,4,0,74.3,40000,11072,0.2367
FC-009799,MH,MH-Marathwada,Sugarcane,Rabi,2.09,Alluvial,521.7,Drip,211925,1,0,77.3,343990,79995,0.168
FC-009800,TN,TN-West,Maize,Kharif,1.16,Laterite,692.9,Tubewell,93324,4,0,74.0,52308,20983,0.3245
FC-009801,TN,TN-South,Rice,Rabi,4.09,Alluvial,618.4,Canal,338670,2,0,61.5,307685,11946,0.4368
FC-009802,HR,HR-South,Mustard,Rabi,4.63,Alluvial,577.3,Canal,273855,1,0,84.8,128909,8636,0.4201
FC-009803,BR,BR-South,Wheat,Rabi,0.69,Alluvial,1454.9,Canal,56081,2,0,95.4,40000,25192,0.2367
FC-009804,TG,TG-North,Cotton,Kharif,4.16,Black,1352.9,Rainfed,222320,7,0,65.4,256714,119500,0.2302
FC-009805,TG,TG-South,Rice,Rabi,1.72,ClayLoam,987.1,Tubewell,156272,2,0,100.0,88499,12315,0.3379
FC-009806,MH,MH-Western,Pulses,Rabi,1.41,Black,893.8,Drip,118101,2,0,89.1,44963,0,0.2747
FC-009807,MH,MH-Konkan,Maize,Kharif,0.27,Red,717.0,Drip,40427,1,0,68.5,40000,25392,0.3271
FC-009808,MP,MP-Malwa,Wheat,Rabi,0.91,ClayLoam,1322.4,Canal,98521,1,0,57.8,43388,77835,0.847
FC-009809,TN,TN-West,Rice,Kharif,3.9,Red,708.6,Rainfed,259960,2,0,57.8,147143,60683,0.7738
FC-009810,RJ,RJ-Hadoti,Millet,Kharif,1.27,Alluvial,642.4,Tubewell,109369,3,0,59.9,40000,56787,0.8527
FC-009811,MH,MH-Vidarbha,Rice,Rabi,0.42,Black,1335.2,Tubewell,60211,1,0,92.2,40000,11810,0.2254
FC-009812,MH,MH-Marathwada,Soybean,Kharif,0.5,ClayLoam,1311.1,Canal,71134,0,0,65.4,40000,20881,0.3778
FC-009813,MP,MP-Mahakoshal,Maize,Kharif,0.62,Sandy,751.8,Tubewell,60552,3,0,89.0,40000,52165,0.7028
FC-009814,TN,TN-North,Rice,Kharif,3.7,Red,815.4,Canal,243289,3,0,72.0,181406,18422,0.2767
FC-009815,MH,MH-Konkan,Sugarcane,Kharif,2.78,Red,904.7,Rainfed,193055,1,0,85.2,496822,127980,0.1383
FC-009816,MH,MH-Konkan,Wheat,Rabi,0.65,Black,1124.4,Canal,62645,5,0,70.5,40000,0,0.21
FC-009817,TN,TN-North,Sugarcane,Kharif,1.52,Sandy,961.6,Canal,107796,1,0,67.9,214163,33979,0.1693
FC-009818,HR,HR-West,Maize,Kharif,1.5,Alluvial,563.4,Rainfed,150657,0,0,62.8,49931,8372,0.6561
FC-009819,MP,MP-Chambal,Pulses,Kharif,1.02,Black,858.2,Canal,90145,2,0,68.5,40000,6070,0.3294
FC-009820,RJ,RJ-Shekhawati,Pulses,Kharif,0.55,Red,694.8,Canal,66388,2,0,73.9,40000,30982,0.4762
FC-009821,MP,MP-Chambal,Groundnut,Kharif,0.33,Red,581.5,Drip,54689,2,0,94.7,40000,0,0.1834
FC-009822,AP,AP-Rayalaseema,Rice,Kharif,1.11,ClayLoam,1297.0,Rainfed,90067,0,0,52.4,70568,8088,0.4119
FC-009823,TN,TN-Delta,Rice,Rabi,0.28,Alluvial,934.1,Tubewell,40815,4,0,89.5,40000,33491,0.3991
FC-009824,MP,MP-Mahakoshal,Pulses,Kharif,4.54,Black,1222.8,Rainfed,197963,2,0,67.2,67200,6615,0.715
FC-009825,UP,UP-Central,Rice,Rabi,1.66,Alluvial,1300.6,Tubewell,193041,0,0,87.1,181899,50699,0.2379
FC-009826,MP,MP-Malwa,Soybean,Kharif,0.35,Red,913.8,Rainfed,43108,1,0,73.4,40000,19906,0.4981
FC-009827,MP,MP-Malwa,Maize,Rabi,2.62,Black,909.0,Tubewell,236196,1,0,72.7,94986,10044,0.4489
FC-009828,UP,UP-Western,Rice,Rabi,1.5,Alluvial,768.7,Rainfed,116093,1,0,76.0,84162,115003,0.63
FC-009829,KA,KA-Central,Cotton,Kharif,2.47,Red,874.6,Drip,229208,1,0,91.7,193495,10168,0.2298
FC-009830,UP,UP-Eastern,Wheat,Rabi,0.57,Alluvial,1207.9,Drip,89028,0,0,76.6,48879,56093,0.507
FC-009831,UP,UP-Bundelkhand,Wheat,Rabi,0.56,Alluvial,818.4,Drip,60555,3,0,69.3,46023,85410,0.7628
FC-009832,TN,TN-North,Millet,Kharif,1.38,Alluvial,1195.9,Rainfed,118903,0,0,61.3,40000,96987,0.8941
FC-009833,MH,MH-Konkan,Wheat,Rabi,2.8,Black,1132.1,Rainfed,158807,2,0,98.4,165439,0,0.1217
FC-009834,UP,UP-Eastern,Mustard,Rabi,1.42,Alluvial,684.4,Rainfed,102631,1,0,78.5,61762,292416,0.8172
FC-009835,MP,MP-Malwa,Wheat,Rabi,1.11,Laterite,1128.1,Rainfed,114538,2,0,76.1,109460,53732,0.3121
FC-009836,BR,BR-Gangetic,Pulses,Kharif,0.57,Alluvial,1362.3,Tubewell,65757,3,0,80.1,40000,4551,0.3469
FC-009837,MP,MP-Bundelkhand,Wheat,Rabi,0.91,Red,766.3,Canal,75337,7,0,92.6,51698,10368,0.2209
FC-009838,MP,MP-Mahakoshal,Cotton,Kharif,0.33,Red,1227.8,Rainfed,52138,3,0,58.4,40000,27897,0.3828
FC-009839,BR,BR-North,Wheat,Rabi,0.79,Alluvial,1447.1,Rainfed,90053,2,0,59.8,48583,0,0.4546
FC-009840,KA,KA-North,Millet,Kharif,1.14,Alluvial,1231.6,Rainfed,114849,1,0,72.6,40000,32919,0.6701
FC-009841,TG,TG-South,Rice,Rabi,1.54,Black,860.8,Rainfed,131442,2,0,75.7,86841,11190,0.3184
FC-009842,TG,TG-North,Cotton,Kharif,2.4,Red,859.3,Canal,203612,4,0,62.4,158629,8818,0.3279
FC-009843,HR,HR-West,Wheat,Rabi,1.81,Alluvial,468.8,Tubewell,184019,2,0,69.7,115011,26370,0.3579
FC-009844,AP,AP-Upland,Pulses,Kharif,2.11,Black,978.2,Drip,180277,1,0,59.3,53430,0,0.6705
FC-009845,KA,KA-Coastal,Soybean,Kharif,1.96,Laterite,1440.3,Rainfed,127058,0,1,40.0,45742,164756,0.7975
FC-009846,UP,UP-Eastern,Sugarcane,Rabi,0.62,Alluvial,848.3,Rainfed,60582,3,0,83.3,114697,21288,0.2958
FC-009847,MH,MH-Marathwada,Soybean,Kharif,1.01,Black,954.9,Rainfed,85839,4,0,92.4,69782,11685,0.2248
FC-009848,GJ,GJ-Central,Groundnut,Rabi,2.25,Sandy,923.2,Tubewell,135712,2,1,33.5,40000,6421,0.8465
FC-009849,UP,UP-Bundelkhand,Rice,Rabi,1.8,Alluvial,1062.8,Drip,139796,2,0,73.5,151837,0,0.2277
FC-009850,KA,KA-South,Sugarcane,Rabi,2.19,Red,1722.6,Rainfed,156447,4,0,67.7,390573,39311,0.0682
FC-009851,MH,MH-Western,Sugarcane,Kharif,1.44,Laterite,598.6,Rainfed,153149,1,0,54.8,192640,33971,0.6992
FC-009852,UP,UP-Eastern,Wheat,Rabi,2.06,Alluvial,953.5,Canal,157349,1,0,94.3,118673,39585,0.1654
FC-009853,PB,PB-Majha,Cotton,Kharif,0.55,Alluvial,605.1,Tubewell,67208,1,0,85.6,40000,84662,0.7706
FC-009854,UP,UP-Central,Sugarcane,Rabi,0.52,ClayLoam,1236.5,Canal,66325,3,0,62.9,65293,116095,0.4564
FC-009855,MH,MH-Western,Soybean,Kharif,0.7,Black,932.6,Tubewell,96009,1,0,75.9,40000,0,0.483
FC-009856,UP,UP-Central,Pulses,Rabi,0.74,Alluvial,1097.0,Canal,56978,1,0,86.6,40000,21296,0.3269
FC-009857,BR,BR-Gangetic,Maize,Kharif,2.8,Alluvial,1478.1,Tubewell,219060,3,0,75.8,83074,0,0.5105
FC-009858,UP,UP-Bundelkhand,Wheat,Rabi,0.68,Alluvial,871.8,Canal,90163,4,0,93.9,42061,19506,0.5563
FC-009859,KA,KA-North,Rice,Rabi,4.07,Black,842.0,Tubewell,263806,4,0,100.0,171559,17244,0.3133
FC-009860,UP,UP-Western,Rice,Kharif,0.77,Alluvial,953.4,Tubewell,67682,3,0,54.2,40000,29371,0.5047
FC-009861,GJ,GJ-South,Groundnut,Kharif,0.48,Laterite,1269.9,Drip,54226,1,0,91.5,40000,5649,0.1659
FC-009862,MH,MH-Konkan,Pulses,Kharif,1.09,Black,668.0,Drip,99120,1,0,66.2,40000,39351,0.6815
FC-009863,AP,AP-Upland,Rice,Rabi,1.07,Sandy,1222.8,Rainfed,114497,0,0,100.0,55240,0,0.3014
FC-009864,BR,BR-Gangetic,Rice,Rabi,2.82,ClayLoam,1222.0,Canal,227332,5,0,86.2,107174,24130,0.4887
FC-009865,RJ,RJ-Marwar,Groundnut,Kharif,0.61,Sandy,353.4,Drip,55409,3,0,49.4,40000,52531,0.6493
FC-009866,UP,UP-Eastern,Wheat,Rabi,0.87,Laterite,1045.2,Canal,83973,1,0,75.9,43692,14764,0.2945
FC-009867,TN,TN-West,Millet,Kharif,0.58,ClayLoam,918.5,Drip,61825,1,0,85.5,40000,0,0.2207
FC-009868,TN,TN-North,Millet,Kharif,2.11,Red,696.2,Rainfed,117256,1,1,23.3,40119,31233,0.8564
FC-009869,TG,TG-South,Cotton,Kharif,1.48,ClayLoam,709.3,Tubewell,147457,2,0,33.6,149482,35751,0.533
FC-009870,HR,HR-East,Wheat,Rabi,0.84,Alluvial,647.1,Tubewell,104999,3,0,100.0,40000,0,0.439
FC-009871,TN,TN-Delta,Rice,Rabi,5.03,ClayLoam,878.3,Drip,270845,0,0,84.0,245027,18126,0.1671
FC-009872,UP,UP-Central,Rice,Kharif,1.57,ClayLoam,713.1,Tubewell,104161,4,1,23.6,74138,274661,0.9204
FC-009873,RJ,RJ-Mewar,Cotton,Kharif,0.31,Alluvial,639.9,Canal,52120,1,0,60.0,40000,10164,0.2562
FC-009874,MP,MP-Chambal,Wheat,Rabi,0.98,Red,847.6,Tubewell,122175,2,0,85.3,66250,13251,0.385
FC-009875,UP,UP-Western,Wheat,Rabi,0.82,ClayLoam,1086.5,Rainfed,55341,3,0,80.3,50445,25872,0.2165
FC-009876,TN,TN-West,Soybean,Kharif,1.64,Black,504.9,Canal,162580,2,0,53.0,62829,15050,0.6392
FC-009877,MP,MP-Malwa,Cotton,Kharif,3.9,Black,1294.7,Drip,337624,1,0,99.3,229819,9850,0.2377
FC-009878,PB,PB-Doaba,Mustard,Rabi,2.73,Alluvial,762.6,Drip,133575,2,0,69.1,96096,0,0.1864
FC-009879,MH,MH-Konkan,Soybean,Kharif,0.84,Black,1237.1,Canal,104183,3,0,80.0,40000,0,0.345
FC-009880,MP,MP-Mahakoshal,Mustard,Rabi,2.37,Black,1092.3,Canal,124861,0,0,63.4,126138,18301,0.2066
FC-009881,TN,TN-West,Groundnut,Rabi,0.56,Laterite,1265.6,Drip,45814,1,0,93.1,40000,40827,0.3958
FC-009882,BR,BR-South,Rice,Rabi,3.41,Alluvial,1142.5,Tubewell,210563,3,0,79.8,127830,22221,0.3155
FC-009883,UP,UP-Central,Rice,Kharif,0.39,Alluvial,1053.7,Canal,57273,1,0,91.9,40000,12380,0.2267
FC-009884,TG,TG-North,Rice,Rabi,0.71,Black,1075.4,Drip,56467,3,0,53.9,42849,0,0.3056
FC-009885,PB,PB-Majha,Rice,Kharif,1.12,Alluvial,675.2,Tubewell,123899,3,0,81.8,50083,15752,0.4946
FC-009886,PB,PB-Majha,Wheat,Rabi,0.5,Alluvial,323.2,Canal,70187,3,0,93.6,40000,22778,0.56
FC-009887,TN,TN-West,Rice,Rabi,2.08,Black,650.4,Tubewell,212299,2,0,97.1,150501,17825,0.285
FC-009888,MH,MH-Vidarbha,Cotton,Kharif,1.72,Alluvial,991.5,Canal,170883,1,0,69.6,85692,0,0.3908
FC-009889,BR,BR-South,Sugarcane,Rabi,1.04,Alluvial,1274.2,Rainfed,111469,1,0,76.9,149089,106401,0.1665
FC-009890,UP,UP-Western,Sugarcane,Rabi,0.42,Alluvial,860.6,Tubewell,74984,3,0,59.5,80427,99020,0.6699
FC-009891,GJ,GJ-Saurashtra,Maize,Rabi,0.62,Alluvial,699.5,Tubewell,46243,1,0,80.7,40000,86032,0.6886
FC-009892,MP,MP-Bundelkhand,Pulses,Rabi,3.05,ClayLoam,781.1,Canal,204763,1,0,46.7,113552,35441,0.4041
FC-009893,HR,HR-West,Wheat,Rabi,0.64,Alluvial,668.9,Rainfed,52575,3,0,100.0,40000,38469,0.361
FC-009894,KA,KA-Central,Rice,Kharif,1.39,Black,1538.1,Tubewell,100581,0,0,91.6,87016,85479,0.378
FC-009895,AP,AP-Upland,Rice,Kharif,2.46,Alluvial,932.8,Rainfed,220899,3,0,55.6,114314,30775,0.4561
FC-009896,PB,PB-Majha,Wheat,Rabi,2.17,Alluvial,716.4,Rainfed,123711,2,0,50.1,113490,0,0.1752
FC-009897,UP,UP-Bundelkhand,Wheat,Rabi,4.89,Black,992.4,Canal,381033,1,0,84.4,196883,32700,0.3364
FC-009898,PB,PB-Malwa,Wheat,Rabi,2.6,Sandy,592.1,Canal,204093,2,0,73.0,112806,0,0.2508
FC-009899,UP,UP-Eastern,Maize,Kharif,0.84,Alluvial,997.2,Canal,93776,2,0,66.3,51383,23011,0.5193
FC-009900,UP,UP-Bundelkhand,Sugarcane,Rabi,1.56,Alluvial,905.3,Tubewell,132217,1,0,77.6,267632,0,0.1051
FC-009901,UP,UP-Eastern,Wheat,Rabi,1.31,Alluvial,1052.4,Canal,121047,1,0,88.3,69745,40573,0.3353
FC-009902,HR,HR-East,Wheat,Rabi,4.24,Alluvial,443.1,Tubewell,275893,0,0,84.0,209355,11477,0.2041
FC-009903,MP,MP-Malwa,Rice,Kharif,1.88,Black,755.7,Canal,172069,2,0,68.7,83460,5917,0.5577
FC-009904,UP,UP-Central,Soybean,Kharif,1.59,ClayLoam,971.2,Canal,92958,2,0,79.4,58081,2219,0.2151
FC-009905,AP,AP-Rayalaseema,Millet,Kharif,1.94,Red,831.5,Canal,152958,4,1,51.1,40000,52746,0.8492
FC-009906,PB,PB-Malwa,Wheat,Rabi,4.16,Alluvial,648.2,Drip,233255,2,0,85.3,290140,38226,0.1413
FC-009907,TN,TN-Delta,Rice,Kharif,1.47,Red,769.4,Canal,81059,1,0,70.9,47794,8937,0.3397
FC-009908,GJ,GJ-Central,Cotton,Kharif,1.32,Sandy,764.3,Canal,111272,2,0,81.0,122000,160989,0.3304
FC-009909,TG,TG-Central,Pulses,Kharif,1.04,ClayLoam,597.6,Tubewell,115323,1,1,48.8,40000,37941,0.8604
FC-009910,TN,TN-North,Groundnut,Kharif,0.46,Black,764.2,Canal,47346,4,0,84.8,40000,381685,0.8674
FC-009911,GJ,GJ-South,Rice,Kharif,0.87,Alluvial,1262.7,Drip,99542,3,0,81.8,45194,5643,0.5273
FC-009912,MP,MP-Mahakoshal,Soybean,Kharif,1.65,ClayLoam,1118.0,Drip,129844,3,0,71.5,63796,8279,0.3766
FC-009913,PB,PB-Doaba,Wheat,Rabi,1.31,ClayLoam,716.6,Drip,145548,2,0,41.5,97163,36199,0.4643
FC-009914,MP,MP-Mahakoshal,Cotton,Kharif,0.89,ClayLoam,491.7,Tubewell,65602,2,0,72.8,66754,10962,0.3204
FC-009915,KA,KA-North,Soybean,Kharif,0.62,Black,1018.6,Rainfed,76912,0,0,92.8,40000,4306,0.5754
FC-009916,GJ,GJ-Central,Rice,Kharif,1.38,Black,721.1,Tubewell,87099,2,0,73.0,78893,11985,0.1553
FC-009917,AP,AP-Coastal,Groundnut,Rabi,2.88,Alluvial,1042.2,Canal,199503,3,0,76.6,248636,75856,0.2483
FC-009918,RJ,RJ-Mewar,Mustard,Rabi,1.05,Sandy,679.5,Drip,116985,1,0,42.6,52833,17482,0.5638
FC-009919,MH,MH-Konkan,Cotton,Kharif,1.97,Black,1014.0,Canal,116925,1,0,92.0,48123,15147,0.3879
FC-009920,TN,TN-South,Groundnut,Rabi,2.15,Black,1103.2,Rainfed,175818,2,0,76.6,90101,0,0.2359
FC-009921,MH,MH-Vidarbha,Sugarcane,Kharif,1.57,Red,1018.2,Drip,164038,0,0,97.6,120391,13387,0.1568
FC-009922,RJ,RJ-Mewar,Wheat,Rabi,1.74,Red,486.0,Tubewell,127467,1,0,68.2,86266,129540,0.5951
FC-009923,UP,UP-Eastern,Sugarcane,Kharif,0.55,Alluvial,949.7,Tubewell,54503,3,0,79.3,75817,93955,0.3685
FC-009924,KA,KA-Coastal,Rice,Rabi,1.89,Laterite,1207.7,Canal,117953,0,0,95.0,71930,30256,0.2134
FC-009925,PB,PB-Majha,Rice,Rabi,4.97,Alluvial,770.7,Rainfed,248278,2,0,90.0,215595,0,0.2132
FC-009926,PB,PB-Malwa,Wheat,Rabi,0.53,Alluvial,609.1,Rainfed,70619,1,1,54.2,40000,42766,0.7817
FC-009927,AP,AP-Rayalaseema,Rice,Rabi,1.86,Black,690.2,Canal,151445,3,0,52.4,109706,23486,0.5046
FC-009928,AP,AP-Upland,Pulses,Rabi,3.89,Red,551.5,Tubewell,237108,2,0,96.3,115852,12161,0.2708
FC-009929,MH,MH-Western,Rice,Kharif,1.62,Red,822.4,Rainfed,86993,2,0,89.1,66123,20912,0.3439
FC-009930,MP,MP-Mahakoshal,Wheat,Rabi,1.0,Black,1147.1,Rainfed,71731,0,0,78.8,54754,35998,0.3047
FC-009931,UP,UP-Eastern,Rice,Kharif,1.7,Alluvial,664.0,Rainfed,151411,0,0,67.5,45173,25924,0.8155
FC-009932,MH,MH-Vidarbha,Soybean,Kharif,4.91,Black,758.8,Canal,239791,1,0,76.5,206917,20024,0.3046
FC-009933,RJ,RJ-Hadoti,Cotton,Kharif,2.84,ClayLoam,590.9,Tubewell,174315,1,0,93.6,132394,5591,0.1057
FC-009934,MP,MP-Bundelkhand,Rice,Rabi,0.64,Red,982.5,Rainfed,46896,0,1,47.1,40000,75970,0.8722
FC-009935,UP,UP-Eastern,Rice,Kharif,3.26,Alluvial,809.3,Canal,315057,3,0,64.4,224687,30399,0.4612
FC-009936,UP,UP-Central,Wheat,Rabi,2.63,Alluvial,966.0,Tubewell,136323,3,0,77.0,150059,3761,0.1384
FC-009937,MP,MP-Malwa,Maize,Rabi,0.88,Alluvial,796.0,Tubewell,74840,4,0,51.7,40000,24865,0.6345
FC-009938,MH,MH-Konkan,Wheat,Rabi,1.03,Red,884.1,Tubewell,108405,1,0,67.9,45592,0,0.4012
FC-009939,TG,TG-North,Cotton,Kharif,2.26,Red,718.1,Canal,192316,1,0,78.4,185988,24939,0.2528
FC-009940,UP,UP-Western,Sugarcane,Kharif,0.53,Alluvial,776.5,Tubewell,97629,1,0,97.9,89037,42671,0.304
FC-009941,MH,MH-Vidarbha,Pulses,Kharif,1.17,Black,858.7,Tubewell,114847,6,0,75.8,40000,12266,0.482
FC-009942,BR,BR-South,Maize,Rabi,0.84,Alluvial,1347.3,Tubewell,79123,3,0,75.6,40000,400000,0.7537
FC-009943,MP,MP-Bundelkhand,Cotton,Kharif,1.98,Red,884.7,Canal,196190,0,0,82.0,139395,5404,0.3414
FC-009944,PB,PB-Majha,Wheat,Rabi,1.53,Alluvial,793.7,Tubewell,123029,2,0,69.0,62101,57191,0.4939
FC-009945,GJ,GJ-South,Rice,Kharif,1.0,Alluvial,857.5,Tubewell,110725,5,0,94.0,66739,21530,0.3123
FC-009946,TG,TG-North,Maize,Rabi,4.25,Red,984.8,Canal,324210,4,0,84.9,281343,63465,0.2188
FC-009947,MP,MP-Malwa,Groundnut,Kharif,0.73,Laterite,698.8,Drip,93399,2,0,75.3,40000,109391,0.8811
FC-009948,GJ,GJ-Central,Groundnut,Kharif,1.2,Black,785.0,Drip,77707,1,0,58.4,40000,186688,0.7542
FC-009949,PB,PB-Malwa,Cotton,Kharif,1.27,Red,741.6,Rainfed,144158,2,0,54.7,108598,41658,0.3388
FC-009950,KA,KA-Central,Cotton,Kharif,4.17,Black,1355.6,Rainfed,223016,3,0,75.6,226369,0,0.2393
FC-009951,MP,MP-Bundelkhand,Groundnut,Rabi,1.4,Red,966.5,Tubewell,162867,4,0,71.2,106452,12697,0.2842
FC-009952,UP,UP-Eastern,Rice,Rabi,2.2,ClayLoam,985.7,Tubewell,235820,2,0,76.0,174554,149246,0.6547
FC-009953,HR,HR-East,Wheat,Rabi,2.03,Alluvial,740.7,Tubewell,164546,1,0,88.1,124901,198290,0.5039
FC-009954,GJ,GJ-Saurashtra,Cotton,Kharif,1.22,Black,672.1,Rainfed,88710,1,1,59.2,69805,198431,0.9038
FC-009955,KA,KA-South,Millet,Kharif,0.83,Red,431.5,Rainfed,72071,4,1,30.2,40000,75447,0.8685
FC-009956,BR,BR-South,Pulses,Rabi,4.54,Alluvial,955.0,Rainfed,360876,6,0,71.6,134388,0,0.6355
FC-009957,AP,AP-Coastal,Groundnut,Kharif,0.63,Laterite,898.0,Canal,48011,3,0,78.0,40000,0,0.2925
FC-009958,MP,MP-Bundelkhand,Mustard,Rabi,0.74,Alluvial,1233.7,Rainfed,53900,0,0,86.3,42236,41928,0.4645
FC-009959,GJ,GJ-South,Millet,Kharif,5.02,Alluvial,632.2,Tubewell,314080,1,0,87.5,84740,0,0.5541
FC-009960,UP,UP-Eastern,Rice,Kharif,1.17,Alluvial,921.8,Tubewell,86652,4,0,79.8,96492,112840,0.3815
FC-009961,TG,TG-Central,Cotton,Kharif,1.78,Black,441.0,Rainfed,115375,1,0,66.6,60826,0,0.8163
FC-009962,HR,HR-South,Rice,Kharif,1.29,Alluvial,710.5,Rainfed,123090,1,0,70.5,91882,20826,0.2652
FC-009963,TN,TN-West,Rice,Rabi,1.91,Red,799.2,Tubewell,99243,1,0,92.7,90857,42318,0.3123
FC-009964,TG,TG-Central,Cotton,Kharif,2.92,Black,1057.3,Tubewell,189542,0,0,100.0,175174,12027,0.1622
FC-009965,UP,UP-Eastern,Wheat,Rabi,1.3,Laterite,969.8,Drip,110425,5,0,92.9,75430,121184,0.5295
FC-009966,MH,MH-Western,Pulses,Rabi,4.1,Black,931.4,Drip,308422,2,0,91.3,227905,83772,0.2231
FC-009967,MH,MH-Western,Soybean,Kharif,1.07,Laterite,1495.6,Drip,113767,3,0,96.9,55759,49768,0.4368
FC-009968,MH,MH-Konkan,Soybean,Kharif,1.74,Black,879.9,Tubewell,131206,1,0,89.2,112775,60737,0.2896
FC-009969,BR,BR-Gangetic,Rice,Rabi,1.72,Alluvial,1343.4,Rainfed,141098,4,0,99.8,124542,17174,0.188
FC-009970,PB,PB-Malwa,Wheat,Rabi,2.7,ClayLoam,787.2,Drip,192645,0,0,86.4,213650,0,0.0989
FC-009971,GJ,GJ-South,Cotton,Kharif,0.39,Sandy,963.1,Canal,50368,0,0,49.7,40000,22378,0.4418
FC-009972,TG,TG-South,Soybean,Kharif,1.61,Red,894.0,Tubewell,96634,2,0,97.2,54466,15308,0.4537
FC-009973,PB,PB-Doaba,Wheat,Rabi,2.36,Alluvial,604.4,Drip,166066,0,0,69.8,141654,23970,0.2227
FC-009974,PB,PB-Majha,Sugarcane,Kharif,0.63,Alluvial,762.0,Tubewell,67638,1,0,54.0,113565,0,0.365
FC-009975,TN,TN-Delta,Cotton,Kharif,1.47,Black,1003.1,Canal,157943,0,0,94.0,150118,0,0.1255
FC-009976,MP,MP-Chambal,Wheat,Rabi,0.86,Red,1213.3,Rainfed,55463,1,0,82.1,44742,38146,0.3575
FC-009977,UP,UP-Western,Mustard,Rabi,0.48,Sandy,1065.2,Canal,63685,3,0,73.9,40000,8192,0.2972
FC-009978,PB,PB-Majha,Wheat,Rabi,1.73,Alluvial,758.4,Drip,114428,3,0,78.5,89623,17132,0.2478
FC-009979,UP,UP-Eastern,Maize,Kharif,1.52,Alluvial,814.8,Tubewell,150978,2,0,84.3,85604,54973,0.344
FC-009980,PB,PB-Malwa,Rice,Rabi,3.41,Alluvial,703.9,Tubewell,197262,1,0,82.7,180480,4454,0.2255
FC-009981,GJ,GJ-Central,Rice,Kharif,0.77,Alluvial,551.9,Rainfed,96264,4,0,90.4,40000,0,0.6288
FC-009982,MP,MP-Malwa,Soybean,Kharif,0.85,Red,1340.7,Rainfed,94707,1,1,67.2,44356,78297,0.8768
FC-009983,RJ,RJ-Marwar,Groundnut,Kharif,1.47,Alluvial,381.6,Drip,154057,0,0,100.0,63903,0,0.2559
FC-009984,UP,UP-Eastern,Mustard,Rabi,3.29,Black,1277.9,Rainfed,158174,5,0,76.3,132233,112932,0.2651
FC-009985,HR,HR-East,Rice,Rabi,0.33,Alluvial,514.5,Tubewell,47188,1,0,82.1,40000,0,0.2815
FC-009986,HR,HR-West,Rice,Rabi,3.35,Alluvial,493.6,Rainfed,232109,2,0,69.7,199795,37523,0.3291
FC-009987,PB,PB-Malwa,Wheat,Rabi,0.26,Sandy,679.9,Tubewell,40571,2,0,91.5,40000,0,0.1408
FC-009988,RJ,RJ-Hadoti,Maize,Kharif,0.64,Black,410.1,Drip,72871,3,0,72.0,40000,187664,0.7607
FC-009989,RJ,RJ-Shekhawati,Groundnut,Kharif,0.68,Sandy,414.8,Tubewell,93176,2,0,87.9,40000,78555,0.8255
FC-009990,PB,PB-Malwa,Wheat,Rabi,2.46,Alluvial,730.8,Tubewell,199674,1,0,84.8,141435,37393,0.2192
FC-009991,TN,TN-West,Pulses,Rabi,2.72,Black,998.8,Rainfed,132984,2,1,49.3,42527,24114,0.7998
FC-009992,GJ,GJ-South,Rice,Rabi,0.77,Alluvial,1067.7,Rainfed,92648,1,0,55.2,53533,49673,0.5261
FC-009993,UP,UP-Eastern,Maize,Rabi,2.63,Alluvial,925.8,Canal,262020,0,0,83.5,152642,120028,0.5116
FC-009994,HR,HR-West,Wheat,Rabi,1.05,Alluvial,696.0,Canal,114853,1,1,30.4,66987,400000,0.8415
FC-009995,GJ,GJ-Saurashtra,Maize,Kharif,0.42,Sandy,479.8,Tubewell,65361,1,0,72.4,40000,26012,0.5278
FC-009996,MP,MP-Mahakoshal,Rice,Rabi,0.98,Red,1255.9,Canal,111978,1,0,95.2,88178,25651,0.2247
FC-009997,UP,UP-Western,Pulses,Kharif,0.4,Alluvial,1266.9,Rainfed,58499,1,0,73.9,40000,26429,0.4858
FC-009998,RJ,RJ-Mewar,Groundnut,Rabi,1.58,ClayLoam,402.8,Tubewell,143878,1,0,83.5,56834,45433,0.5095
FC-009999,MH,MH-Marathwada,Soybean,Kharif,1.02,Laterite,1018.2,Drip,60019,3,0,100.0,40000,11055,0.1884
FC-010000,GJ,GJ-Central,Groundnut,Kharif,1.08,Black,871.3,Canal,88887,0,0,90.4,60209,0,0.1538
